video_id,SUM(comment_count)
zzVFyVNgtsc,3723
ZzStPviPY90,43913
ZZoF-ZHERTY,2489
zZb4egM02RI,116
zZ9cPmJ_v4w,36038
ZZ6ZhLQJ9tk,1777
zz2vrPorALM,1526
zY8BXo688Gc,162
ZY1BFv8qEeM,296
zy_df28N7WE,4036
zXXxZmwpPnc,1037
zxwfDlhJIpw,1354948
zXQkZFTXT0I,1295
zX9fw8z1lr8,3004
zWxZmLxBd2k,181
zWwcUXx5jOU,13
ZWvYYkbgj4k,122
ZWrkOm98VWY,2999
Zwmri1KqBLA,1682
ZWHCG4Q-kL4,2426
zWenJ272G1A,76
ZweA4WKNBTQ,650
Zw3tdbnK0d0,153
ZVRtKPbZoww,765
ZVM_V18Tz1s,5439
ZvKS6Gxx5sE,855
zvFQWPEuNJA,3778
zVEnDaoVZr4,48
Zv7mc3TygO4,2286340
ZUV53Nn3PhA,7248
z-uUOFG59XA,2564
ZUSPD9zOyJs,120030
ZUs4JxQJAv0,1223
ZUmof5JNCVI,1824
ZuiutGVyN_k,1163
zuGhEnkK3W4,827
zuFbluehZas,533
zu9qSzGLU_Q,0
Zu8_7P0DJg0,2316
ZTvWnLhUdD0,201
ZTQi1Wxz-sU,950
ZTPzw_-XqgY,2224
zTJsOjFbkuY,1382
ZTFTngOG2bg,7783
Ztel4Tuq_Gc,8509
zTB-wzW54uE,1
Zt8aq-TOk8I,394
ZT0CCaKDxjg,130056
ZsptW6Yllyc,1176
zsNUE5lLuOc,46748
zSCCVLkoLDo,197
zrUl5WgyquY,803
zrHecEkbcDs,2010
ZR47jsUqUzo,91153
ZQ-YX-5bAs0,23911
ZqVLeJD8qJI,1863
ZpyXA_-nK0I,233
ZpQ4Xl_v2LY,381
z-PnNfgIpgg,3176
ZOyY4394fjo,493
zOrhGrrY6Ps,17
zoPh4FowdAc,16
z-OfSrA7-QY,2450
Zo9rgbn0SMs,33455
znz5h9-s764,1038
ZnvGy6pcGxs,1276
ZNsvGhLM42c,378
zNqUptqx3bY,5385
zN0r2Yn-UvQ,700
ZmPpYKwhewQ,612
ZmD9RkCJgDI,4926
ZLuf8cIAUyA,7568
ZKxW5-HFcv4,52
zkWs4FyokTM,514
ZKw1m2yr6Wk,9598
zKUtYpUsjjg,923
ZKTRV4Gq70o,1938
ZKo50h9bJEw,304
zKMtceLC3dc,489
zKM_EqqJOYc,43
ZKD5f6yaoiQ,1229
ZJs7DoAVQbk,4344
ZJ-aGc4hIqg,1113
ZITBtrVQ-uw,42
ZIRVA_o1Q3k,157
zipJK1Werks,15
zIkbHeQx3kI,264
zhousYMIpYY,1507
ZHnSPxiOt2E,1346
zhIg2ou0W_M,805
ZhEz1cvC1rc,530327
ZHBYGpAlNog,56542
zH5v0rJeAYY,1485
zgmTj5rPy5w,2058
zGiD886UkBE,7209
ZGFbwB0A_8I,7880
zg4Xg7_u3sE,1863
Zg_IUJwgvTE,151
ZfUyn42jeqk,8816
zfuiv0GS2yw,1638
zFGDD_Iv2kQ,357
zFFV2Gr8LYo,1423
ZFePlZ0de98,0
zfeN12n3fxk,61368
ZExPIqL8goI,700
zetsrXQDlOo,1164
ZesdOBb8b7Q,7
zeP9SVp2ui0,937
ZEkImgh--PE,329497
zei8TK7bhU8,209
ZEDNXm-oGCg,5689
zE8YrZPrf4U,40
Ze79TNTf-Dk,301
zdyU4TKSMus,1391
ZdLfErCdykY,3150
ZddIRXUIiFs,161
ZD8Lj8SfvAI,12409
zD3FfY7HJ8s,353
zcg58MB04GI,2846
ZCEgDAYzyRw,45884
zcEE8J2Bqa8,20609
z-bXxHMbi1Q,1425
Zbw9d9avy6Q,13962
ZBJqnZy4qks,643
ZBiYn0l47XQ,5950
zb_lcTj81AQ,4102
ZATa3PgnyYI,2680
zAL96HHV5to,25
zAbsICypApU,729
za0qXbofvc0,118515
z9ZGgJ4EjPk,114
z9rzlLXjzPs,840
z9dyFBQl9Oc,342
z8ynZbOPPGo,22037
z8bWdO9O1KI,4
z6RzpMajwC4,2541
z6lgH0paRvI,18
Z6jagREDl7k,464
z6A2LHGx8_A,31395
z5DZcK8bkhA,0
Z5B_uu9BH44,7
z3SQYfO0PC0,206
z3i5B53LAo8,4148
z3dde74JoOw,29
Z32UcJG7JNk,423
Z2qDe0n_XBM,5869
Z2qCAESvvKc,0
z2mXRtgLFHY,479
z2INxVZzUb4,553
z2FyAvKZ2Zc,569
z23zFQnaBHg,4044
Z0z3VxZX6js,1158
Z0IMCK81Ffg,66
z0DEnq9MGZY,5061
z08WBje5-G8,156
Z_T5FAZjMEI,1635
z_M_2yBf824,4871
z_g7JHlVqMs,7856
yZUULyCqpM4,569
yZsP86SFwSA,126
Yz-nc9JCZqg,32
YZFmM4uACZs,21
Yz_VzJ4_OOo,7127
YyWQyvGK32s,22
YywJykbEllU,39983
yyvm8-r-LXY,548
yYMafWOKdxw,5420
YYimlrucN4s,1156
YYIlweA54GE,39
YXiHNcJXGUo,492
yX5Euau_cAQ,13
ywVswK6jjjY,28
YwurW_xEOtQ,1
YwTKw76_wPc,955
yWJkC-ycLUM,3591
YWhj5xe9rr0,769
YwE7Jlo-_iY,423
YW4GutWsDpg,3436
Yw1YElm1ZeQ,487
yVY7yBl6UEA,177
YvTwcX5G8NU,221
YVqBsBijp5o,177
yVJtCkKYD3k,1275
YvjhDjUbFyU,15581
yv8-LNajsNQ,11380
YUWq_aBiE_s,6056
yUTzmkHAMp8,710
YuousNckevI,94
YUKUJ544cG0,520
yuDGcDygadM,739
YuCT2r5ALA0,241
yUA9u0vpcx8,82
ytwq9M1Mq8E,17293
YtcBorVkWFk,928
yTaKCv2ctEU,14
yt4dgXqv7AI,27
ystnJR6XU40,48
ySkGRS1Upyo,10751
YSKF1Ka-qIc,3811
YS6LmEFLhU0,11255
yrPvX1qP7BM,1214
YRcxUFxmU1k,170
Yrb1dPbaeJw,3121
Y-R3QdTGeLg,1312
yR0EaFyoUSI,26
yQyj7CAGmA0,1687
yPUjtxbbowc,214
YpU0y6TMGSU,16234
YpTJXflann8,1677
YpphKzmDiJM,3610
yP5wBzf46mI,255
YP18Zg9OzN4,17569
YOqmEdoIf7w,2168
yoJBr4iOY3Q,2700
yOHtg7u-sAc,523
YoEdgiT9rTU,17226
yO9snUMvRuU,145806
Yo8BnaR4xXY,171
yO0v_JqxFmQ,654
Yo0RvZZz_ds,21250
YNrrVzdaZ1s,41
ynNdF2L8rp4,37
ynh63MF7-1g,813
ymzhTiAMeWo,315
yMxJ7ZCd5eg,674
yMxFdLEnl40,3486
ymQAkH7B43Q,13281
YLWXjD30SaI,910
ylo5lQNN_4g,79
yLLA7xV0xqM,5
Ylfd1SZnoUA,2792
ykzxD3sHaoc,1437
YksEs2X1p5o,0
yko-YmuDm7E,359
YKkp4jZlIfQ,42812
YKISULHWs3k,426
YKdmbiGuKw4,10731
Y-KArUvOdD8,1952
yjif7HoQCZM,6269
yJFq4HV-MGQ,2072
YjF63t7KFns,123
yjBfVSNhl-Y,40
yIzauqLGULQ,277
Yiq8YjQC6Rw,57475
y-INHA1k0Z8,522
YI6Mu4MDJOA,577
YHYs47eqASw,26
yHIpYDPbOho,4925
YhINec4cH38,395
YgYkjLwtBME,779
yGxXUGyG6tw,157
ygv6qrhNEUY,1579
yGlp6XDmQmk,125
YgGpPlDWbTg,18
YGE6MBSNHZA,1545
YG32KvBtt90,1839
yFzqP-uGtrU,1297
YFZh96qUGgY,2921
yf1VY1ZiPmI,4444
YEIozlOEg08,529
yECl6SZnGO4,355
ye6gt_N7nxE,2231
YdW13DCWCMI,478
ydRw4zylmbw,387
yd-Jw_Bpzyw,1931
Y-dJQsFJZM8,195
yDiXQl7grPQ,2252819
yDiAmrGKsyE,7
yDADpXNtEXg,99
yd6tztK-mto,3818
yCxwmH3psxg,6239
ycTmoIlN9gc,927
ycS6LjhZHdE,582
YCLIiHrB6es,221
Yc0Y_TlIqt0,39
YbEos2H8Fww,151
YbdGnEFwC0Q,1902
yBcifGXcBM4,1572
Yb6FFDhojC0,592
YAxeiSjdzi4,695
yaUtEtZD8eg,0
YAPrfEb024Y,730
YaNA0kOIn1c,803
YAKx026WMKw,41
Y9Ais-iC66M,8383
Y8qh1yEvFnQ,64
y82iFW1fzpY,186
y7wXRm3sTBo,341
Y7vCNXMGV5A,219
Y7kWD6HPPDo,89
y6tXWVqD6r4,37
Y6KIfWMYf1w,1893
Y6HQ0LiU9As,681
Y5kG6zKtRqA,0
Y5HSR_gUS6E,7097
Y4jDso266mc,3445
Y4bt9wY6Zo0,35
y4a_tk8cn14,195
Y40jVN8qHYE,21
Y3SIEH08KXc,23
y3SFD9QIoXA,3842
Y3QevFGy7u4,106
y3in3RdlCGY,966
Y3Fw-xEFSVA,5691
Y3BA-O0dNH0,169
Y33PA_mHTHk,185
y2I4sX6ji7c,80
y06RDyNXqbM,388048
y05LR8KHW5M,6267
xZZStZFIXro,80
XzzQL96yAwE,33678
xzsGcpg5Yms,4420
XZk9iwEcV7E,26
xzHJ2aZR6e4,68003
XzByC_5nK_4,1933
xyVPB4F7iSk,19
XYQmNB9FMcE,17
xYJK5wnph0w,848
XyAM21eOpQM,1362
XY-7RvHaWWI,2352
xy-2h251MxE,201
XxJ1COauXbQ,1986
Xx1wnRxktPc,2469
xWRffppwE1A,620
xwkt-a__zZw,23509
xwC9Ctiuje8,143
xVU8nEIsapY,29656
XvpGvVR1D0w,3107
xVGRDPxlS7k,54652
xVg8i92ff_o,8549
xVbbbLMq_M4,0
xVAhI-vWgvo,1933
xVa1jRRne8Q,2245
XuWHYMDI_UQ,15242
XUwe8LfoyDg,6082
XuJxAaj67q8,12
xU6OqBKQfr8,68
XU69_u7eXa0,6440
XTWXNMOGl08,5411
xTrwT0jSUg0,2638
xTQFTBnaQ_c,31
xTl5WXsxntw,54
XtdVR2_DTNw,15
XT5cvmjIzfA,439
XSrfg0H7liA,704
xSqYaWxGc1U,250
xsI7Dtcp5Rs,39
xsdLXZkforI,2379
xrYD8jazbHI,13
xrt1FUB5i4s,24400
xrMfUeOPWto,63475
xrd5ZcUQEEo,9621
xR8EXsz3wTU,112
Xr2UE5SQCIU,88024
Xr2rgT9uEnA,66821
x-R19oA1m8w,11854
xR16ohPZBq4,226
XqvDY9u6wn8,31630
Xqrv6skU8Ow,981
xqLVCuZnhrQ,846
XQl-r-c7QeY,1826
xqj7XOv9mC8,1188
xptpXSTtgSY,2279
xpK4tK4DenY,216
XPGuDx6RDlk,919
XP-Enanb4vU,8
XpdB27CKP6o,128
xPbU8LEK-sY,2
XP09AOI1Sbo,11872
XOw5pEPa3A8,153
xO5Onm-ERgs,33
Xo3wJWEPJho,157
XNUI8dRdviM,8598
XNqdFxwtuo4,17324
XnKqnoUsl1M,66
xNkLDa3_nnk,83372
XnAE57_944o,418
Xn1L9pvk6sE,1831
XN1e8y_ItJw,2931
xmXMKlLc9Qc,0
X-MrVZQ0tSU,2498
XMordBAJAas,437
xMnNQOgeWJ0,1352
XMIc4uTAMh0,775
Xm9UiMtG1Q4,1427
XlSP9-zxT8A,1556
xLawz89yKP8,339
XkGTE4WMMko,17496
XjzmHWmW6eA,675
XJZLDhvZ75w,39
xjxkJmc-fcI,1601
XjpA3mSBhdc,43
xjFZvMFZaBY,2519
XJ3LRqgn7BA,149
xj2DI-RJon4,4
xIZYxqqpjJQ,3895
XISuk-bqCkc,6192
xIQp3KeDmwU,6661
xiowTm5Tnkg,11
XILug7SKMVM,666
xihHtHv4jQo,86
xhyrGhWZZME,663
xHliB3zbdLc,37
Xh_lMDomkig,137
xGnzflm9Cm4,39
XGM3TX3g3IQ,2089
XgBhN2WHnHg,651
XG3KzYPxnp8,47
xfwOlwiWggs,47
Xfq-WttsRDk,1830
XfQDgbrZvSw,810
XfIBGkI5eHM,430
xffS8n-M0Jg,122064
xF4VdBmHxJY,20
xf4iv4ic70M,20511
XF4_DvnNeCQ,17080
xeWMCxWJQ-I,1366
XE-TLvYGcoI,1546
X-eRc9PF3TU,2946
Xen6LIywN8A,4732
XekDeXbRSQw,4434
XE2J9bw52RI,10793
xDsMX18qSfE,16538
XdgqqFw57X8,2391
xdGI_JTV9_8,127
xDc_LoTMEL4,1144
xda5VESj6eM,2427
XD0lxNiZ7mE,38531
xCY9B8POq3A,21927
xclwGLpnbUc,252
xcGIcsI7g3I,4963
xc9bCfBkZ0A,3307
xC9-30wl1cg,2762
XbNu0Y-62Zg,225
xBiB4CIq9FE,36219
xB2Ux2Gw57g,1685
xAXh7vSmjRk,1645
XASMbPHl8bY,72
XaKDp3ijSx0,418771
XahosSIg4a4,1747
xaAOiTF-EFY,26889
X9U4hBXox78,3270
X9PumbEyKBM,269
x9OU0ektHxM,139
x9e_8zRuuO8,16048
x9d6ifFMnc0,196
X8XQctyv4dY,5617
x8hOuTpzE8o,416
X8fNNCdJvy4,4
x8DZN8f8bDs,1034
X7oHkpVh11c,74
x7HzXlEGaMo,636
X6mnt4p6Yt8,29
X6L453knWew,108
x5o9OP9boz0,6401
x4AQvgq1fdk,1079
X43XCZDt_6c,183
x3zQELlrY6A,58579
x374_Z9P9vU,9004
x2tpb-eX1t0,9
x2l75JEuxcA,1838
x2KAYep8FwI,78454
x24fLYekCGY,257
X206QAHkMrs,55
X1VzzNbfPaM,13801
x1l-HRvwnB4,12682
X1jKI9o4JDw,860
X0YytGqn7Xs,1842
X-0va7KHiJ0,148
x0uaEP43I6M,3589
X_juUdYzngc,471
x_joMJBrT34,282951
X_9LCZPLhrU,2979
X_8fe8zDtWU,12
x_2VMcH3uJg,3438
WZuerkwFuPs,2104
wZmJonaeWDg,270
wz8n7C3-1UI,313
WZ0iTIUN5lU,6734
wZ_hSHMR6Aw,186
WYz2XvKkDRI,0
wYkpWoBpDqo,1557
wYk2i070I2I,3228
WYfFeh6OqWI,71
W-YBRFtG_jA,34
wy9JRkTxP4I,12
WXTNngJsBrI,13236
wXqIjmcED0I,21239
WxOPVl3MXAc,501
wXLqyfkZpvM,12806
wxe8weq5RtU,6608
wXbsQ0e2awY,6654
wxBB5XjeGpI,1373
WWTD3XduKSY,503
WwRwTfI8zv4,1723
wwQ-HpqL-mQ,57
wwgjiyXxz1o,281
WWcONJxujrY,4
wW5-QYmoCgU,15780
wvUNULrsoTg,375
Wvj3p33uNi4,40
WVHbHzGDs7Q,26627
wvDY67r79MI,488
wVbjNY7H8lk,2133
Wuxsytdh85g,7861
wULeXeQkqd0,5347
wu5CY5wlmKQ,69
WtPXEAnhYKE,3218
WtOYB2_3EQk,92
wtItjwLSEU0,2050
Wt2b3VGI-j8,162
WT0mbNvaT6Y,2445
wT_yPn3LfNA,84645
wsYx4Jr8d54,8020
wswvNZveNHc,92963
Wsqcudm7lP0,9493
WsOa5zeryMU,2798
wR9LmDVDZHQ,153
wqsu0vtxQWY,423
WQnOSr7F2Ek,51
WQkV0PTcXNA,201
wQIyyxjA8mk,842
WQC-8YjPSD0,323
WPZfIKy7LWo,65973
Wpm07-BGJnE,2296938
wOteLmvdQzY,1742
WosJ9fb6Hh0,528
WO5s0HXcqr8,148072
WO3SVo9FkpM,105
WnWRaKTkIWo,63
wNovUNlApko,1689
WnL9XMYo_uM,1234
Wni0G6JMR60,289
WNBGpr7X-s8,62
wNb275Ev8dQ,5630
Wn_wFAzwFKk,51
WmYqDI0HF4I,6216
WmYdrTA1m8E,223
WmJDpZyVpzs,1924
WMgPEkkgZsg,327
wm5fj77R8aI,4561
wM0FTIMAu8M,1614
WM_RWCsw5K4,567
WlU6RRmqrsg,513
WLqdzozwSVo,867
Wlj9mVFS_9I,1170
wLgH8oMKz3E,191
wl1Zw7T43TY,163
WKOQQJvmPnY,545
WKEGJQWx5yY,22007
WjPbuXbFej8,9598
wjj2upnfBI0,102646
WjeZ4SOI5Qs,4718
wjAgI6Zr04g,62
WJ9lMV8UnSo,1219
WJ0McnuNDmU,1019
WIZ-vjibow4,2775
WIV3xNz8NoM,126456
WIrNRPVpkOQ,496
wIFlXhEO1UU,6626
WhZxheIcNDc,227
whz9bafVvFE,1457
wHmXwcAOnoM,6649
wh3kU4C_HCA,2630
wgW2z_wXyOA,9401
wGV1Gl18rT0,786
WgQaoK9OKjw,390
wGOjfYzw8Vg,200
wGDPML1X5v0,192
W-FqE81rhqA,879
wfMan8d5240,159
WFCanKYtmIU,23933
wfbATXDoX-s,0
wF0T4ipGDdo,3280
WEZEatnrXAE,71
WeX5VO0aXS0,1264
WeujyMmfJvk,174
wEPxoVe-i9s,0
wEmetHs9mWI,186
WemDKlmMAIs,475
wEKIAHrugZ4,0
weebcQPRGUE,3832
we5djgQwK9w,337687
WDnzcWOD4xU,4462
WdNfcn2a1PE,14
wDl6MlgL8PM,15328
Wdgb720PYII,555
WdFrQjwSSgg,271
Wd69L0vmaOQ,331
WCAbXg_4Xq0,52683
wBzlX0ltgOo,8622
WBxwX1myxqc,3923
wbxqYKrYkqo,2970
WbQUT3vNUtE,6170
WbgIREVg2JU,36115
WapBwuNtUzQ,1395398
wamF2KUQKLA,1804
w-af5CT0BNg,1601
WACO9TqZEh0,20319
wA6_Z2X-ut8,1001
wa5eXqjEewE,30837
-W8YzbgV-7I,1790
W86CyDBrDjE,10978
W7Y7Dln8LGE,1330
W7oeROkyPgs,15290
w6ZxTzPDn_k,1430
W6E_Pjayhl8,1311
w6_Gx9Xx6OE,164
W5qRRqp10y0,8380
w4Q7AQkodnw,24
w47K7RqVcf4,295
W3U9DH_kBNg,1030
W3D-rS-H-kU,37536
w2QTDd1sT1E,70171
W2bov6kY7ko,67
W1QE7yxiZp0,21482
W1Efx7O7uPA,116
W16tAWU4hdM,902
W0RuIZDMBf0,0
w03JoE3K2pA,51
W-__fOAUomc,198
VZsBRynPXHY,13575
vzOSvIlyoeo,19
VZk9jdU7NSQ,3759
VzaOlaYyCmw,693
VZ9jScsNtrQ,36
vYXl81Ctwys,198
vyqCSzFZyXg,10260
vypp5DF-Rvw,280
VYPoUFKV6BM,3224
vyFPQYtL8CM,19
VYFdu7Xo5Uc,947
VYcxF5mHT40,264
vYb4_ARPNfo,3153
Vy7NiUfzBTM,170
vxlXOhEE0r8,25551
vwTPlIGfoIY,4590
vWJI5ck0hDQ,12
vWCvoBw9akA,78
Vw57GN-ALqE,164
vVwaYo-sxrU,243
vVRKRI1YyKM,140
vVoEgYAkniI,957
VviGG5JlvXU,869
vvEUSUVk2kI,6649
VVCEzCNXLVY,1929
vUTI4bPdlgE,1652688
VUrSxS4oihY,52
VuLc8D-e1pA,20
VUJLOlGN1TE,3768
VUiqCH48ztg,1122
vUcX6wBPqCQ,1784
VtV4nNeZlO4,833
Vtq1eQEPxII,16990
VtoG2LTugpA,4110
vtL4d4LHI90,26442
vtDE1zPmzOA,51
VTB_mOAV4IE,372
vT3FX2paY8k,235
vT_IlY0A4_0,479
vsup38R_c3g,147
vSKEcHoouyA,8938
vRYGnP8NdVA,2320
vrniSczvTjQ,35
vQmHWr9fS80,672
VqlHBjX5deM,6926
vqL4HWSsdrE,7115
VqgbfZQ-hCE,76
vpZqM6fThdU,758
VPu7ngulnhM,6755
vpTrUNTUjnU,6845
vpolH70lJy0,414
vPj0qzPiMhA,952
vP9IoJZx3DE,494
vP0MsZf6nEA,17713
VoYLwjHSQAo,11266
voszpcDJccM,329
VopB3HnOJQQ,19468
voJaBszuk2Q,954
vOHPXy3UXJY,7040
voG07pt-KYI,251688
Vo9EGHNAtww,548
Vnsy7nc9rG8,14
vnnZ7Hc34Vw,639
vmw8sauZDos,124
vMQYhSwQZWA,497
VMmdeMzXKMI,10645
vMJoz3xr4EI,690
vMHtAVW4ayE,7079
VM-g_bkFdzo,19119
vMDwGkX3mAg,494
vmbjMq4SE8w,221
Vm5vWpeZ1U4,201
vlPfQ3Rk3qY,273
vLO5lMmv3w4,5984
vL4kUEGKlq4,619
VL_yKtzIADE,311
vkNyV5QRy-U,56
Vk6hYdH7ug8,538
Vk2691PlKV4,3136
vjSohj-Iclc,238629
vjI4Alon-3Q,1060156
vJBUJBS78rs,29
vIxs3A0y47c,7539
viLHYoJSIJs,1104
vijZ__dICG0,1064
ViEZJa1JNjE,3684
vi3md3564pk,2042
vI1jSBrkAuQ,655
VHWu6JvzrJs,1762
VHuaRxpx4wU,933
vGJ0-ZiJlYw,1932
vG4qJW4-CH4,2235
VFZJS4mvvLI,83
vfsnozjzJ9I,35
vFsFp46YiEs,1476
vFKQ7GflRkk,9340
VfbCi_7L7v0,2969
VF4VJ0VgJsI,16
vF3y1_r-mwA,1051
VEpP_HWSvKs,1189
vEpHibZWtgI,227
VEOCvt1AzC4,903
veM423POiU8,9770
Vdo1yz6Y8Qc,16006
VDhHa4X9m-Q,14
vD7bmadZb24,3068
vD0ww9hfTpw,970
VCru0f128ic,547
vcKPjDUc5EQ,5457
vC-7ccIsBWQ,92
vbJhhhc-DXM,150
VbHZG10ZjmU,18750
vBdw8EpCgQY,12
VbAYGsxN7EA,5086
vbaDqD_eBug,1011
vb97DrNDSfM,30076
vAuO3bHxSpc,232563
vaHfroquhJU,2059
VAFUK1mR-vs,3271
Va6603ZAWBk,34
v9EUmHHhe5Q,440
V8nLCDRyHWM,6
v7zEZ481L1U,578
V7iUoq9PZf8,1598
v7H_Or9Nr5I,140967
v6yg4ImnYwA,611565
V6ElE2xs48c,31251
V6C8DUQtD54,85
V6_lJjSUsvk,0
v5wiOmKpQk0,42
v5OTAJg7lk0,66
v4AprNac91E,293
v3fvyCzRqfg,1268
v361JdoODOk,33
V2maVleg9Ik,73
V2J_VLSvUz0,5
v20CtqLLWi8,5
V1sADbhm5xE,7619
v1pN6cj8TuE,491
V1Pl8CzNzCw,149144
V1iLAJVFuHk,481
V1FYKLxQ3vo,70
V0KSEfSgstY,9750
v_f_2oTL5pU,947
v_B3qkp4nO4,763
Uzu_E33_TFo,5287
UZHjHBjenO8,5810
uz7L9dbYYP0,56
uz7DycAvLtU,5796
UZ4HGxlY77Y,605
UZ47aQFp2TQ,23804
Uz_sK7cDpRQ,771
UyTdQLkIwc4,598
UypNWebswzI,655
uyn-3kduoFc,10
Uy7yJdq1yhg,151868
Uy5ATBR15yw,57355
uy0bF-PFpFI,3223
uxybmhq7XzQ,30946
UxwiXA2n62c,259
uxNk_ZE_BYU,9
uXGXtVcNJ3w,7572
uxbQATBAXf8,28060
UWz4LPyoSw4,7150
UWX5u-g28Q0,1491
UwlWKQJxEmE,483
UwK6_3az_K0,0
uWfe9AOz7LQ,290
Uw8X6_79pqU,122
UvQ0tTS8CTo,17088
uvDZYjtaHRM,9772
uVcvhKTVZ8g,250960
uUXit_nCIaE,5
UUrddqT9i_s,3835
UUQ5Rr5Uc-A,23
uUFwZDaQjo8,32
UUEZHGJqEBo,509
UtVHwI7MtLY,1402
utKpjcIYSCI,399
uTIVYTBMGQA,344
ut6UYwbt6Xk,18010
uT6mKW59CeE,1865
USXoINPEhoA,233884
UsXI9cvTb7E,23817
usWUNuU2fMI,117
usRWa3UtXNk,3033
usmqrgknKyY,911
uSjwGbBHyo4,128
UsGlEV3RLbk,932
uRP4nAGMYCY,540131
urkiePoszu4,7421
URfaTuNcHNo,53
uReB2fa7w08,791
urCZz5eMjF4,1004
UrccwiYC4jk,346
UqxsMrHxQNc,61
uQxh3pAnqlo,117
uQv9_nn4BMI,74056
UQqOrCs03_0,5207
uqNM0yFREQA,1057
uqLy3XHIg4c,3099
UQkBcHLZOqU,79824
uqgfy_0co3A,46
UQ4SCka30rU,63361
uQ_WMlkg8sI,237
uPtF9l30uWE,2720
UpnBeiH-tGE,2112
UPDm0WNYgkw,7766
uP2nrsxruGY,0
uovntV3ZMDc,111823
uojKF_A6iCA,0
uOfwFxG0yO8,31124
unY83S0dTkg,184
uNtY6HpiM4M,28339
UNPqnEtuuiU,2313
uNjE_N08M14,1447
Unj1z4BpduA,4340
UMZWrNbvg6Q,3997
umyepFgih88,204
umHGdOZKO9g,59
Um6jJcA3TT8,0
UM3_ki5rpe4,54
um-1fAVU1OQ,127622
ulNswX3If6U,660787
ulCdoCfw-bY,211882
uKvLdybRStY,191
UkU9AePyxoI,453
UKserM-i0_A,150899
uKpvjqDsTcU,22426
uKmA0nHe4no,4686
ukFSWBMQucg,37
uKezML-ie7M,6234
UKeYtpjPaeA,148
uK9J2Q-IcuE,34
Uk6DChXHNJA,1215
ujyAtyNYA9o,5
uJtIbVkIcq8,168
UJT2bUUgP3g,1336
uJi4hDIvTo8,1326
UjH73pI3me4,465
uJ9M_7zSa3s,19838
UIwdCN4dV6w,14344
uiV4xPlZNSU,8
uiub1DnUnkg,4208
UiLHz8aojwc,73
uiJr4I0CqcA,1897
UiCyXpDsk5M,15977
UhiXEgqhBWs,7925
UHEBRruprnI,2765
uH1UApCiqw0,12944
ugZja7V601Y,26
UgOEG-qvwQ4,150
UGkaWBMlPWE,447
ufynqs_COF4,556954
ufVoxVjsed0,221
uFq_2qaQiu0,23
UFpGIi2OjX0,6432
UfKmSfgFxi8,459042
UewgWtJu8xQ,76
ueUaQWcY-XE,39
uETlOZViR7o,0
UeTBJkRe7Cc,253
UESWGeB9zxk,454
UEQOhGf21Zc,1851
uefLpz66eJg,2608
UE2ZlZikJ34,7714
udZU4Q84oPk,1787
UDX-bWm-4fk,849
UDwDF6xgv7Q,1260
UDt05Slnzpg,223
UDlpZJ8EG8c,2822
UDbdAvmCwls,1123
Ud4P3wBVRX8,34
UcwT0n-hUPk,256
ucVJrja8r6Q,14324
uCR-puautRA,2471
UcrgbGuuJ88,230
UCjp9ODREe8,542
ucJlWcSo18Y,343
uch7rA0U9UM,2939
UCdMwyIy3ks,91189
UcA4Ij_GbAo,24
Uc8vi0gRQxQ,31
uBYzYji4rmE,256026
ubyAEacslEI,145437
UbTytC7UUjs,169
Ubq62yjY0zo,8
uBPB3MDL0N8,0
uBIj5aIaqMU,2597
ubGZd2vXaok,506
uB9vfZmrGF4,13430
UB7UpXVYjVM,567
Ub3ot5DC_iE,1515
Ub_VUzgDWWE,1054
uAUub6LPKBU,986
UATF8ycfLD0,1519
uaQ8AXpaITg,401
UAjQtgGJ6Yk,1529
UAHuVEBXel4,1490
u9Mv98Gr5pY,2562865
U9gpcBDMRBA,1183
U9BwWKXjVaI,1682935
u9Bik-gAvpY,4463
u8VkK1ydBvI,4919
u8Oh1L1aN8M,843
u7wMCqbebLQ,2204
U7oUYkbIXLo,14
U6zPDAhXXHg,148
u6WzSygTyVg,842
u6P4T0hIv9M,770
U6lTYH1hIKE,52
u6iIpuIdDXI,712
U6gF3ZwOfBI,645
U6fx93-Ewrg,21
u6crRYCisF4,179
u4xzGTlZaxA,194
u4Hc_XpdTT0,39
U3wVDJTOzqA,1626
u3RUG7T47_I,224
U3hh8bLj_3s,15
U3DHuvf-ltQ,1313
U31cQJLi-mQ,11509
u2Zqj4Nzs1g,217
U2ZLv2LXKPI,305
u2yGjSib0W4,40
u2u_zC2jUjU,675
u2qpVH_4L00,614
U2dRRqfIJ5w,572
u2-ACwHEVmQ,59
U1LY9QUW-eE,154
u1d64ubRpos,94
U0z-x5O_Jpw,9769
u0wOV2a-Vvc,132
u0PR11BKrTI,1204
u0feM_2mLvo,30814
u0BGn2WO0lo,387
U_X51QkSkRw,193
u_nrjjXlO1M,9937
tZzSyVlAINw,3710
TZXxr6BbACo,2509
TzXLOzBBIuY,66
TzV6VAa8pvg,72
tzOgQCDi8C8,2
Tznw53Dwk8c,499
TZfEjhZVEng,28
tZBNSsm1RKE,124
tYvqLuqmF1Q,6279
tyV8IWsNxg8,31957
TYp6yn8mv8Q,821
tyjVu_IFKMc,11019
TyggME09R5o,255
TY6O9kl7Sfg,231
tY3KPlDZbQs,57
TxLuifreo4s,0
t-xIHn9GGjk,137
Tx0fhKJRaeU,127922
Tx_ukvRq5Bo,2807
TwYvJ91OPjM,2296
tWv-VgRU-KQ,21
twqwhFvUqno,165
twI7nrotVao,41071
twi_5o62cbU,2999
tWDK9rK-f1Q,36373
TwCbmLPTT5U,1420
twBLamW8p_8,12
TwaNYTCK2iA,11089
TWA-g2sOu6A,309
tVqW5oLLSQY,2
tvNVnpPCGP0,39
tVmPvoor7-o,2054
TvmhS0eMLwY,923
tvLDLGLB-1U,1462
tvJUFXQBABo,31
tVjMZN75cxY,78
TVIBm8Sovi0,776
TuE0DWT_C90,21411
tU1r_wQi_f0,1956
tTxX0Wui25c,116
TtW84O_2898,40
TTpmxbzkVUA,12613
TToAcv2q4sU,0
ttMYkpL03CE,23084
ttKazCRoxWM,996
TtEhxYAMbVg,127
tte055a3tHQ,20322
TTax_IIccag,0
TT2riD5yPss,24
tstKpwNCkWM,5564
TSSEvvIXC8Q,222
TsqkpyyCEbc,40
tSDFfiCq-eA,194
TRyD_cFtPp4,739
TRY2eQju5nc,15340
tRT7DMk7qcw,567
trIECHv2fNE,315
trBXAINoVno,0
tR2TykDOx2s,30
TR2jy8Odou8,537
TQuiSNaNTGI,77
tqPub3p3k5E,27655
TqKxMKbtK3U,5
tQHlOjMGS-M,23634
tqfpAYHCtLE,999
TQ9fk22YIyM,4203
tQ8Yw8k060s,594
TQ1O0YdH54M,116429
TPZpsYywLEE,11134
TpS_K7cE794,88
TPk3pdL6QzU,303
TPDv9hgJ3ZI,4672
tpa4kp4lK60,707194
TOz2s8hODL4,1450
tOUrqvoECz0,31
ToQloh3us1E,19863
TOQfxlO--WA,0
ToPW2xgXW_0,3233
tOoHvV21zcY,69
ToiV5FXHExM,42
toGyA877V4s,3910
todLKPriz3k,52
To19gdMiUrE,2862
tnr_yY__nMU,3563
tnoe_lxhmyw,57
TNO7pKZ8JVU,477
tnnfQPoQhj0,213
TNJdJ5NyNpg,54
TnDp6AyCIcc,775
Tn7JdGq53kg,604
tn0hCTyj2Kc,103957
tMazN5uH49U,51487
tmacgSKZJKI,14
tM1prmlMZuM,40
tM0EJGhIGas,907
tLxSuFGjdhU,535
TlWiKwFFFpA,537
Tlu-_31CWfY,23256
TLS837FaO4Y,25549
tlnGZo_onb0,613
TlGXrarsTZE,86
Tlgr96mhAGc,456
TlcNNZlj7-Q,12476
Tl6Fdr88iRA,260
TKvMuJoNdEI,662
TKGA7MhxPWc,60756
tJYhq3NXTUQ,129
TJu7hiNz2Fw,14383
TJOQYnumxDM,11894
tJh5o-HPhmo,2721
tjA7nAHOAww,71798
tj6FC33DRIw,264
TJ1vSS3a0aY,535
TIyT_4BttC0,1663
tIYJcjhINqA,75883
tISJDc0d0OY,112
TiIC4Nv-BC0,861
tiFp799aCeA,3
tiF9SzzzX_o,1100
TIcjwj1W39Y,990
ti1Sw8w_TGc,0
THzHh3RVsAY,27508
tHmAPWOo2jY,141886
tHd0twRKZ9s,3176
THCVReSmm90,4511
THaqB3S7zKg,2974
Th8rBDgarTM,7154
TH6YbrmiYEY,7006
TGxwDXpQ1CM,7
TGvym1bLi-4,2250
TgN_Qs2Z7KA,52
tGMk5Y_puFE,11223
TGFv5Ytq6yU,344
TGBv8XE3sco,394
tG4AUQhCQ2Y,119
TfvmgiVFMKk,392
tfREC-AkX20,103723
tf-i9VkI5Ng,1541
tf2w-xEWjM8,34
teNUR7w_nZg,3912
tEFoSN_pia8,75
tEE3yKGSUCw,12
TedNF0dyQZ4,278
TeArBlbN2QY,73
te9ZYLuYEC8,1896
te7-G2ybP0c,8031
TE3tEl9S27U,475
TdZ1OCitz7M,765
TdKAwPP3s1Q,1639
tdbTYuHqokw,359
Td0w8lojb_g,1600
tcWtdT9ZkQ0,34618
tcgNXuicVNw,865
TCgIGYZnOpo,81
TcfSTBh_sms,295
TcfgANouMj0,132
tccBPKjZXrs,588
tC4ZDtsi7OQ,733
tc2toBiJ2Pw,12586
Tbz7Y5-qf1o,1437
TBvehNahDc8,3602
TBjugzF7OLE,1085
TBF7eTSTWLA,50359
tAYZXuuVKrQ,152
TAy0i0JYCD4,120
TapkR_j2csY,2
tAo9dPbCWYQ,776
TAHlNhCvYv8,610
tAde2rp2m3w,748
tab6XaxbXkQ,17103
t9Xmslxcf0g,222
T9WN2_ikz6Q,250907
t9QtXGirWf0,2022
T87ukTZ-07A,62
t7klO0p092Y,19029
T732vvf9QfY,3023
t6qU0dXYz-Y,568
T6nZ2yXrh6A,12918
T3TXncVnEVs,3563
t3NKQna3TmE,4
t3HuWPihmQ8,1413
T3aaJqbjm_c,7703
t35WX3fWDVM,1574
T32Jh3pMqB8,8324
T2wjUnw95Tw,43
t2TtcMh1g0Q,792
T21RHwNbIGQ,56
T1xI7zYfEk0,1909
T1QMTxIPef8,53
t1PXLMxuiPs,9913
t0mXOsUkY8w,6678
t0bg7SeDieo,3192
T_TUZQw6fu0,526
SZEhHx8xzOM,62
SzcD48wnB9Y,2845
sYvH7Y16iUM,111775
SYrKTn9zsto,26
sYRG-QF9N6U,195
syp5Gtin8HQ,5230
sYm45NvpiJg,1663
SygEOblnHb0,181
sY4r8Cz4mUE,0
Sy_BfHXmPx0,565
sxvC647Yi0A,323020
sxukU0t-dAc,426
sXt6oikAXS0,2549
SXkxheJ1dQ0,34706
sXCcvPorJ9Q,457
Sx1VdhgNxFs,15
Swv1il6PpN4,9149
sWolkgKs2og,2961
sWnuTed3i_g,1883
SWiQOnNHvEc,47
SWHNXV1C3N8,0
SWasTZS6HGs,0
svpxNASGFHQ,4636
sV-hQGtsRPk,65
sv0udYGUzDA,9
SuzlcQc1iks,198671
suyGgHflqaw,1048
SuarlX9EuwM,1438
SU60v2PSK8U,424
SU_2bRmIswc,72588
StxsWkeQpjM,926
STVXHhTdjW4,6556
StvIg60Je68,222
sTT8Zf6-Ugo,386
stNh_di8OM8,54523
St3SkEOGAyQ,1591
sT1an-dH94w,1863
SsZtA9pOB4g,376
SSV1NxkgPXM,51
ssrvOK3zPVw,1
SsR9ohalUp0,3217
sSfNUMy1cPM,15377
SRWS4MKAZZQ,1693
Srgi1OZff2o,106
sRbVX2XvYmU,294
sqVuypJD7zo,3791
SqNlLDeZcSc,4757
sqkL6D0ScR0,73039
sqewd2OOuuA,178
sqCLVS1GgJs,66890
SPQwSvSkrHU,15
SPpBVB8cuPg,962
sPOnslz_FVE,1959
spOc_9ZhshU,1305
SPHJcDBwa0s,78
SpgTL1dNhp4,19633
SpdgahDp2Wg,62400
SPake6Oa1CE,50
sP47VO2uwAE,40
SoXREYnK8cU,434
sOt87OMvX8Y,335
sOmVqjuUHAM,23252
SoKQzAhXkbw,18539
sokPIM7npF8,3448
sOgvkUwwTa0,1169
sO8mlR46M4I,47
SNvsk2RkhYk,60
SNtsvAn7Vg8,5190
SnRXoBxaxVw,465
snl4TvSaCB4,512
sNC6lJb4Gbo,16
sn3Ct2_L4OA,85805
sn_yfWkudY0,276
SMvZa784oow,30769
SMskIRy-drk,269
SmqLQgkktT8,2515
sMpLy99O8bo,92
sMLso2du91U,86424
SmlhE0vTRds,88
SMLgNZYW3XE,1793
sMkYJDDGwtY,381
SmHK8K35EBc,562
SM6350PPCpw,4940
SLQwJzVTPEc,32
SLPY-kIECfY,523
SlOhSRPETNs,640
SLnekV64gTM,2506
sLdUevK-Vwo,2254
sl_0Y_PmMmA,6622
SKXRMn7sBcM,78
SKV6h_5XFbk,77387
SkoVHIQXtog,1934
SkOjuqYmJcI,7
SKLqaySpY2E,450
sK2-xmjrjJ8,18
sJq9LumJl8c,108
sJH8K6moiDk,38
siVIV2Oc0Ys,1389
sitxg0Lcz6s,3174
SIR67et5tcs,4845
SI_jjFfJDdM,677
ShY_Pda1EXA,704
SHLta_M6chM,4813
SheFDx8d77M,8
Sh2aQc6lrtU,3032
sh_Uhe7Ybe8,2569
SGm_UQuudYQ,1601
SgKE8ZJ7OjM,1579
SgKdKyOQ9Pc,639
sGF81Z1Kols,8387
SgC1_cbd-_M,26
SfG43DrK70o,23350
SFE8RlKlLCE,677
ses3bGwKwYM,598
SEgiPpfNMzE,55
SDPh6Dpc9ww,548
sdnD09M5uj0,2029
sde3ke1Qof8,8226
SDCEv80uJcc,39
sD0XjmXZ_ZM,604
SCq8n_hOcN8,1143166
sCpKR0JfQYg,994
ScmKH30NTxE,207
SCjVcdHHb84,25015
sCCTaro7d_M,64
scAAkLatKHg,354
sC6Mg99ATfw,151
SBrVNM1rMoI,467
SBRCNIuiI5Q,3445
SbjnIK6VEjc,16056
saVRADdbUE0,2122
SAUjD-DAAek,1842
saryG3D5nJQ,3476
saQSKYSjJ-s,624
SA83KYq8x6A,1310
S8t3Yw-3ZIU,24
S8jISg0eZdk,9587
s8_a5TxpjIk,69
S7WhwTt_Bvg,24
S7KmEuTmxBc,6365
S5SHiKKd3t4,662
S5CKjCW9dJw,836
s4zGDpOTFFk,4762
S4vxoP-IF2M,24502
s4NMR2983KU,96
S4f03mhOZuc,810
s3ZxDX_CzNE,134
S3NTG_zeNn8,19
s31XTrGJchQ,25522
s2yIMJ4iayg,3133
s2N3uNE_o4I,65
S-2htngmviQ,96
s2fXMPhstyM,2
S1XtMT9ER0o,22281
S1Oud4guyjs,35
s1APv5uO2VU,110725
s12qaVEyW14,179924
S0RIUgK2WWM,1261
S0fLtwl2s4w,1553
S00ZyJ9_-7s,10588
s_PNdnAwtcc,7968
s_isccuw83Y,38
rzWmj8xlGmM,107
RzVsBuyWRE4,8618
rzOWkdVgL1A,1967
rzgw0XldTC0,46066
rZes3Kp_ZuU,3166
RYXGWpH3ZvQ,2901
RyOMAvYW-E4,70
rYnmrkMizdc,11315
RyhvowVn9cU,4587
ryEcqzBnQgw,464
rYE39E-_EAk,186
Ry8rElKFF2I,236
RY0FzicdYD0,648
ry_jyH0ahhQ,30
rXx-Yxacfto,0
rXuV7AYnwA8,91
rxmtHVSVjdo,426399
RxlSl-kG3qg,37396
rX633yapWkc,0
RWYGEAXq9tM,216
rwOzhTl4u9k,2721
rWH49-k921o,106
Rw7oqsdExV8,30
RvzEZfk3ld8,298
rVDKa3lY8To,62
rVBNqmHSGms,4955
rvaYl7mr1C8,33280
RV2kDWjj0Yo,668
Rv0gLu_rK0U,142
Ruo0Eg8JP5s,2233
RumNBu_KJjk,3954
RUMjFXKhSVI,13479
RUCXD3_wW2w,1669
RUcn2OhbWb4,3148
R-tYctoKXRk,438
rTT5RdUVKFM,417
rTMlicdQ5D8,1235
Rtm0P1w0W2Y,3831
rtarxm5EJRk,4921
rsWmrGuuWuE,4739
RsP9Z2kpFQI,307
RsNcJUTJuzU,292
rsJlT53jU_4,11415
RRXFoy5LIq4,5083
RrJDemmXpFI,734
rrhhNWM_Bnk,0
rqlkwo-l_4o,118
RQhIu6qZKco,2385
rQEqKZ7CJlk,62981
RpV0B1CaflI,1403
RPFozHgFqJ4,11
RPE3cglo9o0,8530
rpCAGMryJZg,5
RoVFJEP98dU,691
Roqs39twX2Y,14424
RoQaS_qUM-g,117
ronlPwniTTo,3577
rNZepW-0GUs,532
RNX1x6-hCt0,1608
RnSxU8uP3_k,2483
rnsv4xQvICA,4
Rn-iAfrK7HU,3154
RNd6-PJ2U0g,1356
RMWTNik9i_8,65539
rmGOcgfurT8,935
RMe_BE1_IuU,324
RlCwZFrQvAQ,625
rKH3G023Xfw,23512
RKedXWFkQNA,154
RkAeu05MotM,307
rK9L7t0Pl-E,36273
rJOMYEXK6cs,0
rjO6tTN-NrY,2537
RJKdrsWCgus,4751
rJ1K2I7m60w,2731
rItv9i6c7AY,2910
RIQiH1XnTbA,7
RIBYaGontkk,729
riaA0GW9jeI,3099
ri0ZjpEr03g,2828
R-HRxzkL9H0,5395
RHRPK2O9R4w,8254
Rhpuy2DIrmc,13
rhGRZ0pedY4,8951
rHdCLMxifAM,230
RGZIZu_C3Q4,200
Rgr8u4iAjTk,643
Rgr20ZbEPvs,826
rGJtj8HxQ10,1351
RGID2PnYLHQ,2644
RGGyTO-VlUs,16160
rG7fLWcvv-4,77574
Rg1X1WFNxsA,142
RG1BzJ0fqsw,1177
rfx3eaJWIvc,1496
Rfcd7Tc1QgY,312
reY5VNR4b-Y,618
reNmoaScYvQ,158
rEJQ9cOMaKY,262
rEdl2Uetpvo,17907
rE9bzUgfAgY,29
re6HE4kCQY4,35
rE_GOkeI3Gs,1983
rdu9EVRTUaA,4807
rdsABjAP8Yg,27363
RdJpxjewJvc,1340
RDBprxmdKRQ,202734
RD8bai4hNBw,1603
RcxurS17eJo,813
rcWN6yIV26g,2893
RctDticEAN0,134
RCsdYGuJxSk,701
rcNWwVsByJQ,578
RcguYPx9IOk,8
R-CF9NylKVc,5129
rCeiTvmUvQY,12182
rceGFDm9Duo,9651
RBWw1S0dX08,9478
RBJgpXyezgA,414
raWomBGbxfs,360
rATXIoXITrY,29
RaDHZG0FeJA,468
RAD_HPsfHbY,774
Ra8KcWLI9To,68
R9YYmoJjBxI,7022
R9tGqDgGvDo,3246
r9lQggOQGvw,18777
r9kBJeq_Ixs,1880
R91SPn7AqyI,60
R8JbyUej3tc,515
R7UPth2VLEg,1187
R7gfutHJFPU,19
R6VeXe2L0bE,462
r6BUF5Zf1H0,3951
R6B5Zl4Oakc,740
r5VMpj0GLJw,1100
r5Vk-x4sU80,21
r5Q1S3vbkuM,359
R5MS7JpU5So,514
r55Ha2CI1f0,96
r3yduJ2B-4Y,12527
r-3iathMo7o,273044
R3gYYWIAaM4,91
r2ys-AimNbE,72471
r2PxV44-mJ0,4498
R2HmZnrxckA,10
r2H8Oqm1eQ4,24733
r21uCHCJllY,5478
R1TSiB9OuVM,74769
r1NN0_jZUbY,143
r1l3cYVRlnc,1882
r1jLNrh_coY,340
R10qTLfwm8E,37286
r1_H7Va8D8w,61164
R0Qv_nl3WaE,56
R0GXusPBEgQ,2647
R04I-DurRCU,333
R_5Qfc7APQs,13257
qZs6JSLeWj0,240
QzOvgs-svOE,0
qZnge-xDI2o,2504
qzFqSwIe7rM,84
QZCyZxhUtpI,333
qzbZdQqYCAE,11
qZ1vOS1cnME,7741
Q-Z180ynMsQ,186
Qy1oMgf3PHc,82
qXvmUdZGNFU,96
qxt2JE06PYw,2411
Qxs8fauXxLk,547
qXhlLO3bWsg,116
QwzaB-1vp2E,9
QWPiQ9hDd4k,33
qWoLwjAvpxg,299
Qwj_iP6SAAI,56
QW8whgmyTNU,0
Qw8MCIH2ON0,161
QVklmYejCVk,122
qvHirdMiebE,15228
qvbjnPzD_E4,13
Q-uUyMYs7Do,3130
QuU4FAnrrGQ,5
QUTjUG067sM,4
QUr2aiqGyzQ,44
qUqhzXRgg0k,17506
QUfzH3S3hn0,0
Q-UcuSIyFk0,415
QU8g0XNyHRw,7987
qTYCtgOr_8I,1292
qtXFK8guvUE,698
QtToyMb1DUw,3011
QtNvvWsSsoE,6218
qTJs_9Ckc60,7476
QsZF-F4LbYQ,1494
qSKvRDz9iG4,345
qSKOPBVkpJk,25656
qsfUCkWREb4,104
qSE-MFxj1x0,209
qs8xStp6RhM,696
QRzR6bvnvD4,756
QrTAA6hCkrc,521
Qrod1e7OCIk,12451
qRcVQpaYknw,586
QRauyA_CK94,1452
QraD9ZQHMOc,552
qR9fiZ__L7A,1632
Qqzx1xryfkc,69
qQ-x1_Y7d8k,3525
qQvzZYVQ6rU,972
QQpCG_IvUOo,1237
QQmjP5CqSxI,1833
QpyHrQYeoIE,36456
qpy6L2L8Bw8,206
qPTG6GKEbGs,177
QpFcf7uBacI,6319
QOVlrmtkxkw,2896
QolW8xNeq2Q,10108
qOiRbwHPJjc,2624
QOHVIMUuOPk,709
QNZ53Cpl9B4,120
qnUzFcFNU4U,11
qNOq46L1joQ,788
QNNF8Gz6KCY,89
qNmHRTXjUeM,3
Qnko2SJa1Wg,68
qnJbsddPc6o,663
QNFSFKcDmJY,567
Qn4ctBaNI00,71
QMR5sYjCJdg,55
qmE9mGbItuA,565
Qm06dledGaQ,472
QLVqFKufbvo,2105
qLtYowQUdl4,227
qLqCUAQnmwk,3205
qLaGCduQKGM,15796
QL8voe1u7Ys,2678
qkM-tTkUbOw,742
qkjQBSu2FAo,1293
QkCnix1Iroo,16
qKC5BXSqq7k,1175
qKB_7_ZzKvs,10
qk74eFQemFY,198
qJzPHFWhBvE,856
QJWTqI-uor4,22650
qjlNtbyf2Rg,1
qjKxo910e94,92
qJJTyBOAzsA,28
qJfCBLR2YkY,244
QIYQPaWf_3c,15516
QIycmAPvXpo,164
QiwtLBQrjG0,2296
Qil63kgj0pU,14679
Qi7t_g5QObs,90265
QHG3ao_5Hl0,14216
q-HeLZ-QIFk,4097
QHDRRxKlimY,746
QH3SA2VjaFo,494
q-H07Tph8qE,215
qGzEwqwYYY4,65
QGdcNjbSTCU,0
qgcenfc6Qbc,16185
QFjQzn2zChY,407
qf1M58b6n9E,117
QEZxdt3Vb6I,2652
Qez7nNPfWXU,15
qeygNyLHAcg,113
qeXPYFM4FI0,1808
QewLyBBiTAk,46
qE-TOMON-04,4
QeGCFnwTSNM,2543
Q-efs0g13tA,4156
Qe7i6OQwF4w,292
qDwZ9GiKVxs,2034
QDr8ubnxHKE,47
qD-ofY9niOs,1580
qdN91DG83lM,1535
qdCC3pKban8,18
qd8zeIIkA5I,79
qd2YK46r8kQ,1548
qCn0wYNxKHw,5041
Qcj15vHJTtk,82690
qCFb7U2s8cE,775
qcD1jSlPciQ,961
QC2O3piOdXQ,742
QbD1hz7jxl8,418
qB24uIe2Q7c,24722
qAJgoIizU4U,0
qAionjJ239s,394
qaESiZ-yVVg,20
QADvOpwK2Mk,1367
q9wIJTGN64A,1001
Q9Ut_Nh1lQA,71
Q9qzzuMoiLc,839
Q97U8K_YlOo,3253
q8v9MvManKE,37536
q7wPq2x-u5o,5266
Q7Ry9eLCpPk,345
Q6M255BZ0HU,182520
Q6LV7jdwqZI,192
Q5Su1S4ZVoI,2495
Q5KmA3Xbmqo,413099
Q4lVJZHTvK8,907
q4Gnc_EpTK0,990
q3ySxUf2XhM,504
Q3I4tIMNLLI,2899
Q30OBUVhxPA,1241
q2sI-T69sjs,13122
q2NxXZBjekY,27
Q2hqcPnIWiQ,5980
Q289WrcIA00,484
q1WdBsXS3oQ,1086
q1jzwV_s8_Y,21632
q1fZfG2b1c4,253
Q03sMbGR9e8,223
q_Ir1I4yr7Q,2374
q_Bk9oZrphQ,11594
pZYJGAWc-R0,1927
PzUPNN7VKYI,16
PZqRgT85E0Q,9358
PzqCBKO1QZY,946
pzo-98z40OI,186
PzIoCDKX4UE,157
PzHwMHPJ-CM,1659
pzHCd2X1GaM,10146
pZetLdtFM14,518
PYimOnyCknw,1150
Py8VDZKrWEA,738
Py24xhrpeNs,33313
PXxOgslz1FU,1418
pXpfGJpmhNI,448325
PXmF16_QzBI,4609
pXAxIFB_ucE,1301
pX5i1bOue98,29716
PwyJwn_DKxM,538
PWwvR6cSH4o,32363
PwT7v5phmX8,517
pwSALZzLSnE,1128
PwJNm2Qr5C0,63
pwj_SZHqiSc,134382
pwGbwYAfSmg,2922
pwaWilO_Pig,3937
pW_Z67R53XA,4305
pvZsBIkm6Ro,602
pvYHfdsz1vE,88
pvviFTjTEPY,9473
pVfJbOZShu8,62
PVbQrvlB_gw,1381742
PUIxyLRnzDc,7394
pugZJuZubiU,444
PUBAZCAy_SU,67
pTysrwci0pU,309107
Ptx-burAzBc,624
PtwgCeKMhhY,305
pTUaJWDxNok,6
PtPKCIGBRNg,610
pTBO2f55aTs,38
pT80f-O4MpM,68
PT2fxswWSpQ,2766
pSZhXWXbZ4k,17
pSz4jfv9hlo,1077
PsiEt4y13J0,623
pSaZHLaXLv0,54
pRTpsCsLdno,1219
prpFIbl2ZQo,14062
pR5tq_CrXlg,31
Pr4YFtTigUI,10398
pqYnmLEj_O8,3415
pqXdGKJsFJ0,37
pqWQ9l97LB8,570
pQSID3EaIYw,40
p-qRaIPQUZk,344
pqKx1DQI4Mk,28088
PQGJYfo0cg8,224
Pqfs9Ksn4CI,9059
pPRKKoJJcJk,82
PPQ0par6DK4,7027
pPmUCViItQM,13
ppk4zROkg0c,215
PPg0OsXZiW4,23
pP1SPkt753Y,1071
pOsiEsIoePk,3125
PopMRNU-i20,276
pOlpmHygRG0,329
POKHs_se3QM,440
pojXEFDFMw8,0
pOElLN37Lrg,767
Poea4TaJVoY,6
poCosRoSUeA,411
Pn-WVb0q3fg,19
PmZ2QvjzpFs,7138
PMuH1Yqc1Hc,461
pMQOp4sxtjk,723
PMPfkGusPBM,52
PMP9gmLSYCY,3877
PMEkmiQP5bg,61516
pLIRpF5ZC4w,1599
plecEcRYBkE,15471
pLd-rqYP0lc,797
pl-DjiO8das,864411
pLCSJEW_cEk,3433
pKVppdt_-B4,1319
pknIu7Y3BvU,703
PKffzHbEdac,587
PKc7Sxem_Fw,671
pK79gZkJnAg,0
pJXdDKRZ10E,53
Pjv17ALbzvk,1302
Pjs0vzEy4q0,206
Pj-D0jc17D0,28027
pJ3yba6Z3UQ,9527
PIpgfgWIsPc,644
piOoxFzkoG8,390
pileakSsa-Q,1288
P-i7MX2fdbc,244
pI4t2QvPUvc,530
Pi2oPZWsU48,1
PI2_HS_7r3Y,86
pI1F4HrbzT0,416
PhXzG1FGTkE,570
pHPEHPiPHUc,1696
PHNN1myzcm0,438
PhfKS6o4FKo,4
PHE4lWolTWM,0
PHdqLE6wC0M,3376
PHDAg_pbkA4,525
phd5UDdFBDk,984
ph86NrZDQkQ,68
PGRcxXLfWrM,230885
PgNAmWjInGk,27815
Pgi3Gv9uqjA,2574
Pgg-UrXaZ1g,2155
Pgd_Tgi-pbQ,345254
PfwXF3Gss3Y,158
pfwEn3Jy8l4,75
PFOekkKGkpM,422
PfLCyR6Efvw,70274
P-f9U_YUums,2426
PF8Dfgl3Wx4,1724
pF3YAu0peCk,73374
Pf_vGjefaXI,12193
PErWWvlNXec,108
PEoZLGHKvy8,10291
pe5btRg4jVw,206
pE1VrkLpZvI,372
pE1Qk90pxE4,4573
pdX586m_aGk,48
PDrEK5OuDbk,24
PdNvCRoM2EQ,190
pdL8LIcrNDA,738
PDGBsPalpRY,1607
pdfLAcK2FbY,647
PCQtI7foDis,250
pcMGwToaD9s,699
PCk2T6tGrIM,451
pcJo0tIWybY,173290
pcdMx2YgqKk,292
PcCU5NVeREU,114
pC8bsjPzJEg,1835
pbzDC2vH9oI,1440
pBn3o9HVLgg,466
pBaCzdE0jaU,2383
p-BA2c8T8vc,6897
Pb1YjPlqZZg,629
pAZOKbDGoQs,89
pAZkLzigKqo,135
pAYZYraWyyI,1902
PaYvlVR_BEc,121087
par6mkSJ2CY,3304
paMZAxeeIOw,1578
PaLnoNxtC1o,4
pADsaOFDCO4,2036
P-aBTNB5nh0,447
Pa3BbcTmIVo,76
P8UTX92vUWI,1400
P8on1lB_VQc,5
P8LzhJI0rRk,2135
p8hgWIyrgns,637
p7CZxCfdC0A,1977
p6VarEsEmQ0,50
p6cInZvsPPI,8341
P5sJMDBZy0E,908
P5_8exHtmdg,15995
p4XB3XLt44U,143
p2YK6rNDIXc,148
P2mKlngatoM,1218
p2KN2hw_lww,595
P21a5Uty-uc,4453
p1xTuY7-Fw4,8769
p1GOYs44fRU,183
p1DAEZNyJ8E,176992
P1_OxXNhdgk,91
P0RpG0HVsbw,13869
P_xXvDNZjHI,163
OZv7qYZ43xQ,32337
oZCd0v6wfmo,6339
oz2L5rgQt0A,148
Oz2g90wMsss,2929
OYhGxfP37us,5547
OYEwSNe0mTY,639
oyEjTfZ0-II,60
OYDziOoK_FQ,255
OYcv406J_J4,13445
oyBfefx7I6c,7228
oY9GVZKwBhI,44815
Oy4ug04-eLE,3664
oxy6U8BPXF4,30
oXR1SdCJpTE,528
oxIRIrRggOg,2129
oWw1BcFhk-k,504534
OWpy7rOllXc,44
OwnCVA7I-J0,126
owL8X3SuurA,5470
oWHoDJz7N-g,43
oWEMLkFkXHs,899
ow78ktpKcS0,64
ow_c_aRJHsE,7
OvYv3tmi4AI,410
ovAwxEOZ5ag,6723
OV6uZk_IInw,259
OV3zjWJUqMc,553
OuTM9ClTs48,167
OUi0u_hlF2Y,1285
oucv9fd1hbM,10621
oTxbeE2Knwk,1144
otoX-ItI_U0,214
otMd4YiQsg0,132
OtkMzh9lilI,559
OtHrg9FHZiI,1190
OtfuTyyB5H0,289
OSXc85VoQGY,915
oSRvR0rH67k,14227
oSQn4QK8QDY,68
oSEeK9yDNQI,389958
Os4MTTzTKRo,1503
oRzwabAUU3I,2750
orPQ74toO10,13
OrnpSe4OChM,173122
OrIgds8GREI,21
oRexsyztGS0,61147
oRdCDpzxl6w,225
ORBx7J-BLpw,30
OR80P8kEccs,52
OR2qX1oQd2g,4823
oR_e9y-bka0,29707
OqJ5S6G5J5s,54
OqInPOy50p4,824
oQi-mpjTOlc,8047
OPta1DBLD90,10820
Op81YCCo69A,195
op4B9sNGi0k,639825
OObI7GpUduk,1102
OO8bo_fpoQg,346
ONTeBgnM70E,24
oNrWuvTTTh8,871
oNpzeIdOtlk,114449
o-nGPNn19vE,56401
ondQYFBvk6M,8112
oNB2UPdSxW0,7392
on4ymPRD_-I,214
OmnhPRNBlek,88
oMMVorVONYI,1602
OmKL2CuAgGo,201
OMJCsytmfnw,3621
omczdd9JoQo,4421
oMCijY1XGlQ,35107
oma676XmhCg,271
OLuPM50rT4A,760
Olpi7IPi8vc,3349
oLDbO545aKQ,93711
ol31UX20hBA,92
OkxCkz1KCZo,460
oKNc7bZJQN8,2670
oKKdCiiF0N8,2650
OKA-3wsJTs4,0
OjwzbELflHw,497
oJWjAOVBspk,5
oJveN0UHsaA,308
oJv8-q60n7Q,99
OjkfOX-g6Js,5542
OJj7uOy38hI,1092
OJfOsoUYPts,12576
oivaC14YgzQ,34
oiSMMFXGgGY,796
OIS8VxPSoQY,93
oIRS30FRQNY,1053
oipLbJoV9pM,8239
oiA8psXap2I,0
ohXoXtxpOqg,8070
ohp9UTnlXzc,13
OhHyTPl30pw,24310
OhbxQyX7UVY,1895
oh0k_4SAXpM,12003
ogr4dQmd4B8,27
OgiY3OR3jlg,4008
oGgzXrlF0m4,713
ogfYd705cRs,0
Og7NUPoS9JU,380
og3aFSeEm94,90233
OfYxZ4DJj2Q,142
OFWudk6aIuU,2620
ofItGhNiIig,1249
OFbbfdThPWk,699
Of9GOMM9HPg,197208
oF7FR7TjnME,59
Of_ERZE21hw,93510
oehWsVdYPCg,6376
oecKB9QZwxY,5456
OeaDBJ_7IFA,273
odZ9GVuyfkc,1582
oDYKUGSl9m4,1019
ODl-DYTyNyM,715
OdesAn1J3yI,351
oD9PH5GPR6Q,2044
oD_3wMh5kLg,32477
Oc-WHctTBMc,563
ocK2UnGq_yw,653
oCG5S-31kmE,381
oc06rSC_Xk8,5
ObyEoWBYk0g,5194
oBVlbHaSoz0,506
ObRqWRfC5rA,16819
ObM6qdQcP8I,546
oBAlEGWDLXQ,2140
OasuaUVjZMg,245
OaqvfQ5ggas,1550
OAqQ-rziZ2k,782
OaM6Zl0_O98,328
OAlRH-4qN4Y,72
oAG3LsecJwE,1071
Oadf4KNYz-I,21633
o8-MBDmr7rM,9194
o8KtKp9v750,5352
o82er1lRkj0,617
O7qCZ629im8,1375
o7k7euAt-E8,79
o6T9mUq9Vgo,3426
o647TcZXs0Y,1609
O5RTJn-JsEg,899
O5ROSS9ReUY,76618
o5rGhVbQQBw,22
O5GhCbhGWQ0,23018
O4rAMou-b0g,6922
O4_JNAFClFk,5565
O3wWUFDxAy0,1803
o3VS0V6qi2o,1869
O3tY_fE88Bg,2077
o3lohh-TVJA,4049
O3IJCCeNMVg,17
o2wbtFXvu2A,82
o2pPZCjUc9A,594
o27M0gXjUqk,3867
O1PywJ0yYRQ,376
o1nxhR-dW8U,63
O1IOIQeOdD0,29
o_Ud5I3mko8,184
O_0xBep91ds,1060
O__OPJ7J0jg,160
NzxNSF_yS0A,1145
nZqIhsnCUr8,2358
Nzkjy_9LvFM,58
NZE_0kYIHE0,229
N-z9PidYH4E,46252
NyZlG2rlSTg,103
NYMcACJLqJs,28108
nyjBKQebbF8,136
nYHDj2sB-rc,18740
NxvzisNwyQI,3434
nXki4u8JNI4,297
NxhtEQ2IWGA,335
Nx7AO9wBwxA,29
Nx3sAIrYWRQ,365
Nx0H1dzMCq8,10
NWYoRNepves,571
NWOz3OZ6J9M,497140
nwMVv7ZzSSQ,258
nwluATd-HQc,5393
Nwl5GcNh97k,122
nvOrYzltjb0,287
nVOb3RzS5t4,1612
NVi5VHxdGBA,1162
NuRDxWpb2TI,817
NUoSKOMwFfw,3072
nUM5WgmNTPE,2123
nukwmfb8bII,5100
NukmFF__G-g,1534796
nuIoxlJYCXI,2776
NuGCYvShnjc,84
nUfr195i_54,312
NUCjnkwQ-Z0,14339
nUbVgEYyeSo,50
NtxavjjCpcE,168
ntvVWzdhGjQ,1727
NTKBYlFO8Zo,3357
NTb2Cpd6ktE,9962
nsZvmFUXkrI,822509
nSzLLGC-Jjc,286
NSy7KsgPvzs,572
nSlTm6XDT64,678
nSkUOhX8Dc4,91
nsf2bDnTwcg,0
ns4DIpKOGFc,14130
nrVNAq7nSTQ,627
NRnnnihFpTg,3736
Nrj9Zhek8Oo,2064
NrFgj3L9DXo,5309
NrAz1fjxzNY,729
nr5Pj6GQL2o,18631
Nr3oTmIvHz4,66
n-R39jiraak,276
nqSWTSJdTJY,1429
nqOPXtjy4VE,676
NqNbqfFoMVo,570
nQICjaXhwM0,29
nQI1SdMIfbo,495
Nq8zTHhamtE,1463
nQ3yySXV26k,43
nQ35CkmNjp0,201
nQ1lxgv7mZ0,610
npF7u_uG0lA,259
npeCDLsyJwE,6193
NozoigcJWHU,670
NoUcOismOww,247
nOgq38p_5eE,422
no3puNSK6BY,592
NO3k6kqbKGs,1427
nNZrc_XvF30,40232
NNUgF7IARsQ,117
nNTl0TivaRU,57344
nnNR_HubOAk,16
nNBp0hev17Y,3458
NMz2aVBdKJQ,25
NMVKZCdz1ZA,420
NMsLN42McLU,364
nMQkLiBFKOc,790
NmNrwIOrZ-g,322
nmKifG_pn2o,172
NmgFS5ApQVM,784
nmazBxBNffc,57
nlozE2m-NMc,28489
nLhjbuHonSE,287
nLaQO1rYFLo,13443
Nl7BG99Dnvw,108
nl0qCdE5cuo,252
NKmGVE85GUU,29741
NKKPrHgLJuE,1169
NkeKzCBtIKY,1412
njZMg2m34SY,1194
NJsXHH2FWvc,124
NjhAKnorBYE,2640
NJF604CUqzI,2671
njF1S4oQbgs,156266
njeN8GCGnYE,8417
niviooakBLs,26968
NIluMdWhOx0,370
NIf8LjND67Y,13979
NICK8lK3LGA,14190
nicFpVJ94gc,2947
Ni7kJQnmsS0,6
nI7_5OJLSgI,151
Ni6hvVkajME,253
NHzzWv8FzVU,20
NHZr6P1csiY,266133
Nhwzgz0l_ME,687
NhVKrJ3uTt8,11748
NhTLsNawGKM,2889
NHEaYbDWyQE,157859
nh_eZnSZCLw,1467
ngpGwE_k5E8,4293
NgloGi5xEa8,28743
NGjnyAZmDvg,13
Ng53Cyj3hFY,924
NFuhfByeWM8,57
nFtrpKTRtxg,40
NFS3DFPLRvM,2522
NFQCIs2PUdc,1186
NfbpLYEXOM4,1045
nF0mrB1eOsM,191
NEoVjmfYlJ8,22885
nElEFdfrxRE,854
NEgvPW4L3bY,32
NEfCmplXP1I,1226
nE7wCyvCXS8,4311
NdVkyJqM1XU,1205
NDMeBosqXjE,660
NdgYbM63hjA,10972
NddFnmCVeCM,17
nd4cLL_MP7M,16025
ND_4oi-CPv4,1051
NcsGpDFKCgY,53122
NCR9CWj4fRo,364
NclJj1h_MW4,3185
nc7kLdyyn9g,611
nC0u87r3koc,58
nbSeMTCc7QM,487
NBOT5jigRy4,5230
nB3HAxCS3A4,1099
nayIT1jO9Ng,343
NaY91YjVbEM,51198
nAsrsMPftOI,4995
NARgrkbz8BY,1011
NACktuQR2WI,228
n9WjhrCrHVI,117
N97f_OmwCVE,226
n95Nc8rB0Rg,851
N8TBDazO53o,542
n8j4YjBKqno,54
n7h0Q0Mp-NE,757
N6ZYJ__tiXM,9035
n5LoVcVsiSQ,73386
N5kSFvMrWmQ,1569
n5HV8l8dvWY,6049
N4MtzsregT8,33190
n4LQjFGmdUY,18
n3xuHPQtZAc,208
n1huCzPjAfc,0
N1HAMUAXzbs,69537
n1DLaN4a-Qo,2497
n_YIMsPzBN0,180
n_W54baizX8,390702
n_MMwlrz4W0,418
n_1nPovdD2E,59
n_0g1lNxBbA,478
Mzv07QF0nt0,0
MZrq8Kco4rU,1263
mzQuIBpS-jA,51
mzB1VGEGcSU,252688
MzadzMPY3U8,182
Mz87tLToSVY,7959
mz84yXla96I,107
Mz7BqPJzehA,828
mz5RgPjl2LE,6595
MyPvWIwrIGw,3880
MYnO9Gfh5ks,3300
MYf-Slm3hQ4,471
myeqG5B2Voo,1379
myCYM45xemk,31
my2VuDkeAPs,1771
MXcngbOxn1Y,1400
mx4IpQFniIE,543
Mx2SwK9dKjQ,5796
mwZbW2dS9tc,1877
MwpeJnNUlGY,540
MWFfrdfbIQs,49
MWbQdgjsvJI,145787
mVYnijQaKvI,4010
Mv6IKzGrEA4,8
muq6HNVOY20,1410
mUMS__cvcFM,154
mUiu3hDlGEs,91
mtuukMeEO7Q,9
Mtu3MMUph4A,64431
MTstD7FHcBw,81077
mtms0FLgMKo,29
mtfHKj82PZY,261
mTf3Dcj5NPU,1491
MSoq8jlpBic,17
mSnGDYVVOgg,268
mSGhHCadA0g,8
mRNC2JySCbc,30
mrJE5AnEzTc,414
MqY-o3uuemo,912
mqSMgp0G0bg,1052
mQpSRve0QsQ,156
MQIvV800Atk,31526
mQHczM8eBLU,2240
mQ055hHdxbE,69012
mPUeRu6NU-g,535
MprG7D-7jg0,6156
mPGk2Ky2RKA,1889
mPg__kEZ6YM,7444
mpbVUju-YEQ,120
mormLRYvJEQ,1051
mOkdDJwRUT4,276
mOIYIutWZKk,1629
moASLrr62EQ,303
MNGL5Ktbj1c,37
mMZdC_-Y2t8,60
MmbBkGL-tK8,755
mM5KRGFOt7I,135
MLxGllP0x8M,2280
mLdWLWvgl9Q,1461
MlaLvnBANuI,220
MkO9ZkVkfLw,55
mKlFjWRGu5s,1143
MKc22HuE_94,911
mjTSwmKqmuA,32336
mjtn3EEG65Q,10399
mJq9UJG7EUU,445
mizpW1j8fsE,4120
MISVkrFAiFk,1496
mi3Uq16_YQg,4109
MHiQbMv4H2k,93806
MGyRE1JDzKk,371
MgYEn_h__-E,412
MgvrkdxG2cc,11317
MGeIK0uxkgo,222
MfvMq6dG00Q,140
MfVetou0ERY,39905
mFtsqERWiCA,1784
MFssIe5b-Og,11824
mFLBNNYGDjE,518
Mfj_A2uuJNE,683
mFiKA1QRtN4,393
mf7MlxZ7VSo,1087
meWP-7MAqis,9457
MEuTqoAKyHU,58
mes81YSx_X0,748
meIe_v4RtNw,251
mEgkIxTglCU,5690
MebiAf-7XLE,47
MDYiTQDJSlE,20
mdvMt2Orv6k,12947
MDRX4Zq57mY,33534
MDpEy9ajlCs,123
mdeXijHgyyA,225
MCQYL7uAK1E,852
McJwniEP1XM,222
mcJKgG_lP9Y,3486
MCh-Gt_KbmU,599
MC5ChT_D894,1300
mC4E6DIjnQM,168
MBWUJbXyaCM,447
MBR2kxt7RK8,104905
MbN0NEky-Tg,1257
mBbY2axJcWw,1057
MB1nghZ9JiU,461
mb_AvfW8p6s,1198
matqiDFKMnc,501
MAnuBR4CsEg,27
maJHt3YM_0w,395
mAfkkgw_-68,6039
maffMTyMBfQ,61
maDPbJaiJy4,831
mADNx7EZWdU,74
MAc8B58wOoE,12292
Maa3YRE-zkE,67
MA271ViruBE,607
m9zakT_UDY4,858
M9yeYipLIv4,1391
M9wPPp09Khk,6780
m9wLuC-4Il8,713
M9-pSLZwpmg,363
M99i7dkYf1E,124
M96hIcntDg8,69
m90xKemHDus,17
m8rIhOnP5gM,299
m8raCLcm8Ew,120
m85ywFMlfBs,1157
M83IkWAJiUM,9
m7lFyINZlBs,28560
M-7Eur0G17Y,385
M79zcP113Lo,938
M79o2UejYKo,99203
m6vrhyWDTiI,42
m6VkfwkXvJM,13150
M6uNQPmqzkw,20
M6qkKTifaFI,528
m5WKCoS3fDw,1151
m5SWt4wge48,1580
M5RsnRRvDs0,1562
M4ZoCHID9GI,1511312
m4xa3C0DeJk,2541
M4MeK74bbvc,578
M4GON29PrKc,1815
M4_0z9DEDpY,338
M3NVzE-dwZk,1523
M38aWHxwtXE,667
m30WyhA3CG0,97
M0Tth-0MNFk,8183
m0mPveAOR5c,401
m0LSRUTmVvw,21539
M0kcLjxoYS8,99909
M0FoR4Dzuuk,2692
M0DJx_EqFxU,12419
M_YO5q6YB6E,7421
M_ThtCRAySw,32802
M_KmEWGMLsY,2440
lZP7CZNzR7Q,371
LZhSKwIrzx0,1683
lZfgmJRkjto,4261
lZewQ-1uLjo,258
lZ6iOa74QhE,996
lz5z3AtQtbo,24
lYXZ6gNnOmg,1462
lyUNWpne9CE,16975
ly-umdSmy64,3362
lYSUyAkm8EM,230
lYRUGtSesXk,15689
lYrqvYewUIQ,984
lYJFwXw1ZIc,3626
lYE3-nKYmBs,6288
LY8AE74jGl8,24
lxoMGsY7GAk,184
lxlmgsfVUhE,469
LXfGuxvIpUk,1289
LwuKUQXL8Ww,3
LWHhWHxtujI,53
lWEhXAmTskQ,74
LwdPfLYQTZY,284
lW9XzU8l0NE,45
lW_1hgOkvjY,4736
lVq1SrDhkMw,1215
LVPzYHk5VW8,6740
lVHSru7zM3A,179
LvFeKDmA-20,1015
LVDZu7nbdcs,3003
lVCfrktNJcc,227
LVBN_QnLXCc,897
luU2o5o1vPA,7025
LuMNKktdNz8,161
LUjzPWj7pyE,62
luh7RLYn1Bw,2401
lUgosf8LufQ,1538
LuEIOp7hj9k,25
LU1I7PtU3k4,3153
lTPGWqkmeXI,446
lThYfJvudTk,295
Ltgp2lE281Q,16
LtGhUxmWVKs,2519
LtdSjLXsBSY,6933
LtCZJI_6np8,470
LtaIVfVaO7Q,846
Lt8q2RMX2uU,20
LsC1C9OgviY,7857
LryQJ25CnKU,490009
lrtQq5lLLTM,2203
lrRFpYOoe7g,58
LrmcPfpH7jo,2006
LRF5QkqLSSw,298
LQKwr6wNa9E,187
lqhg4ETFaXw,39
LqDGzgzbkVQ,3440
Lq7on1teg70,5074
LQ2TukBvccY,16
Lq_GTQGM0MI,2123
lPuwEd2PMUQ,543
lPqRIjjlcTQ,0
lPiIp5QuTRU,23799
LPHt4dzHnV0,57
lpFEpDPf490,10740
lp0IM5tQCOw,12110
loWpbevW9xg,16276
Lowe6bwWIwg,147
lOD2ZuKQnRM,1847
LOALnbOcXMo,123
lnbUhE7PzbY,286
LnAaLsiJW7I,45
ln6yZu03E18,1406
LmVHsM25NcA,10867
LMPrCnzP4gE,75
LMDr1kdX2Dk,216
LLvAGwIJzvs,4129
LllNSnDtvQc,513
L-lJ4XJOCP4,6286
LldkE6x-uDo,1706
LKylGdpm9VA,73
LkY42cH_EZw,1561
LKs8wjbVY9Y,494
LkRtWMTQN0o,2950
lkJKiDYx9rs,141
LKHzIM39gYA,52
LJuYzh3UDGo,14602
LjfZAerxNeY,508
LJ7k_dO7unc,4060
lIW2YlQla-M,8158
LIs-okstf-w,55
Li6thKAtFLo,707
lHNmUUi6LzM,1687
lHGTQiWhI4U,318
LhdkU1C02XA,4010
LHcOOkSvmO8,65420
LhbdBcDCd-U,2667
lh_XC4Vgfdw,128
LgRqI9cxB14,9
LGR0hZqBEfU,662
lGLXvsihT6M,11
lGLiISr0ij8,6150
LGG68HqtBbc,76
LGcVTXyKOOM,297
lG7_wZVAwAI,200
Lg2l7zxa2Go,12
lFlI7Y1M4X0,621
LFkHSaFCBiI,1701
lFjwSP4zUR8,5775
lFFKMxBDx0c,1031
LFEUX014xHE,18698
LFe1I7sEzdI,97
LfbpvnzQ4pg,329
lFaNj05m6T8,241
lF56u4ednlk,200
LF3v1GI6APU,4986
leVFtWgdOWM,2313
lePGkfR8gFI,1551
LE7QEIy-6NE,14402
lE0eWRdSrY4,48161
le0BtRt794k,570
LDzYM1_hVh4,811
ldPfoynz5Qc,33674
lDG2yFLP-Kk,159
ldELXsrL1ao,283
lCZC1WvgSLI,93
lcNWVfKo0P4,105
LCK5VEyQBmM,2659
LcGUoZLVuU0,161
LCcagCLlSxI,2206
Lc9j4Mzeuj0,24
LBrHuzJSzlY,275
LBr74H1sC0E,45
lBpkszdYt5Y,28
Lbly-z-klMw,27
Lb7eCca1iAo,2676
LB3bJPyTVF0,409
LawCDqeAF68,97
LaUDwaXThjY,1504
lApXfnRw51k,618
LACbVhgtx9I,121560
lAaSh9DogM8,0
la9Jy1iccGU,16851
la0zsV6e7H4,191
L9z8TEd4Hl8,20
l9k-iMdAzZA,614
l919rsqOU3I,976
L90R6PtxFKE,76665
L8NfX3popgY,5178
l8911xlXv6g,647
l87WLq-fhv8,1361
L87HuKmGwVQ,348330
L7rj4-HnBQg,22
l7N2cZqltuA,299
L7jc9jVJ7dU,398
L75Y1UT4Tgc,1997
l6xo2cjAJto,13
l6wJr5tmn-c,568
l6Bl1vn32KE,257
L69bdYByOR8,252
l5jKxpjz_8s,1502
L5e_favPleI,159
L49qJ951wyU,102
L447qGEMmxY,1073
l417TgQTLpo,301
L3ymBk6Vb04,56671
L3pCB1RWx6Y,473
l2P2qbr-_Ps,29562
L12eRKXz2lw,772
L0WolaMs9qk,1701
l0hMNP6_ZR4,4729
L07zzjmxpYE,919
L_vxiLDaqus,120
l_hOJc0Pzlk,16
L_HeU5jd30o,321
kZYKnREz9Vo,16358
kzuOQ4Cyvnw,621
KZmV6b2KLn8,271
kzmslcVH8d4,1903
kzk4SId9Ab0,16152
KZK21zOnpos,237
kz5nCpbNE68,19
KYxIC5wQw0I,5213
kyQTARyyfh4,590
kYoKcaPZnCc,13578
Ky9aIxiGzfk,16849
KxywNVLAf5o,7195
kxYBEnrtgEc,7794
kXIF2FQpgjM,70737
kxe_Rd1Qwj4,4847
KxaeCQ9g7D0,135
kX9gW-PagCs,0
KwsMBGm1zBc,1777
kWS0HBZNLho,312
kWolKH3zwkY,37
Kwg28qjdwQs,454
kwDGCTZhDVs,1077
kw9LUFreF94,15642
KvYNjjBnY3o,754
KV2zuSTwl7w,67
KUXd7p_vd3w,28313
kUosDBUjq5A,50074
KuLttXDQBSE,345
kulPdl27Ubc,7204
KUCPuO9NpkA,4114
KtM2vZRvxnE,5448
ktjv9D5aZQg,46950
kTJkXy4BeWI,1816
Kt23dO6mX-o,1630
kSSDtBFnVuM,451
kSkjtFuEH0A,69
ksjWPxFPsos,70115
KS0d8Zl63-Q,16
KRzkMujxXEk,2308
krtY7SOifr4,22
kROZ76fTa_4,101
KR8vKBRIKS4,6683
Kr5VraiB0-c,208
kR4RHp94HYw,496
Kr4cqhytZMg,921
KQRq9FZqNj0,616
KqMPr9TcP28,532
KQKtSekSi94,8332
KQkhtB-Rwos,18
K-QGEWaJct0,161
KQfJgInTdI0,40
kq7JjEz_5H4,6198
KQ0W7wU_YRo,319
KPwH26EBnOI,2127
kPu7_3IWjkY,3671
KpHP8VmxnBo,14828
KpDwFdp58-Q,17424
Kp9jpmDZYYA,2
KP9JelGZg38,806
KOt5Cd-ZwTA,484
KObL442PWhQ,33564
knYQ67Q9pG4,179
knDEcS1y0Lg,507
kN6Diuq3lF8,2146
kN0kAoCENIQ,1441
kmwk1iQAWlg,67
kMRjwo5uWKo,1469
kMM4HIj0BpQ,76
KM38OFDKU20,189031
km0ael18Dfo,3315
kL-OpT8jyXA,298
KLNVa72ZIlk,776
kL4bTuKJe3Y,3227
KksXbA66RQQ,10014
KKJlefSu2mg,93
KkGyHdyoW4o,606
kkcQijn739k,83
kJzSzGbfc0k,89977
kjXIL7-1bFE,3126
kjiUEuCPEeQ,1413
Kj-AtSIFwcE,600
Kj_0NGEFdbQ,29921
KineHEHZtEk,605
KijWxl0MpeM,134
KiBS-dbv_x0,28184
ki-Afm4arC0,13281
KI9e5T8X4DQ,9923
khqC2UfSud8,2129
KhnE8H2eEz8,2131
kHmvtlILO98,1294
KhGyqT58vEY,24101
kGRqkV1yZfE,1270
kgp8yY0txjQ,672
KgMxMavEUVg,1962
KgJtajDBLI8,24
KGGoFISHqq4,86
KGE0x5dIpxA,53856
kg1QxSffWHc,636
k-fOPhVfOGw,32383
kFEka86Lrrc,1538
kF4AA-186Ow,982
kEX1h6vAUKk,54
kEnzQ-zz4V4,18
kenOml-GB7k,0
Kemqo35m8gk,30548
kEI1SiT7yAU,27
keelOjhE59A,1058
KEcbCaHlNhw,4700
keA5xzqTBBw,35643
kDZDYgaonjo,412
KdRPiY2KE8w,7741
KDl8SPzZZE8,289
kCkuuzDOKwE,11736
Kc6CIwBVo5s,0
KC3MutXeqHc,297
kbXofasY2sE,208
kbk4dxVvxmc,66
KbJytn-AQik,4
KBdrj31cUTA,620
kBbKITdm3Lk,338
KaxXm0nS8N4,504
KAKkmkL78_w,671
KakhRFRBNV0,0
kAhXAk2mh5s,1926
ka0owW3i2tA,17175
k9vQ5IIhiV4,2441
K9tw0LPYuFw,49
K9sJ-yhI0qE,237
k9K06dCP-lc,239
k9ixzuob2rM,317
K9dxueVOZ7s,2831
k8UmX17DXWg,45734
K8OWx7q9Yzw,4
K8jLEgPsXKw,16708
k83oIJUlnkg,0
K7OX1bm0Ecw,834
K7imG4DYXlM,25951
K71R1mBqgck,237
k6VdVviZFRg,2308
k66mz_kyLqg,3910
K5Q-ZJyhckg,2812
K4N7F73XrEc,657
k48ID5sB3Ig,700
K3WXjoo2cjE,1917
k2yZ6RyuWjk,4153
K2V7YQhsFo4,2446
k2SBRD73Fz0,209
k2p9gsjcfQY,14796
K2AbwVxrJ9s,109
K26hXCw3GRs,174
K1Uq8ehrOUk,387
K1mxzhZZZzA,44
k1KAJRWfQEc,1340
K1cPBahx7zI,351
K0s6lo3268w,2737
K-_ojrQCk-4,38
k_BPFzUI85w,3568
K_6B68h_Ihg,256
jzyEO2JRwS4,55
JznDbHT8SQM,312
jzLlsbdrwQk,157093
JzdRrsGqZRs,272
Jz5BW8acYv0,1439
jz0-VqHHAn8,58
jyYTaucW3EY,2404
JYmrLUeciAk,2453
jy-eDZkhljg,29693
jY1Ka-NyiZs,50
JxLywSHYwDE,4070
JXKb6xtqC3w,16050
JWZqIXbO0C0,419
JwsWpnvytB4,17
JwIpdVvzSTw,2039
jWDot7hdnuM,169
JvzZboNIRi0,0
JVw5f8231P4,78
jv-u3c1aeCY,844
JVro7EIrjGE,22
JVDpRGKZb9s,194
JuvHVmmR9sc,261
juNbfZW_Ntk,56
juL35HqyNY0,824
JUi3psxB3QA,3690
jua2rmJg7hI,5883
ju4MDaz9IBI,352
JU3WyhOoli4,840
ju_inUnrLc4,577254
jU_5oLpG6bI,243
JTyZeMPOP18,1381
Jtuv4_WV62c,380
jTtTAsx8knI,244
jTRvTt2LrOw,1257
jTRC_FMzLoo,13266
jTpFbbBfHys,23
JtIY1Naxg0M,24818
jtHM8yGVCTc,11699
jthJeHp8evw,12347
JtCy-eI57Tg,1741
J-tcQFTdHmI,339
jTa3wtRaEvk,602
jt0SbL_DMmI,314
jrXv7WNo6No,1947
JRXKF3nytBw,526
JrnSfMggWIQ,182
JRHG1E42QBE,3273
JRg5psqNN4Q,2918
JrbY3ayiOvw,37
JRArkJQfW8E,42
Jqs5EaAaueA,3656
Jqh-XJovVJg,7301
jqDYqSQeulw,3788
jPzC_jqrqE8,5490
JPyTVxF1YZw,1579
jpStWV2GHF4,1745
jPQ87J_5qyw,1115
jPMJtUpiTIQ,9969
jPEYpryMp2s,208742
jOwQnez1CkI,55
JOwj_5yrGn4,552
JovqVQt-caU,84
JoVcuCChCSA,1752
JOtiHM7XYMk,1084
jOS3o7kY8-o,8
jOlxfguZUAc,48
JOCxEgfea9g,402
jO7Ysq0m050,11317
JNyZ49q4vrU,105725
JNuVL0l5Ofk,10385
jNTyQPUoFHs,948
JnoDYbheNYk,26
JNLE9_lv_hw,1257
jnjSquL9cW8,27134
jNgKSbrfOX0,1182
jMwcCqB3qWI,47
JmmpGToEEsE,1337
JMgzvpqzdTU,29094
Jm0Z-igxYD4,375
jlxoMbXGcD4,100
JLqmKXMocm4,207
jlklGaS6uUE,120
JLJYTkV95rA,251
jLjSSXv-beI,45
JkYJQdjTX4o,25
JkmyO6vtY_8,8503
jkiUKB6RwLw,1904
JkhdOkdx_mI,18146
jK8txVPAPas,641
jJeOHnCBIHA,8
jIT84V56JAY,1818
JiSCi8x_les,62
j-IDQ2Sl0w8,91
jIdHWKNUal4,19
Ji_4dH_FXzw,9230
Jhyz9ZHXn5Q,53
jHBQDOabJLc,2300
jGsE7y46Eqw,1938
JgQ-07VgJuY,8476
jGOlGq1ftdw,588
JGo_a82jfj8,109504
Jg1C6KVz244,207
jfyDd2s1uS4,1387
jFROhmtKg8w,990
JfQ3W0wjGh4,61862
jFdf5P13wRo,39065
JFBudC8TEmw,12832
jf9c_NrNnhc,413
jEvsCK2oNss,1946
JefYnYIXY_8,8845
je2FN-j8AhU,6605
JdxW2UU42Lk,1155
J-dv_DcDD_A,2780472
jDmXDp6bwAA,9100
JDmse8M-3-Y,136220
jDHI8oQ_Zu4,564
jdH2Sy-BlNE,72689
Jd21e4TIw7I,4
jCtml_r7c9Y,5738
jcSkWjhgg70,1191
jcM_Nd9xWeA,3663
JCJb2VSAMEg,176
jCgOX8OdIVI,4287
jce4fWYXJlw,1093
JccdF9l4HEA,552
jBVjuXSpTIc,22
jBRUonZ_YI0,667
jbNtrN1UpFk,1777
jBGmRaOSe4U,1547
jBFrbme17jw,97
Jbds3NtyQHc,369
JBc2_AsRFBU,13094
jB3vwW63dpo,565
jAZZTE9t7g0,3775
JAZTcpADZRc,4484
jay5lU3lElY,886
jAxrCPu7pXE,1919
jAq9RV3k9Qc,7163
JaOFvO5rpig,41
JaA2o9aOGC4,691
ja9BzTROxio,821
j9zADkyQgTg,265
J9Hwwcb5BFg,3744
j9Fl_eVVIXU,64
j9cqnZokCr4,119
j9BsPYsqTc8,15
j8gXtP-oqmE,4221
J873mKAKCB8,10
J7q7OS9xEpg,507
J7iuXrfCDD8,2569
J7E1vZvMi6U,16619
J75enyWdbBM,134189
J6TRJ5ShyK0,191
J6R0X6NTnSw,47770
j6QXooNPFd4,78
j5s-s1oGzVM,57780
J5bxdl_GOeg,617
j4OHuUN9AZs,1769
j4KvrAUjn6c,377308
j4jaYFNwEbc,395
j4bCgjJUuQI,288
J3KdH_dg8Ps,347
j3dm1G0cRiU,71
j2MzGn2Bu_w,1459
j26WyjSo1dE,4337
J22oKQEE03Y,336
J1w51DB4LZo,410
j1v2A5pyGlY,22435
J18itfjNOQo,621
j0fB6Cg5AAQ,580
j_C7WC46IP8,559
iZyO31frTJA,518
izO1aZnHOy4,1051
IZNAp5g-nPQ,27497
izjXOS6FnPQ,899
IY-rI7KcHZw,121
IYoZJi42Tt0,88
iy21pjp5GiA,467
ixZJ6t9jMSo,552
iXTFY80QexE,325
ixga6yB1qiY,462
ixeJyJtDcgE,11032
IxD2NbXzgpQ,61871
ixagtnf7Ne4,285
IX6gYfA6l88,20911
iWZmdoY1aTE,2125279
IwSYVyIFCXM,29
iwrOIl7hwQA,5305
iwiULjXUxIc,60
iWFXM61A7oc,4145
iW3Than5jrs,1754
iVxptSKVxa4,57
ivRfH8-tOe0,0
IvfQ-hJ3cAs,1843
iV3wgDoWGY4,49218
IV17bu7vQcw,210
IUsFWiE0d20,15330
IuPABtlr-rM,3926
iuG9R6bzm14,253
IUCVzXvCZaQ,12
ItoLIaCnvf0,142
ItCfrTopoM0,3511
iSSiKEF-ww8,5691
ISPadKRsrqE,2547
IsNqBMqIVMY,463
iSHAg6vclvg,312
iSallxKpm8Y,82414
iS7vBk3naNU,11
irXTPzJThKo,1567
iRf2PUdsOxg,1089
irdFQkn59rM,2025
IQvd2J4TCyo,4263
iQp1_GfDhwQ,35908
Iqf4Lamnd_k,404
Iq6gCapM9gk,64960
Iq_MgclrgzY,5825
iPWIULW-joE,1974
i-putUPpHAA,187
iptUNUFdyas,3695
iPKc8GEdTY0,45
IpinzeTlnqU,3603
IoZ5qDUuPV4,23210
IoBruZ-GwFo,44
ioBqtGUcEPM,820
iO04CCzoHCY,196
iO_tfamaoV0,863
INuUE7dQ5os,0
iNogpbJa7-g,1119
iNAJOgo5_Xg,873
iN8zmmCRqUA,110785
iN0rb1y5XKY,514
IMhxZkdKqqM,988
iLXt4OXc4Vk,1474
ILN_1ELontY,3
Il-an3K9pjg,294300
ikxUWWzrWpE,170
iKRk0DrsM6U,184
IKI0tlXPCFA,93
IKCcW7d1tlg,2271
iJz5jURaEBc,39979
IJp_TGxfTEI,5634
IjK5TzQHuTU,193
Ija8gz5YRX8,345
Iiukq_ilT0Y,1376
iILJvqrAQ_w,91384
II553BMJ3sI,2863
IHwzfKq_NxQ,12028
IhnI1geDce0,1539
IHmWhvjoSds,62
IHlEsRilD3U,7030
ih8ex84QoH4,13880
IgvAN76IneA,238
igT1QKKm2GE,13012
iGLEzh7N0sM,47
IGg7TJvTRRU,23
iGFgMQkLigs,416
iGD4bBgWPcY,8395
igczJLuaelg,272514
iG-aeBik5DU,4
IG6VTRJNe1I,217
ig6rSqTvJLk,49
ifFSX4hLVM8,408
ife6ImdzZVA,1746
ife5Zij94_E,6432
IfDu6zY2_VU,10154
IFDnJeLgIZk,8531
IfCYeFyR-yk,19
ifa_SGkGoP0,200
iEyMyMA3rAI,2005
iEOLAqksKak,31
ie5-9l6AF7M,22
IDVxubAYBWM,343
IDQ0f4n9aAo,3578
iDk6ExMXLxQ,110
iD6or3kKsUA,298
Iculr0LElws,7772
i-CR3q-E5jE,3998
iCMEMuJFLR8,2427
iCHX2KZHdDw,157
Icey1kz5qWk,9862
Ic4Xo3BIHzY,1786
iC0WbIUZQGE,1418
ibQD3haB0aY,40
IbO0M3DTqis,18990
IbJwUqKgHkQ,12898
ibh_G-pHRtk,5129
ibewMM7YiG4,2271
IbBSbdcTV7Y,1166
ib8ETHsMT9w,0
IawKU9nOwHA,19418
iaVdSgyugKw,237
iaL3EEWspLo,18324
iA-fY2dr9jc,1550
IAfaZUZGuGY,438
ia_QG01Dzk0,238
i9T2Cw9X4nE,61
i8OYerdcmCc,1265
i8EJkbADR3o,27741
I85lSZVF7_M,409
I6YQz96PYvw,9348
i67S0wJXgzA,6093
I5yLNzUPcys,4
i5qOzqD9Rms,1021467
I5cu5Pg4hOk,226
I4PzRRZ_8B0,323
I4Dxya2XBUM,171
i3U4CgbO1Uc,260
I3Amrr5k3WE,847
I2lQ_gFO3I0,1691
I1SaQFR_QbE,105
i1mmLOPlkDE,13
I1e0PQL8K9A,409
i0p1bmr0EmE,7538217
i0BtxkCInqo,391
I_ZC3B1NoSk,325
I_YATAIvd4g,2731
I_XyUvQtABs,1213
i_WzT6fJHak,870
I_nLiI8dkUE,3439
I_0GgKfwCSk,454
HZTkMpr9Kf8,177
hZr1u-zzejU,12207
Hzk1bM2vVFU,62924
hZ6eNWwvLtA,145
Hz4-LvhISYg,5
Hz0VlUVjYfI,0
hYOa56nwx5Y,2133
HyNJ3UrGk_I,4822
hYirFqEc8Tg,304481
HyDSFU0pX_4,1130
hy9Uo864i5g,527
hY6NByWnGys,167
hy6KpYDVjLQ,113
HxuRKqGx0Ik,10376
hxCpOcskJ1o,2482
HX3tKAcCcxA,17439
h-wyXvCD8rw,30
hwWCt4_iA8Q,1218
hWQiXv0sn9Y,17113
HwOGPU6hEqk,1757
HwKleiTytiE,325
hwExMRQ6G3A,1604
H-WEhug-up8,105575
hwdIOJ9yE_8,4248
HWDELTsAZOg,612
-hwB-0DPK0E,94
Hw8k0dW3Drk,7771
h-w7QZo0XSc,83514
hW38oCItJqA,67
hVxU5ekXB8U,415
hvFbmImsCc4,10147
HuWLoCF9rWQ,94728
huuKJlw4-ho,271
huRPUAeS9qA,386
hUNv4xSDdl8,876
hUMIhe1Id8w,77
HTTpDGDAxtg,78066
htSvoCwZA9s,176
HtN-tzq7ZhQ,135
HtLbE_SIuxg,6268
HS-IGKUksog,12685
hsciWLqg0vc,335
HS9fcQfAeDc,1960
hRzbHAUS2KM,425
hRWxAN6JOZE,37
HrRHsxepb5k,263
HrQNdClwMs4,14750
hRi0OXOcH18,494
HrHhmnSJhSk,1208
HraNmhX3By0,438
HQYT0wZojYE,316
HQojvhHfdZo,416
hqOcrEyOR_0,4443
HQMcsutabmg,1880
HQiDKE85P3U,53135
hQe4R9cSmtE,3256
hQA0oWZpgAQ,54515
hq9RhnpPG3c,76
hQ6-boBoJMg,1266
HpTcnq5FbzM,821
HpsNMeomQgY,60979
HpRCdC4Q7CM,1086
Hpm8O--mNTc,338
hPftq7ppMe8,13
hPfeeb2pHyE,0
hpEjxsHT0Zo,1694
hpchDSh0b2o,85
HPaoh3aVCsw,310
HPaKuqsNuCo,21431
Hp7o9oG9Gis,71
hOzo15P9Aq0,936
HOyOVbQGN4Y,28
HOxylh5runs,40297
HorugBalutw,28830
hOngcvbzf30,17
homtQ43rY18,6833
hOiHshb3BKs,9789
HoB7u3UAqWM,2341
Ho4zPMlmb2M,441
HNyNfCZJn7Y,258
hNxEyg23KVk,2049
HNvX4pY1TLI,126350
hNpgwz8wvE8,608
HNKY3MHRejY,1298
hnKvVZhZ2sg,1556
hnbX4Ygo4sY,0
hN7zAz_PX6Q,52
HmvOAH9RN_g,4156
hMvcKL07R5A,55
HMp2PyhJmhU,16
hmes-Q2F0Ho,385
HM8Ba21aRqI,457
hM7FB5WrXLw,3540
Hm3_IxMw9jA,287
hlyAERk0Dfk,166
HlRd9Zy25zo,3683
hlcXgyk99Qk,1640
Hl36Ax4JCC8,3957
HkxeDrsLJfs,478
hkuN0VCJ_d0,25911
HkjOQTjnLBE,2423
hkcjlimFGL8,546
HKc7uUl3StQ,0
hk7_CG2ejEs,693
Hk5dxn5dj2M,438237
HJoamS1QNxU,20230
hjFV2f36A_M,4910
hjf-h6NMj7U,5004
HJEXMjEnMyg,3042
hjEHKvB77oU,835
HJAr65M4Q24,426
HIWxQH6EiYA,62
HIwirSk4RjE,150200
HiQHcbFJv_o,85715
hiM7srHmZeY,1175
HICLZAMwzLI,4086
HhXxwJVnYac,688
HHuTrcXNxOk,2833
HHodhsY6-m0,3959
HhoATZ1Imtw,26373
HhhWIeCp8Ks,12114
HhEPgqqUckw,111
hHaUQh6Gx-Q,4558
HH6M5tPZfdo,6065
HH3J-sSf6RI,5290
hh2tbZt44sY,1691
hGU1ytRiG1Q,158
HGTR3N4kBsA,267
hGSIbCtDsNo,9062
Hgiu9cqph5Y,185463
hgdtr4yvV9E,409
HG6M2xQZvj0,79
HG5BU_1RMSw,8597
hfmYlHD1Dm4,168
Hfmta-9Rs3A,12656
HfIgfy0HJHU,534
HFGzgtMyOZY,119122
h-fBZgIi5Rw,147
hF0VjeUjl4w,12
hf_5LZlmSGs,7179
HEryVq4bRos,483
HEQfw_v51wg,3042
HEO5W64Rulg,800
heNYBivbt-M,72387
hEnWzvzVMaA,287401
hen_Mt2ogLY,4786
HelJMVjKc5k,111
HE1NXHr4VBo,201
hDYPVhwULCc,61410
HDYJVmoWoyA,28652
hDxJeWnQEOQ,94
hdWK-uZ3JTI,13272
hdoLeKGoSjw,113253
hDm-OuV_Xnw,393
hdmjscyogQo,1294
HDfCYNfzo7w,920
HCYcUolhGPE,522
HCRefZ1_yNY,8020
hcqqHwlc0Dg,2351
hcM7UBal4M0,41
HCKxQXaNiaE,0
hCEKHpHK60Y,22
Hbxdid9XvJ8,825
HBvPrh2yMik,19851
HBUh1kJvqIU,1049
HBfXWXIrHCA,7825
HAw3OuACUaA,769
hARjT7uoWUg,2745
HaqqYqzjZwY,593
HaJ8MABF-r8,1152
haHEgx6pj6g,96
Ha1WASsssGo,23
H9zGeEiDnp0,168
h9MFiU-EqmI,1341
h8BMqjEF4ko,66
h7O1WOkFS5Y,10052
H7gh2fmdjCU,55004
h7FFVi3ZI8M,386
H78P-eAvWqg,7209
h6kJ477ixNk,22
H6D81MEXEEw,2010
H5g3AiMQz6o,670
h4XkP10BQNo,3927
H4NjcO2GAMU,815
H-4nBYluSOI,1334
H4Hb6HcCm_E,158215
H3PKipRZKv0,13352
h3jTiKv6oII,19
h39fZdU7174,5580
h2lfKH-FBds,1193
h1UBM3UgAlw,201
h0Z3XZMk-3Q,32
h0lb4XdkVqc,3420
h0GU0iU-8Fs,1905
h_z5v4KpPXM,65567
h_-TQShNW4E,4907
h_O8ZvB3uEk,163437
h_GwO10HroY,5114
H_6ZJrg-E3Q,10964
GzYRQA-eN5c,150
GZUv8ivnv1E,5135
GZPuPoQe_3Y,56925
GZlCYNxt-Jk,0
gz5t34056G4,526
gZ1XyZF8b6U,7044
gYXnsU3k6cE,187
gy45HWaFhhA,68
Gy3aKyIlNB8,588
GY2eAWpW4_U,3914
gXsgy-L1BcY,2258
gXq_OW7ws18,5476
gxofHLuA1oo,1311
GXfLAZbFhbY,93
gxFACdXlD-w,404
Gx5DV5zFKlU,5322
gwY1SoVp4mc,1161
gwqFS9Ld4wg,258
GwpZKy05D-w,6269
GwpdF-zXVDI,2849
Gwi_UN-w0x8,2646
GwENimJ9zdU,3393
GvUm3aaOpM8,448
GVREuiXxu_g,15
gVPAB9bvW5o,1665
GvJtieRgDy0,7435
gUWDiXBNohY,108895
GuRl_sUUIUQ,870
GUKrboAyiLs,52
gu-g2U5B1Rw,3337
guf1L6HmeOc,9021
Guds5zc5YgY,17512
gu5phlkEINU,714
GU5aK9UYlww,155
GTXXt32P18U,6675
gTec-EiU_gI,1326
gSxkueLTOXI,33060
gSNr8ZRYYyQ,22
GsguBTTNMHA,4364
GRTGJ5bgV3M,308
GR9pZuk3sRQ,131
gr60GYwc4kw,1449
gQRxNOA93Yo,590
GqKlALVKsXc,4858
gQB1O3T4jug,331
GpxCT36DxKg,150917
gpwlBzralds,10514
GPv28j6S-J0,5
GprSy35gXoY,444
GpLGLyag9P4,2887
gpH9clmXx20,1734
gpeXPasXfJA,3487
G-PDcK6RCQk,373
goR9iTdflso,35
goKi8zLga4I,18
goIXAFdlcUw,116492
GOEQZIZnHiw,134
GoeP0MA-M_U,276
G-O9JkxoLqs,359
Go8VUAZWhpY,16610
GO7idCSKOPU,21
GO76u6fzP3Y,165
GO-6wpLxgVk,3625
gNyVxirAkpU,1542
gNXoxfeyzmI,44145
gNvNMWiMxUE,185926
gnqSLf6PQM4,913
gnDVjDTXE0k,1076
GN3lXh3HwIg,1714
GN1lWxbVEK0,140
GMmOkoAsfUA,96
gm6eHtqXtio,64
gm6Cm33h57g,8324
glvJ_ToJaLw,524
GLu3p97En1w,1591
GLnsth67ExE,395
gl-n1SDjXds,116
G-Kz_WlA0V4,161
gKyysb8HdpY,709
GkOfLHJFQ-k,84
gKmaD7QpPtM,37
gJPDqGNCaWk,159
gJNF1R4EDnw,2316
GjjZacZSWT4,1529
Gjc0gXDE3aU,702
GItpj4vu0Pg,5236
giIYz93IyVQ,143
giIC5vtVboc,4605
GIgB8i8o2No,3458
GI9RunycNQ4,7657
gHHyqoU8sQM,3340
GhHBfDK4lE8,13871
Gh88fu1lr38,101
gGuT3MNE_QQ,1949
gGoSQ-OAFHI,774
ggm2Pvj2QHQ,25742
GggvcOwJoMs,1882
ggDsYF6XsGM,33
Gg6ULIThWus,29
gg0YAsBE03E,75
GfUIsHizsis,4452
GFte3Ypipjk,802
GftaTqipYas,2573
gfIrR7k2JNw,1069
gfARYwVMoZA,15839
gF0bvI9vLvI,28
geZGGYxZtWA,401
gEQD59-0_hI,160
GEO7BS4CW9s,3886
GeLtA3D5hjQ,1157
gEJGADrL5Ss,2224
GEIvFfeSjuE,3670
geh4R7kp5MA,126
gEApbNU3zU0,10
ge9_JBZVTIY,1542
Gdtw2DQsxTw,11488
gdkdm2z4atI,18
GD8zim_L35g,8063
gD7MOR4CfLE,1556
g-D6uvx8N-s,165
gd0bB-5X4o0,9735
gczHz0CPum4,2648
gcFL4vaFrO4,15
GBr-RXZD400,201
gBoUQwFAkGc,1544
gbMXWQPZ-qk,8
GBbXSZNIYJg,525
Gb1Am-33gTk,22708
gB_7KBTfaw8,517
gAZaqhNxAm8,2583
gAmGK4zwbqA,1314
GAkkKjds00o,0
Ga6Wpb6feSo,208
Ga2jTgSW3kU,179
g9kT9_18za8,123179
g9-Dnfs6t68,2084
G8mVjYzQbko,327
g8fUVpgUHgo,10431
G8cmgjTTb1M,195
g7ymWawG5A8,1329
g7kywh1M6SE,3088
g707rqFzPdE,1126
g66Ht3zT2BU,1178
g63BEa7LEtY,0
g5wVhaupuKc,1062
G5jCLidjWH4,673
G4M3DAJNEvI,210
g46T19sztLU,4810
G3TweWz_5HU,115
g3s0--LcgQw,13971
g2Dak59cq4k,114
g24Qhn-8_zA,7386
g1Vag7OgCXw,6420
g1uh6yq2VKg,206
G1IaHrsCjqY,278
g12U-0zes9Q,7285
G0EPegHoHXQ,6446
g_c79qjMpVs,726
FZCutVRTub4,545
fZ2OBZ2JM6k,0
FyzXKLL4fMQ,24
fYyCSQAqZk4,1284
fYwRsJAPfec,1208
fyrwbWIJd48,855
fypz5wVS5T0,62
fYphTLCAXD8,95
fyNcJlwXurk,2286
fy2XDBbDrAs,1706
fxVO2OKEht0,330
FxJWlwzRA_g,499
fXf509_xRKI,3313
fXEmvlEeruI,1120
FWxEqphFiwQ,2032
FWJkl9vjptc,831
FWFMPkU0hKc,3120
FwBHy9h2iPk,6552
fw_6qHCQ380,2581
fv-RdJ_Yo2g,74688
FVpTr92g51o,1218
fViHxVwA6hk,5895
FvedKSaHCBQ,137320
fV6oZmYG6fA,18209
fUTyUjYldqg,157897
fuAHE-V_3lA,81
FtVCjMAebq4,1160
f-TtQ6jR1gQ,4548
ftqeN3mG9e8,418
fTiujTcfksY,201
FtewbwIZ_-I,295
ftDgp2aFTt0,194
fta-oFsi74U,1786
fSVfCJ3v8IE,761
fsO3HlLfn3I,556
FSKvQBKADJU,15508
fS37K3Lcf6g,2917
fRuxM15O0yg,370
FRsUxR6VWhc,81652
FRQL_CXrqzw,33271
FRjOSmc01-M,70394
FrHfRa3AADI,269
fr-ftl_CyQI,181
Fr95MPLCvrk,79
fr5fRoOVSSA,340
fr5aMI0Whbs,88
fQjGRb4-IQM,9032
FQEhK1SQlRk,21973
FQDGXMdiAHQ,1603
FqCZhSIXcv4,2068
fqclK6rn9ZI,2586
FQ5564CZlqw,506
Fq35Mmpds6Q,17
fP3qT3R3M6Q,35
FoxwmWaS1J8,176
fOvKYX7ZlHk,27
FOLM38CnqhY,1551
fo6ZIeXPK1g,0
FO6My1joJVc,31974
fO_gK-R4h4Y,135
fNVUTgd4pio,151395
FNq7Psh3zEU,35
FnaVcsLz3Qo,1905
fmwZwixkBiU,1109
fMHfRqP0KSY,1065
FmeVHlJOpzQ,11520
FME8rJzVoSA,1332
FM7x2VByEfk,62093
Fkph2WF1ep4,194
FkOt19CUC30,90995
FkiQ67FtycI,121353
fkBYn3QkgpA,2035
fKb4UFjfotE,128
Fk9LLmBN8nQ,11130
FK8Afzl3bcA,35
fjz4CtKZYAU,26
fJXWRFizc6E,343707
fjsirJ2YMXw,290
FjqBekVMwjQ,777
fjK3lt8AQoE,61
fjjSB0WzxtU,698
fJDvVXeFNXg,37706
FjcOT1AD4F4,3
Fj0BikeLT_M,89
fiTzPD6iuy0,3215
Fisr4YY_2L8,5152
fIQACebF8pU,117
FI0Rl2ePRoE,4722
fhzSSW__ZTE,1386
fhOlHaBoyWU,580
FhllRWReNEE,2539351
FhhlMSpvCQE,834
FHGUJ2qjVC0,7196
FH7wH9doJ9Q,13928
FH0NCnqKwmM,3339
fGXgayxAlZ4,30
fGMHhjuI9mg,3729
FgF3ENGluoI,55
Fgd0RrJBXGo,1288
fgasnlX9laU,793
ffxKSjUwKdU,7938562
fFuQfcAbCIA,131
FFpIQSCp1HM,12062
ffnTZdgUs58,535
FFL3h6ZTCFw,384
feYykx3Fq-k,11014
FepIkIILumA,433185
fEitujHoYdg,396
feFX57s_qro,3376
FE7lYMQR4Jg,110
fDRrqJU4-Tk,272607
fDmnFyug3Vw,8
fCvg-qPJSDc,66
FCEN-hbeoXw,1284
FC8kxOe4a1Q,0
FBIkUV4I1aU,21217
FBhVIhmh_N8,17781
fBdx0CdSDJw,357
fbbaFFpUMDY,626
fB0ZhNYSqBs,1137
fABSffnIhrk,44559
fAAAZqFmDfA,10051
fa3g4zx78cs,225
Fa2st0GbJFM,33
Fa_wN6O-eQo,1496
f9ZY3k7VYfs,5671
F9qdxZvP3Kg,141
F9LeYXYJICk,279
F9_NFkukTQg,59
F8LYZT-FyRU,91
F8IFzaqeKdM,481
f8bgdZsVuwk,226
f83MiZnkWts,258
F7n8Szu4m5s,1149
F7cz430lylE,4837
f6R4W4UKC7w,188
f6NJvg-kWJ8,197712
f6Mtsuj4z7A,1300
F6Hzna55ztw,412
F6HVgrg92Rs,9399
F69ULBih45E,65
f5XvBNg2Y0k,19
f5I79eakR8E,179925
F57oEkHaVrs,721
F56g6rfwDiM,1738
F4TjzbiB6_c,5494
F4QqFhdFj2w,2211
f4FuOi9rvKw,41676
f44NvLRFWaA,583
f3WsOp6jZQo,63
F3m9yVlJDtU,8219
F36O0KExI3s,516
f332DVN3EoQ,8213
f32EIDxONWo,6
f2kesmAO8VU,8562
f1k7FAIVt-Q,17
F0rYqvRk9r8,29606
F0b_-cH5ZcU,727
f_U-hMer1cE,5070
F_thvMnIxEM,3331
f_R9_xdhuNw,100731
f_m_o_uaMfw,700
f_0duM9EQx8,6937
ez6Xdf_p7Yg,228
EYqVRLKBCrk,83
eyPRDwsjCJc,171
eyhovIu-l6g,1337
EYeIEou-5kg,13045
EYBGrkSh7EQ,206
ey3r8jOkr70,10238
eXWfz4Mpe0M,599
EXv1EGgc5WQ,2822
eXmL-WmysCc,350
EXk7GQB0ico,100
exjMt3v81tA,3789
eXiQgPm4hmc,222
exdrZa-k0GY,59115
EXDb2GaUKZc,2310
EWX6O-OTwZA,6082
EWTjiJM9IQI,22
EWKh5wkFzHw,347
EvYtTEIcBWs,63
evvcZnY__q4,516
EvUtLH8ck9k,14
evSfOassDBI,1347
eVmxh5Uft0Y,1185951
evKZGQ-qwEE,42084
EvGCQN7s8vw,148
evfM1QDfleM,1755
EVFHlNC6Uv0,1808
Ev46fHxVe_A,333
Ev2aExZffQw,1417
Ev23TV62k08,8282
EuUjTnv3oqU,190
EUtaUM0mfc8,1190
euSYwqmrlqc,4
euRUiDkBGvk,11242
EUnQnf8mfW0,23961
EUfZCJtfAYA,14190
EUFtVAgh9vM,39772
EuAuos3Zxbk,4419
EuaK4wPMIP8,2521
ETy0SABmtak,452
EtOnTE9zvQA,6639
eTNm7nrDSpg,133
eTMQAKK1tNI,3931
EtMbDY0YWds,164
etJcrUZDcL8,3430
etisfLMUagI,271
etHvp3_1LnU,1372
eT9QeDqZbWc,2101
ET9ee2XH7eI,1266
eT3ysRMqcS4,35
Esy__nIL_pk,798
esVSw_vMLz0,186
ES-s9KQrUTY,15436
EsNtFuysX0A,563
eSdQZWCbqbg,2447
es9-P1SOeHU,1416
Es9CfWMmPRU,43260
ERqixcGaK7g,5923
EROqrFqHegs,3545
eroexhJFTV4,461
erLNU0cJvkY,1045
ErlEqdAyvlU,2014
ErKz5mD61q4,32768
Er-hGFBcosc,3368
ERGgkBjqUaM,1025
ERalk1IJSg8,1684
er6Nf6GlIwQ,654
eR6l5okR-X0,25
EQqIiTk2fy4,152556
EqeIRzY7hIU,33941
EQ748TZcuqs,6916
eQ0dGohz6zk,658
EQ_kjEjKrys,836
ePZEEe_F1Yw,6
ePXc-hGI05U,65
epOIU-MvQU4,231
ePl6Y1nSwq4,9
epHRVoTFuVM,2462
ePbfeslgzDQ,6
EOsgViOeS5w,465
Eonq7PRPIqY,5595
EOc5sMSsZu4,17257
EoaxAjh3RJI,303
eo9rNMv9gq8,379
eo53TL8P2Cc,1077
E-O4dvQha8o,24
Eo3YNYw9DjM,644
eNrA2lorN4g,0
ENnNNLSkdb8,1524
ENDfYD-4giE,79
EmUaWk5HBSI,21335
empFDYhJdYE,1574
eMkZ8GEVgUw,17440
eMJuMB1asf8,75
EmjneOzB3Dc,0
emISpWXVuJw,6502
EmEF22qxqxo,643
ELU7iQIhQG8,54
ELqeARqjcoQ,287
ElPJr_tKkO4,43505
ElkmMsTGvRw,8941
eKR_n4alu3o,72801
EKQhd-CnLJA,84
EkL-7WX87uk,4016
ekkqzUqxyoM,4709
eKJziZJ9uFE,63
eJU6S5KOsNI,1635
ejmd5GcJppg,11
ejFccNmL15g,23841
Ej9hjQvaPAk,5962
eIW6fO6a1r8,709
eiudTjsGM7g,7195
eIOE9TpkQBM,72
eImcshbklK8,1430
eIHlLUcDkas,98
EigOCOwWxRA,45
EiG9idSXuB8,16
Ei29qEys78k,260
EHUYNVA6hF4,25356
EhuK6otBZKo,125
Ehox9NY79JE,20355
EhLHNpGgBoQ,383
EHcLF-tNwr4,63
e-HBbQI8vpY,146
Eh5eWMn9mJM,25375
eGt_iBDVces,1326
eGpYwRxd71U,98
eglWMdvnrBo,63
e-Gkb8KHd_4,2733
EFXZ7tONrRc,781
EFwa5Owp0-k,39048
Efn3et87_jE,23756
EFid2otZi6I,3199
Ef4PLSqqg50,62
EF42EeBNwl8,34
Ef0wj2gFDEg,9
eEqa7NSg3_c,545
eemoOV1qnwg,365
EeghAmB1W8o,2838
Ee7tKhzSuik,152
EE5IVJOTYkI,521
EdM8n_3iTb4,11852
EDcSeoO8fC4,683
ECSZ4ygoC0U,5
ecQoW45bzB8,124
ECPYUxs4aaQ,91
EbYulfRzt58,2863
eBStdVvB4ik,124
EbSOKsFHwU8,197404
ebLxWffaQF4,2548
ebKNe8e9PYM,177
EBD48hQiLjw,419
EbbL8NhdTQE,26730
eaXmIPHrHmY,5729
eAvZLy-mFdI,784
eaVSN3coQM4,48
EASMgCZ6A9Y,2236
EArkDIKyHPM,993
eAMu2dspxTo,266
eAmevSQbaZs,3091
eakWxxHKvho,27
EaJnYMQ3pkg,1141
EAGf9RiHcWY,16
ea5EDMX0ong,1409
ea2FXcjk3Wo,40331
E9WVV0J1qJU,6
e9NOwaiXqqA,1724
e9ANXePp-CY,213
E8wZqMHARgY,2212
E8qN0ibe5GU,669
e7X5RZO0eRU,400
e7sIvcYmuk0,29933
E7NdrkKD8Vk,7590
e7dqJm4_9D0,1050
E6ZvwETGbv4,3425
E6IUMKMpdRo,32049
e681QNbHloE,1463
e5ILfB8gmKk,209
e5bernQdWiE,4187
E58zy3jxsJI,22
E5_7kQpLvM0,85
e4LfNLtVQqE,3297
E423pNvi3W4,32
e4_JQ08hiyY,250
e3J5DXwvzXs,124
E3hBqn14zSw,1360
E2qtPth2W6w,16072
e2kzGfupQ4k,1114
E21NATEP9QI,9076
e1YqueG2gtQ,47650
e1YICRn14UU,945
E1Rodjtmdqg,1872
E0XLy8iZu7k,1386
e0eYfsEq8UE,1722
e04pTwZdLhg,200
E-03HiCIqVs,79
E_YaXDDbOQQ,550
E_wwvIA7tDE,1569
e_FmQF9yVIU,3142
e_afEVYUESw,60
E_1d1_T8KhA,1921
DZJod5hUqx4,5303
DZhZJlrCegs,732
DZAiRufPx9A,33317
dZ_leiGsEjA,903
d-XW_qraBIc,180
dxrXljtonEg,26
dxqmbhJ4GVs,2
DXOt_dwp5Gc,1
dxCTklQc-P0,1969
DX5_o-mumvE,207700
DwZXXTCh_Cw,321
dWVHJR6Jg44,427
dWuYBb0NPd4,3583
DwLVm_M9O9E,6035
dWLDoQ0Kus8,22688
dWJY3wjG30g,1053
DWg7yN18YKM,0
Dwc27Lsr1EY,546
dW08GoJfdLQ,3508
DVlIn5DFYOs,73
dvha0v56J1Y,312
dvB3EAzboXc,651
Dv7G1Oe_3fc,175
Dv4Ph97jv44,5714
DV4-6BKyWcI,299
DV2_A3iuTC8,1561
DV1OqgHb3jc,729364
dUXW3Kh_kxo,645
duXW_wPTw0o,34520
DUsZQa6dZfk,0
Duso6KEWsQE,1028
dum24Tw-JbI,495
DulNakuRwzg,131
D-uEEGyX9jU,360
Duc3F700lgE,39242
DUA3qIpV3Vk,442
du2glBYfpNA,12989
DtZd5liS4l0,41
DtViGHOUJpg,687
dtUuooSOy7Y,606
DtcsmioM2gw,162
dsvd87HpkFs,438
dsu3aHQLkB0,3
DSQG0zvR6dk,18250
dSNCDu9pXEk,51
DsMp2NZYIog,13613
dSkb7O1-EaE,12012
dsk3iy6-QNk,30
DSD8tNN89Kc,10472
DSAsdcDIYgw,25507
dRxMcpn6g6Q,2719
DRkOTThZun4,141
DR5H0mMDUOY,5
DQZT9nDJ588,392
DQlgZq-AWsY,568
dqgYnF4aygA,1072
DPxL7dO5XPc,918564
DpqwiUcLDms,164
DpeCc2DXdDc,59
dp6z35_rj5s,1599
dOw7C3vnYMc,563
DOIlfn2IfTk,339
dNxF3WUUB9o,8098
DNrNMg8_gEs,115852
dnpVNfHMlY4,6830
DnN6YdsqCRU,1830
DnB81w08KAM,11894
dn55MazaNA8,23
dn_aaxZIA2o,11206
dmYghbivxWQ,41743
dMy3vgg8dd4,1317
DM-q4pEbxFQ,15411
dmohxy_bvZA,452
DMKcO-T5Y4o,11053
DmJdWVj-tT0,933
dmdlKqW6zII,1730
DM30XULLz6Y,7811
DlYpTNewuXw,152
dLRMA_lWsDY,2302
DLpU9Y9aN5A,16
DloLoFd3Qvw,467
dlkC5LNR6OU,711
dlipekkPXmo,3869
DkYe6YqQjUQ,5247
dksF_qYn720,13926
DKPCBAlDw2A,517090
DkKwNB7oGjM,10129
dk--eGYUD6w,426
DKe8fCPzPQs,6317
dKccvk36atQ,22291
Dk9uitzdGXQ,845
djYSkBzSbdA,654
djIIs2dkaX0,22733
dJHNMz31G8A,24279
DjEYuhGGsf4,125
Dj4M3AtpCyY,3
dJ2cDEcfpKs,77
Divdlh2vbMQ,102
dIjms29rFA0,5712
Dih07hIWMUU,213
DICeQrH7Q7M,84
dHxT2hHPUsM,13114
DHMBJ2do1XU,9885
dHjU9hGCC8c,543
DH0ln0xzjfg,2886
DgSJfbQyAlw,1042
DgljcMqPG98,5033
DgehKvd25lc,5630
DgE7Kmhqw4M,2260
DGdSlnw4D_M,38244
DgaC0ytqdv4,15366
DG8Vpj3jDMw,531
DFRTXc_q-2k,3728
dFOyWOswCmk,40
Df9UP6_7P3U,1864
df7PZIVe1lw,1587025
dF3GkNR0Of4,41
deyqAURzQtY,364
deVoaRTfVqs,19693
Deu80xFFTNA,3599
DeNgwmA8g68,1653
DEgdp6ODBPQ,283
DeCoH6dPPWU,1236
dEazp7ujljM,13010
dD-YA5GXp4s,7522
ddXpg6XKME0,1233
ddvX9eaUSgc,1406
dDqwlCuY6Z8,1758
DdLYSziSXII,1209536
dDbj70y-tDY,3290
dd8AdqB0FBA,5
dd1wWudeQHE,527
dd_T2tPt-RI,22
dcN4jh6Nmqg,61
DckdRgJipL4,1751
dCIwep2bbo8,7213
DCGyLjBjuGI,6917
dBzdibsvyQg,1329
DbYe6U9Dljk,17977
DBuC7RiUXhs,1284
DbSHS3Oh7uE,55
Dbq50gCv7dk,1399
DBPoV2ic6pU,26
dBmTP8GJKuM,38
dbhT0P2N_FA,255
dB2IV7ub2-o,65
DAzCD0jmHvU,9
dAXIpqWtpnw,294
DawIo2PCqBY,1232
DAvFRzrMsyw,7987
daSjH5l9o_4,1200
daSC7nvgGw0,5
dARAN1z2KqY,764938
dAqJ8XieEV8,88
DaP-Lp3Tgg4,4201
dAOZa7JYnsw,2443
DALnATGj_pc,44
dAHolupCEkc,9685
DA_S-OBJvQ8,994
d9vndsVbNW0,122
d9bshi0kwBc,14059
D8OQSNYM1Zo,743
D8EM9YKi7kg,0
D7wmMZmMinM,4353
d7LKf15ZJaU,3927
D7cEJ9pS7to,72
D77x5sSrx8M,75
D76GvEcXttw,69
D6zNtypqNLQ,1167
D6Jxzu5-J-k,3001
D5U-XWVBvAs,32
d5TsR86ieJA,2733
D5tett-Kb6w,3525
d4kDR5dresE,1520
d3UolEbsH9g,57
d3bsd8N_KGo,2387
d30TB_-BpxA,392
D2mxKEa2xmA,6582
d1ZCzfubAT4,74
D1WWGHcJfyA,3645
d1D1SJ-KqaQ,1603640
d10jHS8rxs4,356
D0bT1CZn0sI,527
d_nrbj5jkz4,7272
d_KFQCKkmgI,504
D_CZ8v9uZJY,1273496
D_8854p1MCI,2996
cZYNADOHhVY,306177
czXHwPO28OM,79
czx3jnX0UYk,456
cZjy88qbEqQ,527
czjHxTc3eUA,214
CzbXiHAQ8Ow,103
cYyjhQonOLE,3644
cYxzLGk2NcY,255644
CyXUjfSZqzU,53
cYtxt20VXSc,2988
C-YQhpZ-lZo,0
cyogin3mHLg,6840
cYMWdoV7HLQ,12
cyIftAPf7kM,84924
cyA_FAtB9ZE,19
CxsJqu3Fr_s,73
CXsE6SlLa58,1337
CXRDMkpC1_4,634
cXQYsW4Jfg0,832
cxQskZkthv0,2487
cXKhqqk0RaQ,18076
Cx1kgLIznUI,833
CWstkticDfQ,520
CWsPcytkQwU,6625
CwhrBYuSuHA,405
CVYG9TkUz-A,635
CvqtJTrsKCE,30105
cVQqJaW1P7U,254
CV3SaepBEYI,37772
Cuvwtp6ai2A,1664
CupbRr2m_sM,58962
cUKZJ4PPxOM,875
CuiRsOF5JEM,161
CU46qvyNw7o,833
CTmRASBwJkE,37
CTH_cEmp6Kw,9585
cteUDkurv7E,12028
cteGBaWrGZw,2773
CT_al4KI-V0,9579
csv2nkglvOE,2585
CSsnZJ1En7U,819
Csnsq9f_ZkQ,23001
CSMgPq2JakQ,154
csM9QlkwFx4,11
cSjlzRLEVlk,712
CSfLsAqTQ8o,334
cSFfxxVYpxk,50387
csDI2JtSDUU,391
CrZhGI_em2Q,110
CryTUJO-mMQ,170
cRwCOm_p-2o,402
cRs-wBddqZk,3982
CRSsa2o6PDQ,15698
CrGC6WHAspY,314
CqyGi2rJJFI,2146
CQQit01HHLY,169314
CQPVMxQOh-E,55524
cqItYQIFnWk,499
Cpzc5vcf61I,1321
CpXaNIT8P5I,415
CPUnmyF09uI,721
CPjWgk0UXps,23925
cpGA0azFdCs,108615
Cp9CxCQ_m60,117
CokyUUrx18w,24307
COkL0XPnCOY,583
cOdsbKnxsqM,624
CNR6poEZYIk,33
cnl42-DbH3Y,222
CnhvlYvkvGo,4066
CNCUXDzlfGM,3801
cN26ESa3IQk,538
CmO2143BzYA,2349
Cmcwns8jCpU,1717
cM7HHCI1EPc,342
ClTZ_gbIqPE,2710
cLovJeESCUA,2328
cLBHUIuJq2I,1441
ClB2C9_6CKo,3252
CL7LNzokn48,228
Cl4zOn1u7Vw,161
ckA7nmvn85I,3183
Ck4xHocysLw,704048
cJzOUbYrQiY,2985
CJv0I-xYuC4,55211
CJRw18MtRPg,225346
CJmQALQR8_Y,1138
cjKc4tW4IMg,40
CJjuBWhCbL4,239
ciYXvWbyl00,3387
CiyLBVjAQC0,1279
citnBKXWli0,730
ciiwjn8jyvU,14511
CIbeYjQ3yGA,8236
CiaoTcPpbDE,464
cI8yyjCHy3g,1987
CI2zVegJBWA,391
chxxK7DQCDM,16
ChT54qKAs4Y,523
ChR-EWwLjOA,256
chHbIaJzugM,855
chD_HxHwEcY,244
chbbXmLIIwI,1406
cH4mYC91omg,6846
cH3fcmHMb7s,4290
CgZdQ8hejUE,36
cGxocuX2dnI,56
CgpE3M9J0uo,229
CgobAvfsXWQ,470
cgmkBofq14A,84
cGlK6L47ToM,26
cgIbzjjbdw8,1332
CGGQmKpBGIM,268
cGeixjMQOm4,661
CG9EGStW-nE,187405
CfSOKs6iZ54,789
cFSIwV7JfPg,41
CFNMg_ThBo0,36
CFatEWNx5RQ,5371
CF0eXVC6Tdo,201
ceVPIov2iqU,545
CEO5EELFNgA,6508
Ce4EbZ9T2vs,15982
cE48aIevjK8,282
cDXzQvjP4wo,7621
CdxHwWpB3qw,3046
cdVrQWiZOvI,8168
CdPklwIesXQ,5
CD52PSexCO8,1357
ccxqxHpYHIg,13
cCx2f3GFE7Y,24
cCWXE0QN9p8,3465
ccSbPSJwsCM,314
CCKgAkhjsjM,381
cc4YxLKgucA,919
Cc4Sb8VZuRA,841
cC2I-II8xnw,6131
CbyWLzWRDMc,182
CbWP9nvnRhw,248614
cBVTghAXTMw,18596
CbPnSy8OmvQ,751
cb9yxw4LIc0,37
caZsVvKE9sw,89
caShahlcxko,55
Can3yR1ogDY,3759
CagwvHRMPGE,5414
cag6mg-mZQ8,777
CaE0JD1X12g,149661
ca6fuwmrNUw,938
c9jJ-TkCFJw,20
C82cRDUZ-5s,8491
C7qzzQJqBSg,709
C7lQ_jqSqKQ,72097
c6--PeGfMEA,10887
-C66-6LRVHE,157355
c5XdpWATDug,68
C5Rm6rDbF20,17423
C5qDGp1g4-w,11
C-5O9KU8xkE,1707
C54cHGCwBdk,12678
c4-ZDcGSITk,57
C44q7auvTEU,333
C3wUOQiVMvk,32924
C3vEN6MY82A,2
c35Os2g1-E8,118
C2YqFvjTG84,841
c-2excR77E8,65052
c24ayn0-bfA,136
C1SkFGgX8Pk,623
c1g3x_VGW0s,11
c0K68agMnvU,318
c0bsKc4tiuY,46321
C0ap0ytimSU,499
c06EsrtVrok,948
C_ijc7A5oAc,311076
BZt0qjTWNhw,18322
bzMiBV19tio,4402
BZm8nSz19pM,78341
bZEO0D6HfLQ,10613
bz91MAdY6FQ,32
BZ5xqoVCYZ8,192
bYSRPuDEnTg,214700
bY5tNIoGxOE,149
by168cgLmw0,45638
bXSNcwes9R0,45
bXJvAgy-b8E,18
Bxbc4VR4cI0,6170
BWYA0CYJV74,747
BWXClOrijO0,366
bWnQevBxYYE,892
BwcDWgNweLo,0
BWBS6w1kLKg,378
bWamTJ4QQt8,64
Bw5fAQBGHEg,1612
BvoDi0PpFPo,51155
bvh_H0LsXpk,31338
bvfyGK9-PH0,1650
bvf5DlhvJJE,5270
BvdplXxv3q0,575
Buml6KaNlcg,3733
bu0m_UdtoaU,16772
BTzW1ol5vkc,485
BTyhz6DpMi4,1706
btQY_vY75G8,2683
BTlRZGyTEHM,666
btG1nqRLSz8,361
bTfJa_Qb5T0,40758
bTdsp9EV9F4,5056
bSYNEkkuhoA,8203
BspHjvU11y4,39545
bSl9PfRX7WY,8034
bSJ8mpWBVeE,19519
BSitS67ZQMs,1487
Bs-Hr-gEJAU,732959
bsgqSDfO9Ng,25
bSFix5Q0y8A,13
bs0BXAptu78,0
BRUvbiWLwFI,9746
BrrL8FHL25c,983
BrqFTswejpU,24334
BrlpU99lGzI,27386
BrcBKpE9aQg,4637
BQTXA03PWA8,3772
bQsLPQtS9f4,16597
BQJ2IAkUGsw,625
Bq9G7z3c0hc,109
bq0GBNcwC0g,1104
bPZFQ6i759g,6678
BpTFuBSYj1Y,0
BPs_wtbHIX8,99
BPQHG-LevZM,7710
bpM_uqLecyk,5565
BPGspKxSMGY,435
bPF1R2Wf61k,68
Bp98B1KFf4M,196
bp36yP-xm3Q,116
bOZT-UpRA2Y,26181
BoWDMxi1EqU,1679
BoT-6Z597Tc,206
bO-s7sss0vg,6348
BO7yUdPHeo4,788
bNuSXqpycIk,8727
B-nSef8J524,0
BNqRuomquHo,47
bNjAGGFNDxY,600
bnFaPCN85bk,277
BnbqfptlJco,124
Bn1mBRcQ9Og,60
BmXu_dLxgIo,15
BmqSkGEWDvA,13
BmoeYztkzBg,2173
BMmYvfKS7Yc,802
BmkSQ-_1oTw,14913
BmJUu5GqdpE,6272
bmE7p_kmvsg,57
Bme0ERvp7w0,279
Bm8rz-llMhE,129184
BM0c2CjomSI,940
b-M_HHrvg_8,2836
bLzqrXXR1ys,11
BLJWJ9iwBeo,0
bLBz6N2dk_U,2180
BLbmipYjHR4,634
Bl2sg4URbig,834
bkSEd5CGSoM,347
bKk9VgxTLY4,0
BKA45tJu9RM,275
bK0TEqDtkK4,101401
Bja0mPXv0rM,283
Bj796-0HDR4,460
bIvFhSL50J0,2094
B-Io3MoRO3w,21
bILf7MfRf-k,0
BidS_rcf7UU,788515
bicN2JBRc24,368
BIa24aOCYak,2199
bI31WqFDxNs,13542
BhxL46ykB2w,14
BHPa8x-2iuw,1859
bhHAzUcCU3o,122
bGW2eZGnznk,3924
BgR_HJ7aGDY,296034
BGOJfnp40h4,9
BGgPwJxAdTA,317
BFL7u_EZU3w,188
BFkTu8Y1KLs,34711
bFIB05LGtMs,4022
bfChLrKb4WE,935
bF5qctebcVc,218
bepFvVY9MuM,1076
be6cSuicB2c,614
be4EY2CH2dA,332
BdwJ0uXIV_U,4035
bDk2gdRWB0A,183
BDhBBAnSZU4,297
bD3k0-W5t5s,33
bD2T_YuVhrw,1837
Bd17-v8DIq0,357
BcZTeKvdeRI,1077
bCys42hGcoc,33602
BctGZyN3tv4,23
bcSFnVQg47o,1224
bcmJ5u4Ord0,1287
BcEhlXQfeSE,369
BC7RkUQjUKc,12686
bc5BnTYRgx8,88383
BbZwk1FZ4XE,261
BBYCVYqS4T8,7588
bbipJTTstTM,113
bBDk3acUtNQ,0
bBbDCS0u9a0,1522
BAUDFaMMAWg,227
BAT477KNGfY,3897
bAnnrjVIFzI,0
bAhxSr6yY00,384
BaDHavq8W6Q,1256
ba9zAwXnY54,573
Ba0F45y4D9s,1865
B8DpuJdBmZY,1484
b7WdayQ2HeU,3493
b76Ln35cHDk,375
b6nV1heycCY,437
b6DPdaGTTRg,525
B6au87Phorw,274
b5Vmaw4I55s,2609
B5vBuijQgfo,755
b5L6Bc3MMFk,6960
b5itO3Md1AE,1223
B4C10LKAcZQ,33352
b3VEQWXIX10,975
B3Of2f1YzRM,642
b2txBXQGjJ8,6710
B2IcBO6TEbA,558
B167VjLt_bo,12
B0q44JHGYYQ,27
b_lULj6v804,103107
azUbCdcAeFM,24549
aZp8DglR_8E,5140
AZnNiAl0YNQ,32
AzHqv4wXghI,2400
AZDgH6LyiZE,4
Az7Evhgbc7M,1237
ayXHGQtX-so,27057
AyqCoftMjvM,34580
aYd0YIlgzxg,3605
aY-0uBIYYKk,9259
AXR-9tYJsOw,345
AXM0d9UfkY8,48
awu9I7b4y8I,355
aWSQhP_ukD4,147
aWIsQ3aTV54,97
aVm5UsSjTII,127
avh8Nb2GdKg,5145
av0zbCcbXL4,1988
auUvLsm8zhs,743
AuQkjFfVho4,1713
Auj5tAzoadk,2357
aUCeQdu-lM4,121
au8QGTiPhEw,81998
AU5xSHQpbgE,1113
aU3zW0KDB5U,664
au_Ab4TP6lo,2092
ATZ2UWflVQM,1004
atymeurvyAc,671
atpU_6zbsHw,103
aTMPc5INOHc,3416
atLL2Yzi3bg,3729
ATLBlsndu1k,2977
AtBUA4HLvBM,445
ataGEEHnl-k,12132
AT6jS_X4NaY,3610
at1KGBXKSyI,2496
aswtMEpn1a0,5418
Ast2Hm1u5mw,61
aSozR1GKefY,5574
AshvBTw5Z84,89036
ashrS6GKcUo,48119
asHFAPaiVlU,29
ASgsMDz17SE,2309
asDHD-wN3BA,9779
arXusSmobfE,471
arvCGPBSixA,44
arPFr2IkQWU,5846
arAWVdxkD_4,833
aR9PM1Hj2fY,324
Ar8u8HHGpv4,0
aQKGkdvfpaY,2
apwYMFh2_PM,291
apRvFNM5Vps,1302
AprlXwXJo4Q,0
ApR772WW1iw,2834
API_sR_IpbE,173
ApBYaX7EY-M,77
ap9JqXgDLKA,7
aOXk6usydDU,3246
aOTh4d2L9t4,588
aoPP6tRYD4g,505
aoo-XYANh2I,4092
Ao9zUac9VkY,709
aNXN4i_Sn1w,3148
AnU2p6Maw6w,411
ANO8D6GdAh4,2301
andoSTM_ihU,5182
An7KvQrofcE,164
amnlAK5hJhM,1056
AmLiNgwdAcY,0
amG0MQvvo6w,569
Am6NHDbj6XA,25431
AM_ijxzt3hY,151
ALzHBOnQOC0,771
ALXiloyym0M,8969
alum_EIfzn0,35
altHQp6NMoA,694
akZkOb_g7qo,8062
akv9jJlYwcI,9344
AkUgf2jIPyI,2890
aK0s7LK9WkM,1451
AJvSZr96vTY,25308
aJ-V590zXPc,1320
AjTzoCYkIqA,247
aJI10flBibM,25
aJhmfPZ60DA,644
AjGQMM9-YVg,2754
aiZYzq0MtL0,484
aiWJ90YHjbc,27
aiuqv564v8g,0
a--IRRuuwbE,321
aHXCm_QL39k,295
aHUmy5PvPjQ,129264
AhPRROnPvN8,104
aHDknYXnw8w,20
Ah9mtoYrXfg,2171
Ah2AceojeLk,9
AGUHfHwH-DE,65
Ags38CisHog,165
agqD8aupf1s,1026
AGPMMAjBt6c,338
agnGIJlcQgs,1450
AFW3E__PruI,5
AfujSunm7mw,16
AFOB6NRugTA,50453
AfFX2J3MkoU,98
afDZi9I2tkg,6577
AFbIFS9PkvY,3824
afax_Vpe6XQ,419
AF6z8-eOZxM,1666
AF2O4l1JprI,9786
aEvItEpMly8,4661
aEq08BWoEyg,1014
aeNu7tt2E3c,1029
aEM2kOrrNJI,112587
AeL1jubdEZw,276
Aeful-nI3ao,36270
AedUDwR_TD0,334
AebsJPV2ZYM,471
AEBB8FpPZwo,192
Ae8huV-T1gQ,34
AdTCSCreUTA,733
adrQcRwqwwk,0
AdrLcOlqmVo,384
aDMiWI2EOTs,572
AdlCk6UgZLU,76
Adg-A5tY9lM,1485
ADEn6Pyon1I,123
aDBMVKtcG2Q,5834
AcVLMtZglhk,32
AcS2aoeSSKg,5984
acpqOUqHCeU,619
ACmroZiNrmA,3641
ACI-srWORZY,1261
acGSWmLiKC4,545
ACda_qqgF4Y,1427
AcaGVrt6jlQ,5175
ac4IbzPqLcw,49
aC1_55Ifr6w,83
abv8LlYBjqA,86
AbS5X0amW9M,29
abQZUEHiY_I,84
AbfqK_-wg7Y,424
Ab5aV-wekP0,6154
aavAcDpbjkM,971
aauT5183_Y0,571
aAUQwXW0m7I,4
AAP-CATczV0,527
aaO-mmm03LA,1299
aaAyvfLpViU,21732
A9QDgSTVhyM,9127
A-8N_RyDlR4,7423
a87btDiR7YA,359
a7JQzSn8Ptg,12236
a7D0q7xwq-k,19
a6zM-jOPEqQ,244
a6Qoe3F4Ibs,94
A6fyRilq_X8,1069
a5v-2Qa69K0,127
A5QjR0Z-gWU,1159
A5mLC8oKUEc,203
a5bWbyw2bdw,4397
A4y6odAa2F0,966
A4woiybs_Hs,460
A4uzQabjtLE,626
A3U8O8Yg76g,2028
a3k0p1lOsuk,1926
a3EIDwdfdQc,1824
a30ZOQscAcI,175
A17_GLxFF90,7664
A0sM0oPp5mk,72
A0gRHq_6Xa0,5789
A_N-gGy-ORs,1456
A_EmgT2lz7k,22
A_9f93tIMh8,1755
9zUHi8ON6PI,38528
9zFLxKvU3So,810
9YlO4wLatBM,142
9xXb-0b_IuM,1711
9XaUPRA6ZAI,2179
9wfx7EzxUIc,13354
9WckC-6Hc4o,21547
9w9FNtpcBjU,329
9VJ46xvxlhE,126
9UXehF_PDXg,24
9uE26-rqVDQ,553
9UDQmNCPf4k,39
-9u52fsYRkQ,6
9tz_sP9MpmE,3366
9TUBf6l7FBg,5
9SYsGet9ul8,0
9S9O2T1B6xE,310712
9rYBTegfzBY,258
9R9polnSmyU,1141
9QojtREFuFU,29248
9Q1WSQ7R8U8,4133
9POblaMln4Q,41980
9pfjrlYymuk,259
9Otxt5fXS5M,273
9oqkJlRDdfA,11765
9OJVboZ3sJc,38
9NUBYNqNazM,4245
9-NU7yOSElE,32424
9nkiqSX9h1E,656
9NC2saE5MbQ,46571
9mwNVKxKu5k,742
9m9oO84Q2fk,253944
9m50v0718Vs,6011
9Lz4YgPHrKo,463
9k2sr1CA4Uk,284
9Jc6Ml3BoME,96
9IzMT6pOgI8,1872
9IV13gJ811c,5378
9ijDB9_Vjmc,7
9hWnbI2dAbw,1450
9HRGdgkKzOM,2880
9-hPvngJNrs,0
9GZMX9XBb7c,137
9GRb81n7euY,569
9FSnKxvqGMU,467
9fKALFSxX_Q,18405
9fgNLmh4msA,7427
9FaxMOL7lO4,362
9eNC7sME5lM,496
9DqoL35Lspo,1655
9dD2pl3mzow,62
9cOvhuGcYYk,7636
9cBMAOWednc,351
9C4u3Byi_bw,715
9AAgNN23k_Y,169
9a0EiOE8OiQ,1192
99w5BCDleKM,14
98Nr51dd7mU,61
955Hg90OkjU,0
94My_TRwWRQ,542
94k6kEVGZzg,83326
94ekHQZQ89M,342
94D6NQPT0XQ,294
90KU5GtAPTg,440
903QDFbbeww,4480
9_uOHwKTYik,4
8zSRkr1nQNw,204297
8zoZpcJgw1U,123
8z-iiyzchzE,13
8za_4g5zCOM,2657
8yJTsKT5aSY,11
8Yg_esdb8U4,580
8XPrQVoc6dI,127
8xc0m90JtLU,130
8x8SlG4pKuk,62
8x7UtZKwfHA,81400
-8X32zNup1o,3369
8x_yal5th6s,102
8Wop8U6ok5c,436
8w3gL8qPOig,5581
8VxofPqi8BA,19
8vCn190ti9U,20226
8V_McbM6DW4,118
8UQEflSb6kQ,6
8UJ0DjBQOMU,1923
8TKPzVNLViY,786
8TH-8xJDWLI,238
8t4CSM11930,110
8SLbbywPZVE,41
8qz1okKV4_0,93
8QJzBqByzUM,63
8qitxIJAdLU,849
8q1VGptW_oA,8527
8-P-sAYBT-Q,113
8pAvJF6ukmo,2
8P_-pE5PSoQ,1774
8OpvyE2Hobs,185
8obPm-Zkj_M,1470
8o2yaqECGc0,1293
8NoLdPm7Al8,6163
8NgKZ9fEoVA,560
8mrlP6Eaxp8,251
8-mloCL49vs,10674
8MeBSUxfauQ,207
8m4O4xnLeoY,1501
8KW7DDfXx9U,614
8ktvlMD-O8M,489
8kQDAbE7Gx8,1037
8k8jYlml_Ik,90
8JxvP4bzvFA,59
8JrkJjNKIs0,89
8jPSmOpuq94,404
8jgLFvWWFDQ,1468
8JfMdhrbehY,42617
8IuEZ5l7VwQ,169
8IKbTHOeBCU,285
8IdJCVD6ze4,48
8hYTPl7MkiA,8876
8h--kFui1JA,224077
8HgybmaEvFQ,3666
8g-VjqONplA,12892
8gPUNOhsp5M,533
8g25pr9jrnQ,6573
8fbyfDbi-MI,409614
8ExgCZZF5c8,2404
8ErpN1_XFYA,172
8EkIKtHQz5Q,3403
8Eio2RK2rh8,193
8DY-JJASYcA,312
8dWaDiMvY7s,0
8diVDS4qW6I,3957
8DFpsC7VrpI,9586
8-cYttwsTz0,487
8cxfxujQI2s,43544
8cQGzbu98HU,4139
8ClKOv48UBo,137
8Cgy39KP3N0,758
8BXdwl6ATG4,75
8bNu6Ktj858,18038
8BDmhTh3c-g,690
8b6dUkeQQMg,153
8b--4r5-jIw,790
8ApKpqgZDbs,73
8AB2Uu3Dq0s,4
89BLQbz2Qf8,54
88ZuNZDZEvw,598
88K-Ah1DUp0,201
88-AWKZzH7I,8759
883Omd2YqXE,1488
86ysRAffCpI,21010
86sFN_2kw5k,181155
85O9M2EFTkE,52
85NrYd3m8BM,0
84XbqptJD9k,527
84Lj5v6HrOA,8767
84LAkIevfZk,735
80aUCMFohCE,2856
8_cw0qT6Ybo,5415
8_942GMxf98,2897
7zccrlD3M9M,105
7Z7xbelZI_Y,11720
7xkPdmPjplY,1460
7XBuexwNyUA,526
7x-1n4cqG7U,1316
7x0S_ob3h7E,315
7wNy9QrY4t8,100
7UoP9ABJXGE,5171
7tm6bhXE5mQ,26124
7snvaAmSHo8,23424
7SAisWFutbw,3450
7RVCdNdUjgo,131
7QXssPVCCT0,530
7qriHqE3XHU,69
7P-PNa0bxQg,12967
7PmUtmfTmbg,37708
7PB64c237QM,564
7oSwWJedjbc,915
7OGvlKUtZB4,741
7NzT26s8qZs,196
7ntjq6Co67E,365
7NRl9Dm7Q_0,9515
7nQyBdJVd_I,186
7nAZqPqlz1M,3899
7n3pP7-O2Xs,55
7mz9UKbGyzo,10177
7mXL_xcPaA4,215
7mxb-a1xTOU,35
7mpABg0ntV8,495
7m9dAbmtchQ,18106
7LXLlngIjHU,1920
7LnZEmi6KXA,10889
7KolfbvdcLI,18221
7K8L0SaD-dg,4249
7J3LhLvKGrc,25283
7IS-wPfdIG8,42903
7IfFxocc3kY,27294
7iemlWX_wI0,14162
7I_U476cTbA,343
7hXLTrQmoEY,22308
7hWcnKVEGn4,291
7HRJaUxUQxA,11837
7HGCE6-LMBg,646802
7gg_6jxlpDc,1336
7fxWWpvv6Q4,7
7fuGvyYZ9wk,1342
7fgZD42pGDo,2878
7fEhif3PsXI,276
7F8nk8Wp8WI,34
7EjKQdW8yFw,70
7EByMB51EpE,179
7DTpFz8QJoM,3662
7DOk1KMtd9M,2597
7DbslbKsQSk,66507
7ClIWeGAWWw,49
7bH51yHAeh8,4
7BffChqYEPo,4344
7bCHs672sAw,42
7BakcCZemXs,1124
7aRxsmfBDI0,9454
7a8jBxovU70,901
7A7MbP-MQRU,24
78SzvIF5qa4,43
7-8EmrquzVA,14
789NKyQHFh8,2163
76hhB7cnnME,6
75mvPqnu9d8,17071
74q7o-l3sxk,2733
74pX6-3u7uE,3183
73X4It_ziP4,1646
73FJ4rfAKL0,772
72GrDE1zeKw,103
727zbzhck_0,2243
71X7a8eu73k,18543
71Es-8FfATo,275791
71AFCDqpJFI,0
706aMBYQkME,2513
7_C5v__scfE,532
-7_ATlZ-zMc,34536
6zz0YUY0-QI,2792
6ZlnmAWL59I,1894
6YSyGkvxSqw,17510
6yr5gT16_k0,158
6YNZlXfW6Ho,225668
6yhVuyE0e08,611
6Xw8i_N5ShU,6238
6xoSKotMHng,6
6XfZzqh1kws,3963
6wixAPZKR7s,1271
6whjAQ3Q7_s,1234
6wGj89GE6aQ,70879
6ULbkqAuo48,10315
6uGQ_ypTw08,221046
6u0_tD2XewM,468
6sqfiBoksqw,15782
6s4Yq_y2BFY,1290
6rwuqarFZUc,314
6RlQcWrbPl4,4832
6RCoUYexrHg,417
6qLUFxwwErw,383
6QCF8tVqM3I,852
6QAY0qc0u-4,1960
6PuOFUwqoJc,2237
6phhyKQQDVw,955
6PcDPCUUeb4,136
6OkByoPMOo8,64
6OJ-ZzimP0s,4431
6OJTr6CeXk4,60
6O2Pg987mQk,4
6Nxk2zldFbQ,46
6nuiH-gzmIM,6060
6nSUQb8YGaY,1600
6NlPMPYWzDg,4
6nc2adIb51E,10
6mYFtDLKVEw,899
6mkLWGy6Y3k,38522
6kVkfbK3ELU,224
6kUCDT6tG-Y,18
6kf-DGnGv7g,274
6KdANAT63Wo,47
6Ja8DHXByqk,931
6ijnv-jNhUA,9008
6ia8dZnUh-M,14504
6HTggNxOGWw,0
-6Hs7ayaSaw,19
6h7psEH0AGk,1149
6G7V4w9bqJY,21588
6FYXWS2AFcM,4567
6frT5wN6f5o,79
6eF59X5auFo,620
6eBLMDVkcxo,1514
6EBCzYq9DSQ,2059
6dfFf3Je6ys,1131
6D86fOl58iE,51
6BF7IWpaZoU,26747
6Bbvl_MjSHY,43
6BAQtrbK6d0,375
6b5DBQeh1cU,593
6b_niiD-xiY,3
6aBMlZFu-BY,223
6a2bHgANVro,3961
69Akkon2ciQ,285
68PyBpxcpWA,349
675huVVM_10,29778
66VxjEgCS3E,1123
65XTRkeCOTg,6324
623Z3GC2Mmo,3485
61SE5nVL82o,0
61pkitfytRs,206
6_Qnc_P1xMQ,2720
5Z2p6Vo3S-E,1017
5YVoiSpnXJU,18
5YP8oadAWpA,44
5YgluF8VTWg,148968
5y3nN0mD8_4,54
5Xto50rT_DI,155
5XqmMwjnnTU,114
5XLkPLmKrL0,47
5xBS6LxsIQw,58
5x9w49y6mz0,303
5wX9vrxUJ78,95
5wpI_Xojat8,341
5wKh99xBLgw,404
5WeGNZgmIxA,11782
5w30XgACSAg,3295
5w_XWFajGvI,3843
5VGxDEh3F0g,4042
5VEvuGLguvM,133
5vC_N5bD1Q0,234
5UwjIy5bDCM,165
5TkalDZ7mtI,47
5t9fbH7yVOQ,94
5sYoZZEFNYA,378
5SmAinYwkOA,2273
5SKHxWlg9Cc,5408
5SCJ21Gqb3o,7936
5RuR-ms6Y5I,1286
5rOL5O7YFQI,2132
5r7bIXuGrlw,13
5qPrZ-6ZChg,2442
5qmXGQh-oUM,4406
5QjqbJWNQZ8,54
5PR3Hn6cQ60,37443
5POae63-8cQ,38
5p-MHALEVTY,18
5P06IBig80c,15
5OwRMmVsUHU,195
5orrZxSjLQA,87928
5nun8qvVWc8,1306
5nD_gNcSCrw,2520
5NaAwSpswJE,11722
5MJpurZ9ShI,4332
5MjIk6reuqE,530
5m8W9Qnq5mI,765
5lXEfKf_MAE,1527
5l3In3mfnAw,11
5l_D9c6i8DM,3024
5JYqTSSH6IA,4552
5JxqSNpB6-4,110
5Jk13pu7zKs,212
5jBhmiq9ZlE,133
5iPGis0k2Yo,471
5IMGDaqgfzc,46
5HwvcV4UFbQ,1818
5hNMaaM7Log,16229
5GHXEGz3PJg,137241
5g8fE_o1ASc,623
5g2UZr5RGgg,49842
5F0UeG-Lsxo,668
5eZvAKJy6BU,1782
5Ey1v8L_pEc,764
5ek2W8hUvGw,38036
5egJEwwIcuk,162
5eCj9StLVPQ,2637
5DpvCOebmo4,7275
-5chTN98WN0,7
5BZKBchoZ30,2059
5BkRoshQKpc,412
5b1qspICid0,2078
5auYwaVOmj4,2
5asNqv1u0oI,7753
5aEtCkWJ2Gg,16
59xJ2qxKe8o,2358
59Wqsj0lQ84,2101
57nZ7LaVAH0,50632
56XbwQ59GbA,14435
56ewGBKdQ0Y,3628
5-68CTpYtIs,288
55oRa7u3dGo,904
55aZh6pOHGM,14
53MMklb-sUQ,1113
532MxrRNJcM,8631
51skKoJIKMw,3277
51r5VLj73pM,396
51NsxPMXaqk,1255
5_NtyA1SiPw,2344
4Yy-0M8BzbQ,272
4YHhMz4QASs,2772
4-y_QUlaCJY,155
4xS0QZsCb9w,377
4XF0FSWqZcM,9
4X1Jqx6HaQs,35
4wJwHLWDHUw,1201
4wAu7KaMYPg,10614
4vY_HsPmIX4,45
4vm8HBJX8dk,77
4UO9E3Tb1Qc,22950
4txf50mqhMg,190
4swif8r4z3Q,1656
4SMMf-nvg7U,4018
4SGbmahrw3M,1720
4R4YL5f9U80,141
4QRHef34UiU,34
4QAkdymQb5c,4933
4Q38euqDJaA,8448
-4pwKFtdKgI,518
4pGqb5qJB8s,1040
4PAAaFNEIXA,129
4P0Tcp4uXdk,9258
4OuQxk5-jNY,1704
4okp6jgPwQ0,16
4OA_2x5FNfU,16245
4nq0tT_SAD0,132214
4msQW6OUPmQ,3351
4MG35bk8bbs,2307
4LqZdkkBDas,41823
4k9bXpi1tU4,204249
4K8A3WJnYkI,228
4juJXyLX510,214989
4i6ZNrGmjcA,554
4HX6R88QZB0,125660
4HWCZDUQAMM,581
4hQRFSp7m8I,201
4-h7AMClI0g,2422
4GcU9LjuVOo,3008
4eZxvnmnrvk,1778
4e95xV2cMhE,54
4D0gImMi02Q,98
4ciwpi-8f84,3393
4cfoKV343ew,0
4-C4fGNVhwg,15506
4Bwbt3nCXqk,7
4BQ-JqoTTBY,990
4Bq93YdgI60,367
4BHBcsj7mKU,390
4atZDLKlHJw,18
4aaDc_mJ_5M,99
49W8bOJUGVQ,3712
47kbnGyZrEc,229
476ji-mhUhg,3043
46rOzctIXX8,42
46QCjuzqp7M,334
45WAhpRs5Yo,2383
45tSUnisIos,9368
45GaTIIdL7A,4485
42ZE4DCJkEo,110535
42q_QzozuuI,2364
42o0tcaoCao,1119
42FRgdjveGU,18075
41ThRwO1mDQ,779
41QTrSsLuok,3062
4_MftEvuQTc,3229
4_jkeWgtZ18,41319
3zwrW4r-bY4,461
3ZnMxabk510,600
-3ZdI0JAq2I,134
3Z8sA8VUnRk,10218
3z3OlgndskI,37
3YWONOIRNg0,17951
3YWgrIcp4qQ,8484
3YMQxmNWVkI,589
3ymJlfxU_dc,7075
3xphwBeQ4cQ,642
3Xn_zts3HPM,1630
3xlqv0LLacQ,519
3WrupYPNFkU,6761
3WmYvvEYZvg,0
-3WlpoJuII8,0
3WlhLmh7uiQ,132966
3WBXSUUTODU,236
3VQPKe4w_O0,66
3UZQoZx-0SA,14
3uRSDw6sawI,194
3uLXSGTECJc,836
3TZriA5EGKU,102
3TsZfNzzxIM,24159
3TIOqgFOq0A,2630
3TCcDE4fi4Y,107790
3t7o0mHRt2A,1171
3SqtO2VXsPI,434
3sj9qbCQ3l0,35
3sdhucgzWio,76
3RKsPYaBDs0,18853
3rK4GKlJm60,457
3R-E2U5Orf4,11528
3rApMBPh15M,9834
3QU2Vvj9st8,4321
3QMKdZ1D_4U,4733
3qB0fwCwvX0,1561
3pg9pUSIKtM,463
3owpHUbyvzc,918
3oWBH6QEySg,569
3OrLH2A1_YE,3704
3oMNoTubmNA,448
3o4MDP3563A,3151
3nPEkZv0-OU,54026
3nKPXqiTy9k,467
3N3c3ZX6hoM,503083
3myUT-yR7cM,26
3MU9h5wCLSI,1092
3mDDtCSC7fU,167674
3lIwWs1dkdA,9510
3LfBvHsNB3M,597
3KZx37lcSfE,1853
3kvjACTjN_U,574
3JSh0hGA3_8,216
3hurQUvEHac,332
3hd6UJk4yHQ,145
-3h4Xt9No9o,8427
3gZQOJxptyc,1385
3gsw36ZryqM,240
3g5O-kT9m8k,30063
3fPbWYWZ8gQ,0
3eY394uqk9Q,33886
3ESzGBifAAc,609
3ESqmVFVC1Q,691
3dO497VdkSc,233
3dkR3quv0Og,1
3dckH70S_o4,336
3d25EBfiNns,32
3CdpaeAE9p8,549
3byMRDQKnzM,757
3bVJ_Wf2RcE,10
3buv_2PfMa4,1007
3bLa6M2jY9E,1752
3BdpPCcI91g,128
-3b2Fov6iQY,146
3b24Q8Bz7b4,49687
3aSIX8SZo-I,602
3aMMshj-nJs,3945
3AjHvtUhTxs,18141
3aFxvR-EVxA,10
3acymP-ZY0Q,150
3A5BJj78QA8,17
39y1BFi_iA4,737
38wsRavv4ns,12250
38ScUpuO7v0,41526
38dVWh53jXY,6260
37StRy0LEbI,9942
37R2_bvJjGM,49107
37ONBy2ovz0,25
36tggrpRoTI,2408525
36PDeN9NRZ0,1158
35YAia_IJ3s,669
35hJIfpMAco,50
35C_2GQtyws,2588
34VkCQHhdUE,10336
34fHgqmuzM0,1299
34cHO5_LX9g,15645
348Fi-Iy2LY,91
348CAkrGy34,156
32mT4S2viGo,3178
32_kC-EioI0,7530
31OMf1H5Rk0,679752
30HOemteiKQ,3085
3_dnepWDMPI,10879
2ZKyMkoO7ko,7327
2zC5AL7KJM8,1890
2YWyTROT7Ks,147
2YLOoph7TTY,694
2YhMqPuNnCM,212
2Yfi8XxI6fw,1993
2xWfck5Eieo,4698
2XVJ-qVWw6I,2076
2XQPTtTv_O4,6567
2wL2NeyR7_s,106
-2w_b3FfYjo,81
2VxpRal7wJE,675
2vxDqHrXLzs,414
2vPw8QbzFTo,16021
2Vp0J_nH41c,7062
2uRl5hbMhRY,20
2UfZ8ThANiY,1207
2-tzlBFotjA,61156
2tY1WuFbHq8,431
2SN78FcSjPQ,47295
2Sk3C2Glo88,1486
2sH9C2v7cg8,1394
2sDc5o3CvB8,595
2s8daB8QFag,3493
2RpuGq1I_tU,900
2qtTbMNAjUk,334
2qMfchgUquQ,286
2PH7dK6SLC8,94442
2ONaKQxDMrk,1304
2OH4X_lUK6c,574
2-NZPmF50MU,5446
2Nc21UFMizo,13
2mxMntQ12u8,907
2MCHo2uK_vw,24
2LpiH6q1rIo,763
2-kOXRL8pw4,3990
2KBvSXOc0rM,57
2KAD-wTKxn4,39
2k2yDzuA04o,1839
2jSWMme12ik,15457
2Jm2BXpgQHg,1185
2jaA51GAX8I,347
2IZDD3qepNw,61
2isb4DfBg-g,6622
2in8XqiElwc,191058
2ImJCzGhAbQ,2026
2IhCbkaaQ-Q,872
2I9ZuOfnHCY,6723
2hvQw_B2PTI,658
2HpSqRPffZ8,1497
2HjRnr3AfFo,1778
2GxGLeJW0TA,604
2GhCUd6SQdg,1841
2GFdpi253X4,5840
-2g4CBUTP5A,233
2FJXOXSLc3k,1510
2Fdx4TcQFe8,2596
2eZCxhEpFaM,288
2ETDtXHwBDk,6
2ee7GuzsV8E,63
2-e3RYWr758,1415
2byW16U3tmM,2855
2awTgK-tCvI,7414
2AQw7OrDAMw,2609
2aqAuDdQT7c,458
2aPpq_GZ6GQ,4443
2aONmsu0GNo,1770
2AdC21CNuBI,1442
2A_Y2qMEZgo,1948
2954-SBCixQ,634
28UB5KzkvGk,3672
27HWkL0sttY,40
279eLoYFGpA,1680
26FVpbzIAWY,164
25ofVzUkvPI,4
25Jrs5ciPEY,10
25ESu44R7Mw,5988
24uZR7C4eF8,60
23XuookSfX8,20
23ILq4uxd-w,3185
21vu6qj7gTQ,474
21gbLE2USJ0,3449
20DPgRoyQn0,107334
20bpjtCbCz0,460741
202bce4x94Y,39733
2_Jvmt0vU4s,49222
1YyxbNWN9vU,255
1ys2_kcWlVk,0
1YO2j_VYuHs,272
1yNWIkDRr4U,296
1YnF0TBJ4wE,51
1YlDlzlTHZ4,3710
1ykJaIhCIWg,1981
1Y1kJpHBn50,5764
1xvyVnkcgtE,13242
1xvN1ZgBw5Q,4472
1XKSo2mFC6c,0
1WLIm4XLPAE,3764
1wIzSOhjioo,2232
1w3TvKhscIc,87
1w2jGTQ1eEE,16
1VWC5rlhr04,144
1VnY6QILpKo,807
1v7kTzF2Ci0,97
1uSj-rxJtu0,0
1Ui_nkYR7Y0,2172
1U9T8mqW8Zs,399
1u5WHgvhqhc,1366
1u3xP7ovVag,0
1U1u5aKU3AY,3592
1tvLIhEaEKo,4519
1tMjeT44JAg,683
1RZYOeQeIXE,1634
1rTg3Jl2qRs,41
1qxksXmFHOw,791
1qsRU7C_Gp0,43836
1purAy2MsOc,410699
1P2Ihk16s_I,5305
1OOxSx5QZV0,2445
1obPlj-lna4,103
1oAi0hoJ_28,31187
1Nu_oGucpDI,138778
1NM5Tb_KOYc,311
1ndx3Hl-7ls,4263
1mzYelCS440,19
1Ms4koDDQ6k,989
1m39Ry7mgyo,1188
1LXXqw6AIac,1461
1lXLGwe_DUU,155
1LvWkMIG-aM,589
1lD9Y8HR1cs,77
1L8mTXxK-fc,4935
1L6IVILEdps,70
1KofiHFsBQk,2766
1kllbOrLfoo,9237
1KiBhy7Sex0,1150
1kHwMPKjDe0,2851
1khfKEd8018,9625
1kacM0K8DOg,164
1JKGD3PpnMY,95
1izunMw5G6o,70
1IQQGxQI4oc,3
1Ia5RR1uzLQ,13
1hTLGlgZ4Z8,8183
1hRj1f_Yvrc,15
1h7KV2sjUWY,48018
1gIBGIcBr28,168
1G4XAByqwdc,1163
1Fr2qZGbVjQ,6507
1Fef3xaP5Gg,57
1FBDbOl59jA,5634
1emyPmar0Yo,2204
1eIIUj7-wII,2279
1E7kYV7KDdc,950
1dUPvyhYWGk,0
1DtICsfIJpM,46
1DRJKRbuqDY,737
1CR0QmCaMTs,13898
1ce456Nnkt8,180671
1BThwqZtHSk,998
1bRJDOzTv48,967
1BQbOG9-L4w,186
1B9dseIslCU,287
19ZgFyAiJLo,1184
18tgsQEj_Jk,5182
18fxVZI3pd4,11083
188yfjWBsKM,1578
173wA_UzXek,2
15JHOKXGsFw,44
1534GZXeszY,11238
14wNmoAqPyc,404
13rz0dWZMDs,701
137EH-5jNLI,15856
126Qz0RmFiA,586
103bx_Waacc,310
1_CarLAuBiU,1782
0zZ0Y_UZRBw,219028
0YyNLjWjJ_c,19
0y5ptWIDxhw,1991
0XROvoPCDNc,594
0XJQ0o36wkA,63413
0w6rnlRpwvI,456
0VlfItmdxmw,4869
0vCxtscHS8k,261
0uukwNVEwJk,11
0upRoDOG0Cs,44
0ukQpPD0P7Q,2690
0uEEklVBlxc,47255
0u0ZHOylEB4,116
0TuYag60_-8,245
0TTOXLtSCc4,394
0tID4qgmils,7995
0SHo9NSpobk,76
-0QvjiG4sYM,4647
0QHzX76Cn9A,47
0qbuZJYTrT8,267
0-O_D-U4YbY,3369
0ndumZPtVw8,1051
0N6mxM25ZN0,137
0MV7d1_nC88,618
0lVPq2OK12A,773
0LSQepixQ4Y,608
0lr497GhD04,50128
0l35jAGQPOI,1111653
0KrFWsvWCS0,883
0JqXITEsMy8,22284
0jKeBSD6qug,16
0JcNT6jYGwI,50407
0JB4jTSFwdc,154
0J5o-gCzlZw,230
0j_zv3xU1Og,67
0iZCPwrMefw,2367
0iOPz4XqVsA,83
0IFHXWrSddk,7
0IDhbweLO2k,1538
0IbvQB1F28U,7637
0HqLk_ZbHmI,12858
0hmhBU1Zmlw,1983
0hdnQ8EXdEs,57983
0h9WjwuKiJ8,1793
0GGbHtKmobQ,289
0FyAxoFAJbM,129
0Fu-SwnuOqk,4171
0fokKxplkw8,171
0fepqIO57f8,18477
0Fb_1pubf5Q,1885
0EVKQ6eTRIY,446
0euwv8NR5Bk,684
0e7TcOFfGKs,10926
0Ciy2I4L1IA,1233
0bCq0AwXSkA,778
0aWESl0HGHs,662
0ajDznH1jdE,5536
0a1mRBQnTJI,8
09FaAy42iMI,27854
094ndbmijKg,5049
08zf-l3qsdw,39
08Glvoo7SvU,229
07w3u8iLa-s,38837
06CMDDA4l8E,98022
04J6WZhlNWc,444
04aPsalAZQI,2914
03oexjRgfho,2
02HnkH92b6k,1941
01FGmk6VCMw,267
00pLcnkx7Eg,435
0_Ay0zBns1w,650
0_6JGVdbUCg,149
_zCDvOsdL9Q,221178
_YTG9vTkhGs,453
_YMhPTejspQ,3974
_yf4la-ddmc,993
_YCEqYyRKqw,707
_Ybm_ZNLu0w,64450
_Y1BS_tY7TA,2157
_XYIqbLWVo4,8404
_xPlm6ZEIDY,0
_xkJvHy2MSk,249
_wNZbgBPz1Q,68862
_w2b9CMKGbw,1
_VUQQ6aeTgw,1480
_VKn-jZNUEM,228
_uyIp5C1N5M,2189
_UDwKkBxSC8,125
_u9jjcbgMpk,650
_tJgT1IHGOw,1616
_sMIQ-LCMsA,1900
_sLxAHAvcks,14377
_rtJpPwsiUg,992
_rPgJ_CgiZM,0
_rLzmgZ61ok,277
_Rj2KEuOAbo,806
_qEaDZJAYWk,1690
_pP_C7HEy3g,7863
_PgWto3hJhE,2990
_PgMjA4x3rE,94132
_OkhHUXWNJA,9059
_OC-rIHi1YM,53
_nXY9NZfSMs,1447
_NWs7ntMRBA,63054
_Ng7XrIFaqk,1447
_ng0uIVyAPo,3879
_N2tsJ8p-Mg,37
_lhibYD39Gs,1862
_kwsw07w8lU,45090
_kU7IMlvg8c,4034
_KRN6cxGZvs,1123
_KkGRT_4its,11032
_kbgrXxbP9U,1007
_JzUfacvbtI,936
_ji5z9NRLQE,526
_j7z_oPTvJM,8166
_j0tK9LQzZ4,110
_iRBspjg2pw,7641
_Ic1Jo71CRc,153
_hrzEzUAGBc,214
_hexaR2X1b0,52
_H3OHSoNQUI,1636
_fObMfQnDIM,1034
_fEx1_2iJk4,453
_ezMSaHr56I,109
_E0eli9kcFg,14586
_DKPFIYbexw,216
_Cn0RG9xdxs,64
_CcqjgSo93E,7412
_caOKmnb60Q,216
_caLZ8DfV6s,1998
_C14eXiZQWo,646
_BxMmAco3Yo,91
_BQpnTK4tzQ,1
_B8bNVPney0,408
_AghmSP95nI,3071
_9gY8ovPyDM,44
_7z85ipjSwA,126730
_72EFFvDbSA,29
_5orhzrRL3E,43
_3PRT0msJg8,61
_2YeWEhN1Ts,5430
_2GJHX1iC6g,408
_1LdMWlNYS4,28574
_-1A-Cdq6jY,210
_04DX5zOydI,11508
