video_id,SUM(dislikes)
zzVFyVNgtsc,323
ZzStPviPY90,1285
ZZoF-ZHERTY,945
zZb4egM02RI,14
zZ9cPmJ_v4w,8830
ZZ6ZhLQJ9tk,2205
zz2vrPorALM,139
zY8BXo688Gc,12
ZY1BFv8qEeM,288
zy_df28N7WE,512
zXXxZmwpPnc,219
zxwfDlhJIpw,537957
zXQkZFTXT0I,413
zX9fw8z1lr8,511
zWxZmLxBd2k,108
zWwcUXx5jOU,9
ZWvYYkbgj4k,70
ZWrkOm98VWY,498
Zwmri1KqBLA,381
ZWHCG4Q-kL4,1029
zWenJ272G1A,8
ZweA4WKNBTQ,248
Zw3tdbnK0d0,84
ZVRtKPbZoww,71
ZVM_V18Tz1s,863
ZvKS6Gxx5sE,141
zvFQWPEuNJA,1516
zVEnDaoVZr4,13
Zv7mc3TygO4,1412677
ZUV53Nn3PhA,3096
z-uUOFG59XA,1292
ZUSPD9zOyJs,44153
ZUs4JxQJAv0,336
ZUmof5JNCVI,83
ZuiutGVyN_k,88
zuGhEnkK3W4,1820
zuFbluehZas,43
zu9qSzGLU_Q,58
Zu8_7P0DJg0,2454
ZTvWnLhUdD0,843
ZTQi1Wxz-sU,293
ZTPzw_-XqgY,2443
zTJsOjFbkuY,200
ZTFTngOG2bg,1513
Ztel4Tuq_Gc,7109
zTB-wzW54uE,11
Zt8aq-TOk8I,32
ZT0CCaKDxjg,63348
ZsptW6Yllyc,123
zsNUE5lLuOc,38259
zSCCVLkoLDo,137
zrUl5WgyquY,1307
zrHecEkbcDs,555
ZR47jsUqUzo,8859
ZQ-YX-5bAs0,12609
ZqVLeJD8qJI,146
ZpyXA_-nK0I,277
ZpQ4Xl_v2LY,61
z-PnNfgIpgg,616
ZOyY4394fjo,215
zOrhGrrY6Ps,19
zoPh4FowdAc,105
z-OfSrA7-QY,945
Zo9rgbn0SMs,12197
znz5h9-s764,783
ZnvGy6pcGxs,677
ZNsvGhLM42c,52
zNqUptqx3bY,713
zN0r2Yn-UvQ,128
ZmPpYKwhewQ,105
ZmD9RkCJgDI,1557
ZLuf8cIAUyA,366
ZKxW5-HFcv4,17
zkWs4FyokTM,179
ZKw1m2yr6Wk,12371
zKUtYpUsjjg,427
ZKTRV4Gq70o,560
ZKo50h9bJEw,84
zKMtceLC3dc,28
zKM_EqqJOYc,134
ZKD5f6yaoiQ,108
ZJs7DoAVQbk,1164
ZJ-aGc4hIqg,285
ZITBtrVQ-uw,13
ZIRVA_o1Q3k,103
zipJK1Werks,9
zIkbHeQx3kI,30
zhousYMIpYY,4147
ZHnSPxiOt2E,1268
zhIg2ou0W_M,2558
ZhEz1cvC1rc,56063
ZHBYGpAlNog,8544
zH5v0rJeAYY,154
zgmTj5rPy5w,534
zGiD886UkBE,1608
ZGFbwB0A_8I,4210
zg4Xg7_u3sE,1150
Zg_IUJwgvTE,341
ZfUyn42jeqk,6703
zfuiv0GS2yw,141
zFGDD_Iv2kQ,514
zFFV2Gr8LYo,1499
ZFePlZ0de98,18
zfeN12n3fxk,45156
ZExPIqL8goI,41
zetsrXQDlOo,48
ZesdOBb8b7Q,8
zeP9SVp2ui0,152
ZEkImgh--PE,290461
zei8TK7bhU8,71
ZEDNXm-oGCg,2912
zE8YrZPrf4U,103
Ze79TNTf-Dk,734
zdyU4TKSMus,292
ZdLfErCdykY,638
ZddIRXUIiFs,157
ZD8Lj8SfvAI,2412
zD3FfY7HJ8s,113
zcg58MB04GI,1382
ZCEgDAYzyRw,30020
zcEE8J2Bqa8,2092
z-bXxHMbi1Q,392
Zbw9d9avy6Q,1427
ZBJqnZy4qks,469
ZBiYn0l47XQ,807
zb_lcTj81AQ,17
ZATa3PgnyYI,552
zAL96HHV5to,25
zAbsICypApU,77
za0qXbofvc0,9706
z9ZGgJ4EjPk,57
z9rzlLXjzPs,464
z9dyFBQl9Oc,26
z8ynZbOPPGo,10115
z8bWdO9O1KI,34
z6RzpMajwC4,3659
z6lgH0paRvI,28
Z6jagREDl7k,134
z6A2LHGx8_A,9652
z5DZcK8bkhA,2917
Z5B_uu9BH44,6
z3SQYfO0PC0,15
z3i5B53LAo8,293
z3dde74JoOw,44
Z32UcJG7JNk,245
Z2qDe0n_XBM,17540
Z2qCAESvvKc,0
z2mXRtgLFHY,62
z2INxVZzUb4,306
z2FyAvKZ2Zc,73
z23zFQnaBHg,584
Z0z3VxZX6js,779
Z0IMCK81Ffg,68
z0DEnq9MGZY,1857
z08WBje5-G8,24
Z_T5FAZjMEI,2523
z_M_2yBf824,957
z_g7JHlVqMs,2919
yZUULyCqpM4,205
yZsP86SFwSA,24
Yz-nc9JCZqg,8
YZFmM4uACZs,39
Yz_VzJ4_OOo,6765
YyWQyvGK32s,105
YywJykbEllU,3168
yyvm8-r-LXY,944
yYMafWOKdxw,5495
YYimlrucN4s,95
YYIlweA54GE,27
YXiHNcJXGUo,103
yX5Euau_cAQ,13
ywVswK6jjjY,52
YwurW_xEOtQ,3
YwTKw76_wPc,201
yWJkC-ycLUM,595
YWhj5xe9rr0,96
YwE7Jlo-_iY,808
YW4GutWsDpg,770
Yw1YElm1ZeQ,256
yVY7yBl6UEA,255
YvTwcX5G8NU,298
YVqBsBijp5o,255
yVJtCkKYD3k,338
YvjhDjUbFyU,3809
yv8-LNajsNQ,2486
YUWq_aBiE_s,5435
yUTzmkHAMp8,166
YuousNckevI,100
YUKUJ544cG0,358
yuDGcDygadM,193
YuCT2r5ALA0,35
yUA9u0vpcx8,3
ytwq9M1Mq8E,11586
YtcBorVkWFk,2704
yTaKCv2ctEU,1
yt4dgXqv7AI,1
ystnJR6XU40,41
ySkGRS1Upyo,704
YSKF1Ka-qIc,2226
YS6LmEFLhU0,4084
yrPvX1qP7BM,566
YRcxUFxmU1k,380
Yrb1dPbaeJw,543
Y-R3QdTGeLg,512
yR0EaFyoUSI,38
yQyj7CAGmA0,618
yPUjtxbbowc,166
YpU0y6TMGSU,6877
YpTJXflann8,183
YpphKzmDiJM,548
yP5wBzf46mI,67
YP18Zg9OzN4,10996
YOqmEdoIf7w,80
yoJBr4iOY3Q,7041
yOHtg7u-sAc,855
YoEdgiT9rTU,8740
yO9snUMvRuU,25496
Yo8BnaR4xXY,54
yO0v_JqxFmQ,261
Yo0RvZZz_ds,6112
YNrrVzdaZ1s,10
ynNdF2L8rp4,91
ynh63MF7-1g,323
ymzhTiAMeWo,8
yMxJ7ZCd5eg,91
yMxFdLEnl40,384
ymQAkH7B43Q,4414
YLWXjD30SaI,1186
ylo5lQNN_4g,38
yLLA7xV0xqM,4
Ylfd1SZnoUA,584
ykzxD3sHaoc,0
YksEs2X1p5o,13
yko-YmuDm7E,199
YKkp4jZlIfQ,7186
YKISULHWs3k,37
YKdmbiGuKw4,5464
Y-KArUvOdD8,106
yjif7HoQCZM,5634
yJFq4HV-MGQ,243
YjF63t7KFns,8
yjBfVSNhl-Y,9
yIzauqLGULQ,22
Yiq8YjQC6Rw,11805
y-INHA1k0Z8,106
YI6Mu4MDJOA,98
YHYs47eqASw,12
yHIpYDPbOho,5883
YhINec4cH38,46
YgYkjLwtBME,110
yGxXUGyG6tw,46
ygv6qrhNEUY,3378
yGlp6XDmQmk,405
YgGpPlDWbTg,7
YGE6MBSNHZA,308
YG32KvBtt90,528
yFzqP-uGtrU,421
YFZh96qUGgY,566
yf1VY1ZiPmI,1150
YEIozlOEg08,1170
yECl6SZnGO4,175
ye6gt_N7nxE,1046
YdW13DCWCMI,422
ydRw4zylmbw,299
yd-Jw_Bpzyw,3781
Y-dJQsFJZM8,15
yDiXQl7grPQ,406020
yDiAmrGKsyE,7
yDADpXNtEXg,191
yd6tztK-mto,502
yCxwmH3psxg,4470
ycTmoIlN9gc,119
ycS6LjhZHdE,1492
YCLIiHrB6es,136
Yc0Y_TlIqt0,75
YbEos2H8Fww,57
YbdGnEFwC0Q,603
yBcifGXcBM4,883
Yb6FFDhojC0,27
YAxeiSjdzi4,592
yaUtEtZD8eg,123
YAPrfEb024Y,182
YaNA0kOIn1c,48
YAKx026WMKw,35
Y9Ais-iC66M,2163
Y8qh1yEvFnQ,3
y82iFW1fzpY,29
y7wXRm3sTBo,89
Y7vCNXMGV5A,43
Y7kWD6HPPDo,99
y6tXWVqD6r4,6
Y6KIfWMYf1w,157
Y6HQ0LiU9As,112
Y5kG6zKtRqA,3
Y5HSR_gUS6E,2941
Y4jDso266mc,880
Y4bt9wY6Zo0,58
y4a_tk8cn14,29
Y40jVN8qHYE,4
Y3SIEH08KXc,27
y3SFD9QIoXA,3573
Y3QevFGy7u4,43
y3in3RdlCGY,77
Y3Fw-xEFSVA,513
Y3BA-O0dNH0,44
Y33PA_mHTHk,38
y2I4sX6ji7c,23
y06RDyNXqbM,362542
y05LR8KHW5M,1062
xZZStZFIXro,12
XzzQL96yAwE,17609
xzsGcpg5Yms,11601
XZk9iwEcV7E,20
xzHJ2aZR6e4,13222
XzByC_5nK_4,211
xyVPB4F7iSk,20
XYQmNB9FMcE,295
xYJK5wnph0w,257
XyAM21eOpQM,123
XY-7RvHaWWI,124
xy-2h251MxE,4700
XxJ1COauXbQ,236
Xx1wnRxktPc,1659
xWRffppwE1A,64
xwkt-a__zZw,5117
xwC9Ctiuje8,11
xVU8nEIsapY,18152
XvpGvVR1D0w,963
xVGRDPxlS7k,24614
xVg8i92ff_o,1532
xVbbbLMq_M4,1632
xVAhI-vWgvo,650
xVa1jRRne8Q,1092
XuWHYMDI_UQ,1730
XUwe8LfoyDg,806
XuJxAaj67q8,14
xU6OqBKQfr8,46
XU69_u7eXa0,1752
XTWXNMOGl08,388
xTrwT0jSUg0,4057
xTQFTBnaQ_c,34
xTl5WXsxntw,92
XtdVR2_DTNw,5
XT5cvmjIzfA,241
XSrfg0H7liA,57
xSqYaWxGc1U,127
xsI7Dtcp5Rs,54
xsdLXZkforI,313
xrYD8jazbHI,46
xrt1FUB5i4s,8486
xrMfUeOPWto,28495
xrd5ZcUQEEo,3485
xR8EXsz3wTU,337
Xr2UE5SQCIU,28842
Xr2rgT9uEnA,27190
x-R19oA1m8w,9803
xR16ohPZBq4,141
XqvDY9u6wn8,4127
Xqrv6skU8Ow,627
xqLVCuZnhrQ,180
XQl-r-c7QeY,1357
xqj7XOv9mC8,492
xptpXSTtgSY,479
xpK4tK4DenY,520
XPGuDx6RDlk,409
XP-Enanb4vU,8
XpdB27CKP6o,31
xPbU8LEK-sY,2
XP09AOI1Sbo,2044
XOw5pEPa3A8,28
xO5Onm-ERgs,49
Xo3wJWEPJho,101
XNUI8dRdviM,1115
XNqdFxwtuo4,26438
XnKqnoUsl1M,116
xNkLDa3_nnk,10840
XnAE57_944o,39
Xn1L9pvk6sE,100
XN1e8y_ItJw,1259
xmXMKlLc9Qc,137
X-MrVZQ0tSU,992
XMordBAJAas,384
xMnNQOgeWJ0,204
XMIc4uTAMh0,165
Xm9UiMtG1Q4,97
XlSP9-zxT8A,280
xLawz89yKP8,52
XkGTE4WMMko,5263
XjzmHWmW6eA,270
XJZLDhvZ75w,9
xjxkJmc-fcI,1947
XjpA3mSBhdc,6
xjFZvMFZaBY,385
XJ3LRqgn7BA,31
xj2DI-RJon4,6
xIZYxqqpjJQ,4343
XISuk-bqCkc,13323
xIQp3KeDmwU,1174
xiowTm5Tnkg,11
XILug7SKMVM,239
xihHtHv4jQo,22
xhyrGhWZZME,32
xHliB3zbdLc,42
Xh_lMDomkig,154
xGnzflm9Cm4,10
XGM3TX3g3IQ,3499
XgBhN2WHnHg,208
XG3KzYPxnp8,11
xfwOlwiWggs,6
Xfq-WttsRDk,1808
XfQDgbrZvSw,273
XfIBGkI5eHM,302
xffS8n-M0Jg,26471
xF4VdBmHxJY,2
xf4iv4ic70M,9102
XF4_DvnNeCQ,6962
xeWMCxWJQ-I,247
XE-TLvYGcoI,351
X-eRc9PF3TU,2297
Xen6LIywN8A,809
XekDeXbRSQw,6838
XE2J9bw52RI,10486
xDsMX18qSfE,6941
XdgqqFw57X8,194
xdGI_JTV9_8,8
xDc_LoTMEL4,88
xda5VESj6eM,1998
XD0lxNiZ7mE,14638
xCY9B8POq3A,3204
xclwGLpnbUc,55
xcGIcsI7g3I,2922
xc9bCfBkZ0A,613
xC9-30wl1cg,2486
XbNu0Y-62Zg,745
xBiB4CIq9FE,15492
xB2Ux2Gw57g,963
xAXh7vSmjRk,292
XASMbPHl8bY,42
XaKDp3ijSx0,7640
XahosSIg4a4,40
xaAOiTF-EFY,5083
X9U4hBXox78,4474
X9PumbEyKBM,161
x9OU0ektHxM,38
x9e_8zRuuO8,2405
x9d6ifFMnc0,8
X8XQctyv4dY,1500
x8hOuTpzE8o,471
X8fNNCdJvy4,15
x8DZN8f8bDs,382
X7oHkpVh11c,0
x7HzXlEGaMo,73
X6mnt4p6Yt8,21
X6L453knWew,46
x5o9OP9boz0,1029
x4AQvgq1fdk,206
X43XCZDt_6c,13
x3zQELlrY6A,24768
x374_Z9P9vU,2329
x2tpb-eX1t0,6
x2l75JEuxcA,229
x2KAYep8FwI,20332
x24fLYekCGY,196
X206QAHkMrs,10
X1VzzNbfPaM,1562
x1l-HRvwnB4,2470
X1jKI9o4JDw,354
X0YytGqn7Xs,660
X-0va7KHiJ0,19
x0uaEP43I6M,101
X_juUdYzngc,206
x_joMJBrT34,104885
X_9LCZPLhrU,699
X_8fe8zDtWU,10
x_2VMcH3uJg,350
WZuerkwFuPs,257
wZmJonaeWDg,285
wz8n7C3-1UI,816
WZ0iTIUN5lU,1711
wZ_hSHMR6Aw,92
WYz2XvKkDRI,17
wYkpWoBpDqo,499
wYk2i070I2I,246
WYfFeh6OqWI,37
W-YBRFtG_jA,54
wy9JRkTxP4I,3
WXTNngJsBrI,2582
wXqIjmcED0I,3714
WxOPVl3MXAc,9
wXLqyfkZpvM,0
wxe8weq5RtU,2961
wXbsQ0e2awY,1255
wxBB5XjeGpI,320
WWTD3XduKSY,120
WwRwTfI8zv4,450
wwQ-HpqL-mQ,11
wwgjiyXxz1o,260
WWcONJxujrY,3
wW5-QYmoCgU,1638
wvUNULrsoTg,220
Wvj3p33uNi4,42
WVHbHzGDs7Q,4256
wvDY67r79MI,21
wVbjNY7H8lk,269
Wuxsytdh85g,3742
wULeXeQkqd0,863
wu5CY5wlmKQ,8
WtPXEAnhYKE,452
WtOYB2_3EQk,88
wtItjwLSEU0,308
Wt2b3VGI-j8,62
WT0mbNvaT6Y,143
wT_yPn3LfNA,38862
wsYx4Jr8d54,1642
wswvNZveNHc,116859
Wsqcudm7lP0,11841
WsOa5zeryMU,0
wR9LmDVDZHQ,57
wqsu0vtxQWY,181
WQnOSr7F2Ek,0
WQkV0PTcXNA,16
wQIyyxjA8mk,105
WQC-8YjPSD0,84
WPZfIKy7LWo,25634
Wpm07-BGJnE,2142591
wOteLmvdQzY,2087
WosJ9fb6Hh0,219
WO5s0HXcqr8,37107
WO3SVo9FkpM,153
WnWRaKTkIWo,80
wNovUNlApko,1358
WnL9XMYo_uM,80
Wni0G6JMR60,9
WNBGpr7X-s8,59
wNb275Ev8dQ,1312
Wn_wFAzwFKk,15
WmYqDI0HF4I,1804
WmYdrTA1m8E,153
WmJDpZyVpzs,93
WMgPEkkgZsg,43
wm5fj77R8aI,4497
wM0FTIMAu8M,466
WM_RWCsw5K4,790
WlU6RRmqrsg,66
WLqdzozwSVo,143
Wlj9mVFS_9I,19
wLgH8oMKz3E,45
wl1Zw7T43TY,46
WKOQQJvmPnY,229
WKEGJQWx5yY,230
WjPbuXbFej8,1348
wjj2upnfBI0,17782
WjeZ4SOI5Qs,728
wjAgI6Zr04g,7
WJ9lMV8UnSo,753
WJ0McnuNDmU,945
WIZ-vjibow4,5258
WIV3xNz8NoM,17773
WIrNRPVpkOQ,747
wIFlXhEO1UU,866
WhZxheIcNDc,425
whz9bafVvFE,198
wHmXwcAOnoM,245
wh3kU4C_HCA,278
wgW2z_wXyOA,6813
wGV1Gl18rT0,276
WgQaoK9OKjw,109
wGOjfYzw8Vg,36
wGDPML1X5v0,66
W-FqE81rhqA,182
wfMan8d5240,20
WFCanKYtmIU,4499
wfbATXDoX-s,0
wF0T4ipGDdo,568
WEZEatnrXAE,18
WeX5VO0aXS0,303
WeujyMmfJvk,160
wEPxoVe-i9s,4962
wEmetHs9mWI,71
WemDKlmMAIs,195
wEKIAHrugZ4,12893
weebcQPRGUE,466
we5djgQwK9w,92495
WDnzcWOD4xU,4671
WdNfcn2a1PE,3
wDl6MlgL8PM,847
Wdgb720PYII,325
WdFrQjwSSgg,141
Wd69L0vmaOQ,665
WCAbXg_4Xq0,10604
wBzlX0ltgOo,803
WBxwX1myxqc,1091
wbxqYKrYkqo,446
WbQUT3vNUtE,2119
WbgIREVg2JU,9433
WapBwuNtUzQ,969995
wamF2KUQKLA,930
w-af5CT0BNg,144
WACO9TqZEh0,10272
wA6_Z2X-ut8,349
wa5eXqjEewE,5816
-W8YzbgV-7I,350
W86CyDBrDjE,11803
W7Y7Dln8LGE,479
W7oeROkyPgs,5676
w6ZxTzPDn_k,327
W6E_Pjayhl8,437
w6_Gx9Xx6OE,5
W5qRRqp10y0,2264
w4Q7AQkodnw,40
w47K7RqVcf4,254
W3U9DH_kBNg,567
W3D-rS-H-kU,9843
w2QTDd1sT1E,22586
W2bov6kY7ko,99
W1QE7yxiZp0,3465
W1Efx7O7uPA,351
W16tAWU4hdM,445
W0RuIZDMBf0,346
w03JoE3K2pA,4
W-__fOAUomc,12
VZsBRynPXHY,16206
vzOSvIlyoeo,25
VZk9jdU7NSQ,594
VzaOlaYyCmw,79
VZ9jScsNtrQ,50
vYXl81Ctwys,16
vyqCSzFZyXg,11150
vypp5DF-Rvw,334
VYPoUFKV6BM,0
vyFPQYtL8CM,15
VYFdu7Xo5Uc,41
VYcxF5mHT40,79
vYb4_ARPNfo,10255
Vy7NiUfzBTM,88
vxlXOhEE0r8,10975
vwTPlIGfoIY,9325
vWJI5ck0hDQ,27
vWCvoBw9akA,3
Vw57GN-ALqE,25
vVwaYo-sxrU,71
vVRKRI1YyKM,189
vVoEgYAkniI,307
VviGG5JlvXU,57
vvEUSUVk2kI,557
VVCEzCNXLVY,0
vUTI4bPdlgE,1149772
VUrSxS4oihY,50
VuLc8D-e1pA,42
VUJLOlGN1TE,577
VUiqCH48ztg,6216
vUcX6wBPqCQ,469
VtV4nNeZlO4,2689
Vtq1eQEPxII,13597
VtoG2LTugpA,4541
vtL4d4LHI90,7309
vtDE1zPmzOA,23
VTB_mOAV4IE,189
vT3FX2paY8k,0
vT_IlY0A4_0,33
vsup38R_c3g,243
vSKEcHoouyA,3594
vRYGnP8NdVA,467
vrniSczvTjQ,1335
vQmHWr9fS80,580
VqlHBjX5deM,24355
vqL4HWSsdrE,408
VqgbfZQ-hCE,36
vpZqM6fThdU,649
VPu7ngulnhM,4828
vpTrUNTUjnU,144
vpolH70lJy0,29
vPj0qzPiMhA,259
vP9IoJZx3DE,270
vP0MsZf6nEA,870
VoYLwjHSQAo,3449
voszpcDJccM,354
VopB3HnOJQQ,7218
voJaBszuk2Q,527
vOHPXy3UXJY,2814
voG07pt-KYI,86930
Vo9EGHNAtww,50
Vnsy7nc9rG8,23
vnnZ7Hc34Vw,232
vmw8sauZDos,59
vMQYhSwQZWA,44
VMmdeMzXKMI,1003
vMJoz3xr4EI,834
vMHtAVW4ayE,4000
VM-g_bkFdzo,507
vMDwGkX3mAg,128
vmbjMq4SE8w,333
Vm5vWpeZ1U4,18
vlPfQ3Rk3qY,181
vLO5lMmv3w4,2795
vL4kUEGKlq4,266
VL_yKtzIADE,153
vkNyV5QRy-U,11
Vk6hYdH7ug8,226
Vk2691PlKV4,1229
vjSohj-Iclc,53494
vjI4Alon-3Q,1298542
vJBUJBS78rs,13
vIxs3A0y47c,2209
viLHYoJSIJs,147
vijZ__dICG0,64
ViEZJa1JNjE,1032
vi3md3564pk,368
vI1jSBrkAuQ,106
VHWu6JvzrJs,110
VHuaRxpx4wU,746
vGJ0-ZiJlYw,248
vG4qJW4-CH4,912
VFZJS4mvvLI,18
vfsnozjzJ9I,14
vFsFp46YiEs,82
vFKQ7GflRkk,2268
VfbCi_7L7v0,133
VF4VJ0VgJsI,37
vF3y1_r-mwA,611
VEpP_HWSvKs,392
vEpHibZWtgI,25
VEOCvt1AzC4,31
veM423POiU8,3765
Vdo1yz6Y8Qc,5411
VDhHa4X9m-Q,74
vD7bmadZb24,4091
vD0ww9hfTpw,100
VCru0f128ic,145
vcKPjDUc5EQ,1820
vC-7ccIsBWQ,1
vbJhhhc-DXM,54
VbHZG10ZjmU,37201
vBdw8EpCgQY,8
VbAYGsxN7EA,666
vbaDqD_eBug,758
vb97DrNDSfM,22846
vAuO3bHxSpc,26709
vaHfroquhJU,581
VAFUK1mR-vs,1320
Va6603ZAWBk,20
v9EUmHHhe5Q,52
V8nLCDRyHWM,12
v7zEZ481L1U,179
V7iUoq9PZf8,1063
v7H_Or9Nr5I,38641
v6yg4ImnYwA,349808
V6ElE2xs48c,11133
V6C8DUQtD54,9
V6_lJjSUsvk,9
v5wiOmKpQk0,127
v5OTAJg7lk0,28
v4AprNac91E,6
v3fvyCzRqfg,192
v361JdoODOk,26
V2maVleg9Ik,92
V2J_VLSvUz0,76
v20CtqLLWi8,8
V1sADbhm5xE,2145
v1pN6cj8TuE,462
V1Pl8CzNzCw,26786
V1iLAJVFuHk,92
V1FYKLxQ3vo,2
V0KSEfSgstY,2603
v_f_2oTL5pU,118
v_B3qkp4nO4,90
Uzu_E33_TFo,3543
UZHjHBjenO8,2321
uz7L9dbYYP0,0
uz7DycAvLtU,5306
UZ4HGxlY77Y,360
UZ47aQFp2TQ,7581
Uz_sK7cDpRQ,180
UyTdQLkIwc4,211
UypNWebswzI,87
uyn-3kduoFc,641
Uy7yJdq1yhg,51155
Uy5ATBR15yw,3227
uy0bF-PFpFI,152
uxybmhq7XzQ,3660
UxwiXA2n62c,87
uxNk_ZE_BYU,53
uXGXtVcNJ3w,6597
uxbQATBAXf8,10521
UWz4LPyoSw4,2916
UWX5u-g28Q0,820
UwlWKQJxEmE,386
UwK6_3az_K0,0
uWfe9AOz7LQ,44
Uw8X6_79pqU,40
UvQ0tTS8CTo,4414
uvDZYjtaHRM,5175
uVcvhKTVZ8g,115505
uUXit_nCIaE,1
UUrddqT9i_s,1893
UUQ5Rr5Uc-A,6
uUFwZDaQjo8,19
UUEZHGJqEBo,122
UtVHwI7MtLY,2698
utKpjcIYSCI,58
uTIVYTBMGQA,272
ut6UYwbt6Xk,3779
uT6mKW59CeE,240
USXoINPEhoA,24272
UsXI9cvTb7E,7991
usWUNuU2fMI,100
usRWa3UtXNk,886
usmqrgknKyY,512
uSjwGbBHyo4,26
UsGlEV3RLbk,347
uRP4nAGMYCY,42458
urkiePoszu4,2772
URfaTuNcHNo,62
uReB2fa7w08,275
urCZz5eMjF4,793
UrccwiYC4jk,278
UqxsMrHxQNc,1
uQxh3pAnqlo,8
uQv9_nn4BMI,1638
UQqOrCs03_0,651
uqNM0yFREQA,397
uqLy3XHIg4c,953
UQkBcHLZOqU,16052
uqgfy_0co3A,69
UQ4SCka30rU,1039
uQ_WMlkg8sI,6
uPtF9l30uWE,641
UpnBeiH-tGE,188
UPDm0WNYgkw,481
uP2nrsxruGY,317
uovntV3ZMDc,38034
uojKF_A6iCA,19
uOfwFxG0yO8,7971
unY83S0dTkg,828
uNtY6HpiM4M,9312
UNPqnEtuuiU,1422
uNjE_N08M14,311
Unj1z4BpduA,4580
UMZWrNbvg6Q,2895
umyepFgih88,18
umHGdOZKO9g,57
Um6jJcA3TT8,0
UM3_ki5rpe4,12
um-1fAVU1OQ,165749
ulNswX3If6U,197607
ulCdoCfw-bY,29684
uKvLdybRStY,263
UkU9AePyxoI,34
UKserM-i0_A,10344
uKpvjqDsTcU,6373
uKmA0nHe4no,3535
ukFSWBMQucg,15
uKezML-ie7M,508
UKeYtpjPaeA,18
uK9J2Q-IcuE,8
Uk6DChXHNJA,151
ujyAtyNYA9o,0
uJtIbVkIcq8,7
UJT2bUUgP3g,514
uJi4hDIvTo8,925
UjH73pI3me4,164
uJ9M_7zSa3s,10785
UIwdCN4dV6w,527
uiV4xPlZNSU,97
uiub1DnUnkg,498
UiLHz8aojwc,6
uiJr4I0CqcA,878
UiCyXpDsk5M,5801
UhiXEgqhBWs,1145
UHEBRruprnI,493
uH1UApCiqw0,6348
ugZja7V601Y,14
UgOEG-qvwQ4,109
UGkaWBMlPWE,155
ufynqs_COF4,197396
ufVoxVjsed0,249
uFq_2qaQiu0,29
UFpGIi2OjX0,3597
UfKmSfgFxi8,256121
UewgWtJu8xQ,9
ueUaQWcY-XE,48
uETlOZViR7o,0
UeTBJkRe7Cc,259
UESWGeB9zxk,398
UEQOhGf21Zc,335
uefLpz66eJg,113
UE2ZlZikJ34,997
udZU4Q84oPk,2862
UDX-bWm-4fk,246
UDwDF6xgv7Q,656
UDt05Slnzpg,50
UDlpZJ8EG8c,236
UDbdAvmCwls,182
Ud4P3wBVRX8,50
UcwT0n-hUPk,164
ucVJrja8r6Q,4826
uCR-puautRA,303
UcrgbGuuJ88,125
UCjp9ODREe8,362
ucJlWcSo18Y,49
uch7rA0U9UM,211
UCdMwyIy3ks,27582
UcA4Ij_GbAo,54
Uc8vi0gRQxQ,26
uBYzYji4rmE,89665
ubyAEacslEI,9674
UbTytC7UUjs,43
Ubq62yjY0zo,9
uBPB3MDL0N8,15
uBIj5aIaqMU,284
ubGZd2vXaok,214
uB9vfZmrGF4,2834
UB7UpXVYjVM,190
Ub3ot5DC_iE,5491
Ub_VUzgDWWE,91
uAUub6LPKBU,186
UATF8ycfLD0,355
uaQ8AXpaITg,17
UAjQtgGJ6Yk,164
UAHuVEBXel4,32
u9Mv98Gr5pY,837730
U9gpcBDMRBA,135
U9BwWKXjVaI,1065579
u9Bik-gAvpY,2537
u8VkK1ydBvI,14035
u8Oh1L1aN8M,248
u7wMCqbebLQ,162
U7oUYkbIXLo,10
U6zPDAhXXHg,10
u6WzSygTyVg,24
u6P4T0hIv9M,130
U6lTYH1hIKE,40
u6iIpuIdDXI,143
U6gF3ZwOfBI,72
U6fx93-Ewrg,11
u6crRYCisF4,104
u4xzGTlZaxA,22
u4Hc_XpdTT0,21
U3wVDJTOzqA,577
u3RUG7T47_I,41
U3hh8bLj_3s,26
U3DHuvf-ltQ,631
U31cQJLi-mQ,965
u2Zqj4Nzs1g,106
U2ZLv2LXKPI,954
u2yGjSib0W4,106
u2u_zC2jUjU,432
u2qpVH_4L00,844
U2dRRqfIJ5w,26
u2-ACwHEVmQ,2
U1LY9QUW-eE,25
u1d64ubRpos,3
U0z-x5O_Jpw,2975
u0wOV2a-Vvc,56
u0PR11BKrTI,192
u0feM_2mLvo,23785
u0BGn2WO0lo,49
U_X51QkSkRw,31
u_nrjjXlO1M,6426
tZzSyVlAINw,950
TZXxr6BbACo,531
TzXLOzBBIuY,2
TzV6VAa8pvg,4
tzOgQCDi8C8,16
Tznw53Dwk8c,334
TZfEjhZVEng,17
tZBNSsm1RKE,13
tYvqLuqmF1Q,1252
tyV8IWsNxg8,968
TYp6yn8mv8Q,165
tyjVu_IFKMc,3141
TyggME09R5o,35
TY6O9kl7Sfg,13
tY3KPlDZbQs,44
TxLuifreo4s,0
t-xIHn9GGjk,11
Tx0fhKJRaeU,37923
Tx_ukvRq5Bo,2456
TwYvJ91OPjM,4139
tWv-VgRU-KQ,26
twqwhFvUqno,147
twI7nrotVao,8001
twi_5o62cbU,1128
tWDK9rK-f1Q,9106
TwCbmLPTT5U,90
twBLamW8p_8,2
TwaNYTCK2iA,7470
TWA-g2sOu6A,61
tVqW5oLLSQY,21
tvNVnpPCGP0,1
tVmPvoor7-o,1330
TvmhS0eMLwY,277
tvLDLGLB-1U,1761
tvJUFXQBABo,35
tVjMZN75cxY,115
TVIBm8Sovi0,359
TuE0DWT_C90,7977
tU1r_wQi_f0,580
tTxX0Wui25c,85
TtW84O_2898,71
TTpmxbzkVUA,4908
TToAcv2q4sU,373
ttMYkpL03CE,14303
ttKazCRoxWM,187
TtEhxYAMbVg,12
tte055a3tHQ,5105
TTax_IIccag,0
TT2riD5yPss,1
tstKpwNCkWM,5147
TSSEvvIXC8Q,23
TsqkpyyCEbc,13
tSDFfiCq-eA,18
TRyD_cFtPp4,297
TRY2eQju5nc,3385
tRT7DMk7qcw,482
trIECHv2fNE,841
trBXAINoVno,30
tR2TykDOx2s,72
TR2jy8Odou8,394
TQuiSNaNTGI,40
tqPub3p3k5E,4832
TqKxMKbtK3U,4
tQHlOjMGS-M,6321
tqfpAYHCtLE,531
TQ9fk22YIyM,807
tQ8Yw8k060s,1072
TQ1O0YdH54M,3834
TPZpsYywLEE,1524
TpS_K7cE794,120
TPk3pdL6QzU,400
TPDv9hgJ3ZI,120
tpa4kp4lK60,54766
TOz2s8hODL4,323
tOUrqvoECz0,37
ToQloh3us1E,8088
TOQfxlO--WA,4
ToPW2xgXW_0,574
tOoHvV21zcY,55
ToiV5FXHExM,30
toGyA877V4s,1110
todLKPriz3k,16
To19gdMiUrE,61
tnr_yY__nMU,668
tnoe_lxhmyw,2
TNO7pKZ8JVU,298
tnnfQPoQhj0,214
TNJdJ5NyNpg,105
TnDp6AyCIcc,575
Tn7JdGq53kg,1105
tn0hCTyj2Kc,6406
tMazN5uH49U,14342
tmacgSKZJKI,4
tM1prmlMZuM,81
tM0EJGhIGas,292
tLxSuFGjdhU,64
TlWiKwFFFpA,52
Tlu-_31CWfY,8004
TLS837FaO4Y,14628
tlnGZo_onb0,577
TlGXrarsTZE,103
Tlgr96mhAGc,63
TlcNNZlj7-Q,343
Tl6Fdr88iRA,29
TKvMuJoNdEI,432
TKGA7MhxPWc,6126
tJYhq3NXTUQ,9
TJu7hiNz2Fw,5319
TJOQYnumxDM,3131
tJh5o-HPhmo,679
tjA7nAHOAww,20122
tj6FC33DRIw,11
TJ1vSS3a0aY,380
TIyT_4BttC0,894
tIYJcjhINqA,19986
tISJDc0d0OY,62
TiIC4Nv-BC0,519
tiFp799aCeA,1
tiF9SzzzX_o,1043
TIcjwj1W39Y,63
ti1Sw8w_TGc,39
THzHh3RVsAY,3106
tHmAPWOo2jY,29655
tHd0twRKZ9s,1325
THCVReSmm90,2164
THaqB3S7zKg,536
Th8rBDgarTM,5178
TH6YbrmiYEY,456
TGxwDXpQ1CM,10
TGvym1bLi-4,8475
TgN_Qs2Z7KA,24
tGMk5Y_puFE,1230
TGFv5Ytq6yU,18
TGBv8XE3sco,35
tG4AUQhCQ2Y,49
TfvmgiVFMKk,60
tfREC-AkX20,326942
tf-i9VkI5Ng,267
tf2w-xEWjM8,26
teNUR7w_nZg,8626
tEFoSN_pia8,13
tEE3yKGSUCw,22
TedNF0dyQZ4,124
TeArBlbN2QY,22
te9ZYLuYEC8,2327
te7-G2ybP0c,15832
TE3tEl9S27U,165
TdZ1OCitz7M,178
TdKAwPP3s1Q,610
tdbTYuHqokw,43
Td0w8lojb_g,787
tcWtdT9ZkQ0,13399
tcgNXuicVNw,164
TCgIGYZnOpo,5
TcfSTBh_sms,101
TcfgANouMj0,4
tccBPKjZXrs,1386
tC4ZDtsi7OQ,45
tc2toBiJ2Pw,1413
Tbz7Y5-qf1o,1069
TBvehNahDc8,783
TBjugzF7OLE,614
TBF7eTSTWLA,8627
tAYZXuuVKrQ,272
TAy0i0JYCD4,52
TapkR_j2csY,30
tAo9dPbCWYQ,952
TAHlNhCvYv8,253
tAde2rp2m3w,0
tab6XaxbXkQ,2137
t9Xmslxcf0g,146
T9WN2_ikz6Q,18654
t9QtXGirWf0,2058
T87ukTZ-07A,5
t7klO0p092Y,3723
T732vvf9QfY,456
t6qU0dXYz-Y,168
T6nZ2yXrh6A,12374
T3TXncVnEVs,443
t3NKQna3TmE,0
t3HuWPihmQ8,3446
T3aaJqbjm_c,2502
t35WX3fWDVM,1236
T32Jh3pMqB8,1621
T2wjUnw95Tw,48
t2TtcMh1g0Q,286
T21RHwNbIGQ,16
T1xI7zYfEk0,160
T1QMTxIPef8,14
t1PXLMxuiPs,268
t0mXOsUkY8w,2336
t0bg7SeDieo,201
T_TUZQw6fu0,236
SZEhHx8xzOM,7
SzcD48wnB9Y,1257
sYvH7Y16iUM,45282
SYrKTn9zsto,17
sYRG-QF9N6U,51
syp5Gtin8HQ,694
sYm45NvpiJg,251
SygEOblnHb0,30
sY4r8Cz4mUE,2382
Sy_BfHXmPx0,83
sxvC647Yi0A,65473
sxukU0t-dAc,1977
sXt6oikAXS0,439
SXkxheJ1dQ0,20007
sXCcvPorJ9Q,29
Sx1VdhgNxFs,5
Swv1il6PpN4,3996
sWolkgKs2og,319
sWnuTed3i_g,388
SWiQOnNHvEc,32
SWHNXV1C3N8,7
SWasTZS6HGs,18
svpxNASGFHQ,1843
sV-hQGtsRPk,18
sv0udYGUzDA,5
SuzlcQc1iks,279646
suyGgHflqaw,355
SuarlX9EuwM,262
SU60v2PSK8U,1603
SU_2bRmIswc,42204
StxsWkeQpjM,803
STVXHhTdjW4,3557
StvIg60Je68,124
sTT8Zf6-Ugo,2295
stNh_di8OM8,15103
St3SkEOGAyQ,1427
sT1an-dH94w,3585
SsZtA9pOB4g,594
SSV1NxkgPXM,15
ssrvOK3zPVw,3
SsR9ohalUp0,1304
sSfNUMy1cPM,1317
SRWS4MKAZZQ,662
Srgi1OZff2o,10
sRbVX2XvYmU,305
sqVuypJD7zo,3407
SqNlLDeZcSc,3186
sqkL6D0ScR0,42996
sqewd2OOuuA,55
sqCLVS1GgJs,7376
SPQwSvSkrHU,3
SPpBVB8cuPg,134
sPOnslz_FVE,477
spOc_9ZhshU,620
SPHJcDBwa0s,24
SpgTL1dNhp4,2020
SpdgahDp2Wg,2487
SPake6Oa1CE,87
sP47VO2uwAE,111
SoXREYnK8cU,291
sOt87OMvX8Y,81
sOmVqjuUHAM,9609
SoKQzAhXkbw,4692
sokPIM7npF8,867
sOgvkUwwTa0,298
sO8mlR46M4I,62
SNvsk2RkhYk,9
SNtsvAn7Vg8,1053
SnRXoBxaxVw,57
snl4TvSaCB4,497
sNC6lJb4Gbo,14
sn3Ct2_L4OA,32785
sn_yfWkudY0,136
SMvZa784oow,12316
SMskIRy-drk,152
SmqLQgkktT8,14129
sMpLy99O8bo,17
sMLso2du91U,19043
SmlhE0vTRds,31
SMLgNZYW3XE,1542
sMkYJDDGwtY,34
SmHK8K35EBc,398
SM6350PPCpw,187
SLQwJzVTPEc,10
SLPY-kIECfY,30
SlOhSRPETNs,177
SLnekV64gTM,261
sLdUevK-Vwo,278
sl_0Y_PmMmA,383
SKXRMn7sBcM,44
SKV6h_5XFbk,33845
SkoVHIQXtog,1428
SkOjuqYmJcI,55
SKLqaySpY2E,309
sK2-xmjrjJ8,1
sJq9LumJl8c,60
sJH8K6moiDk,49
siVIV2Oc0Ys,2222
sitxg0Lcz6s,1037
SIR67et5tcs,1150
SI_jjFfJDdM,53
ShY_Pda1EXA,89
SHLta_M6chM,1757
SheFDx8d77M,5
Sh2aQc6lrtU,706
sh_Uhe7Ybe8,1171
SGm_UQuudYQ,1293
SgKE8ZJ7OjM,170
SgKdKyOQ9Pc,1243
sGF81Z1Kols,5672
SgC1_cbd-_M,22
SfG43DrK70o,6121
SFE8RlKlLCE,39
ses3bGwKwYM,632
SEgiPpfNMzE,16
SDPh6Dpc9ww,124
sdnD09M5uj0,1062
sde3ke1Qof8,2465
SDCEv80uJcc,15
sD0XjmXZ_ZM,1339
SCq8n_hOcN8,1050423
sCpKR0JfQYg,34
ScmKH30NTxE,13
SCjVcdHHb84,10202
sCCTaro7d_M,35
scAAkLatKHg,489
sC6Mg99ATfw,205
SBrVNM1rMoI,154
SBRCNIuiI5Q,359
SbjnIK6VEjc,4029
saVRADdbUE0,541
SAUjD-DAAek,285
saryG3D5nJQ,956
saQSKYSjJ-s,188
SA83KYq8x6A,92
S8t3Yw-3ZIU,6
S8jISg0eZdk,1515
s8_a5TxpjIk,521
S7WhwTt_Bvg,43
S7KmEuTmxBc,861
S5SHiKKd3t4,299
S5CKjCW9dJw,117
s4zGDpOTFFk,1592
S4vxoP-IF2M,6816
s4NMR2983KU,31
S4f03mhOZuc,338
s3ZxDX_CzNE,130
S3NTG_zeNn8,7
s31XTrGJchQ,23774
s2yIMJ4iayg,759
s2N3uNE_o4I,84
S-2htngmviQ,119
s2fXMPhstyM,6
S1XtMT9ER0o,401
S1Oud4guyjs,7
s1APv5uO2VU,51148
s12qaVEyW14,45942
S0RIUgK2WWM,520
S0fLtwl2s4w,151
S00ZyJ9_-7s,9066
s_PNdnAwtcc,3032
s_isccuw83Y,74
rzWmj8xlGmM,9
RzVsBuyWRE4,3593
rzOWkdVgL1A,73
rzgw0XldTC0,32537
rZes3Kp_ZuU,1762
RYXGWpH3ZvQ,364
RyOMAvYW-E4,16
rYnmrkMizdc,5437
RyhvowVn9cU,274
ryEcqzBnQgw,55
rYE39E-_EAk,17
Ry8rElKFF2I,105
RY0FzicdYD0,16
ry_jyH0ahhQ,44
rXx-Yxacfto,11
rXuV7AYnwA8,2
rxmtHVSVjdo,156230
RxlSl-kG3qg,7673
rX633yapWkc,10
RWYGEAXq9tM,92
rwOzhTl4u9k,1241
rWH49-k921o,53
Rw7oqsdExV8,87
RvzEZfk3ld8,36
rVDKa3lY8To,13
rVBNqmHSGms,219
rvaYl7mr1C8,14043
RV2kDWjj0Yo,311
Rv0gLu_rK0U,13
Ruo0Eg8JP5s,949
RumNBu_KJjk,990
RUMjFXKhSVI,2257
RUCXD3_wW2w,6260
RUcn2OhbWb4,1055
R-tYctoKXRk,254
rTT5RdUVKFM,1669
rTMlicdQ5D8,108
Rtm0P1w0W2Y,338
rtarxm5EJRk,1723
rsWmrGuuWuE,4204
RsP9Z2kpFQI,83
RsNcJUTJuzU,240
rsJlT53jU_4,1212
RRXFoy5LIq4,2424
RrJDemmXpFI,150
rrhhNWM_Bnk,0
rqlkwo-l_4o,13
RQhIu6qZKco,302
rQEqKZ7CJlk,54431
RpV0B1CaflI,411
RPFozHgFqJ4,116
RPE3cglo9o0,1353
rpCAGMryJZg,28
RoVFJEP98dU,69
Roqs39twX2Y,722
RoQaS_qUM-g,45
ronlPwniTTo,1665
rNZepW-0GUs,143
RNX1x6-hCt0,290
RnSxU8uP3_k,546
rnsv4xQvICA,12
Rn-iAfrK7HU,227
RNd6-PJ2U0g,5348
RMWTNik9i_8,20924
rmGOcgfurT8,166
RMe_BE1_IuU,332
RlCwZFrQvAQ,77
rKH3G023Xfw,16855
RKedXWFkQNA,320
RkAeu05MotM,17
rK9L7t0Pl-E,43762
rJOMYEXK6cs,112
rjO6tTN-NrY,1511
RJKdrsWCgus,1937
rJ1K2I7m60w,48
rItv9i6c7AY,1328
RIQiH1XnTbA,8
RIBYaGontkk,182
riaA0GW9jeI,5435
ri0ZjpEr03g,9828
R-HRxzkL9H0,920
RHRPK2O9R4w,2902
Rhpuy2DIrmc,7
rhGRZ0pedY4,870
rHdCLMxifAM,38
RGZIZu_C3Q4,254
Rgr8u4iAjTk,847
Rgr20ZbEPvs,407
rGJtj8HxQ10,112
RGID2PnYLHQ,162
RGGyTO-VlUs,5113
rG7fLWcvv-4,7828
Rg1X1WFNxsA,7
RG1BzJ0fqsw,225
rfx3eaJWIvc,238
Rfcd7Tc1QgY,74
reY5VNR4b-Y,158
reNmoaScYvQ,148
rEJQ9cOMaKY,1119
rEdl2Uetpvo,5208
rE9bzUgfAgY,7
re6HE4kCQY4,36
rE_GOkeI3Gs,410
rdu9EVRTUaA,286
rdsABjAP8Yg,6816
RdJpxjewJvc,136
RDBprxmdKRQ,10538
RD8bai4hNBw,576
RcxurS17eJo,426
rcWN6yIV26g,606
RctDticEAN0,35
RCsdYGuJxSk,263
rcNWwVsByJQ,304
RcguYPx9IOk,34
R-CF9NylKVc,2335
rCeiTvmUvQY,1153
rceGFDm9Duo,524
RBWw1S0dX08,7958
RBJgpXyezgA,31
raWomBGbxfs,47
rATXIoXITrY,46
RaDHZG0FeJA,265
RAD_HPsfHbY,81
Ra8KcWLI9To,120
R9YYmoJjBxI,7444
R9tGqDgGvDo,996
r9lQggOQGvw,7267
r9kBJeq_Ixs,304
R91SPn7AqyI,120
R8JbyUej3tc,151
R7UPth2VLEg,362
R7gfutHJFPU,16
R6VeXe2L0bE,387
r6BUF5Zf1H0,858
R6B5Zl4Oakc,96
r5VMpj0GLJw,554
r5Vk-x4sU80,2
r5Q1S3vbkuM,95
R5MS7JpU5So,52
r55Ha2CI1f0,286
r3yduJ2B-4Y,860
r-3iathMo7o,170456
R3gYYWIAaM4,208
r2ys-AimNbE,4881
r2PxV44-mJ0,302
R2HmZnrxckA,46
r2H8Oqm1eQ4,9739
r21uCHCJllY,515
R1TSiB9OuVM,32099
r1NN0_jZUbY,34
r1l3cYVRlnc,1324
r1jLNrh_coY,92
R10qTLfwm8E,5303
r1_H7Va8D8w,15631
R0Qv_nl3WaE,63
R0GXusPBEgQ,478
R04I-DurRCU,58
R_5Qfc7APQs,13305
qZs6JSLeWj0,284
QzOvgs-svOE,4
qZnge-xDI2o,1086
qzFqSwIe7rM,220
QZCyZxhUtpI,38
qzbZdQqYCAE,2
qZ1vOS1cnME,1942
Q-Z180ynMsQ,135
Qy1oMgf3PHc,67
qXvmUdZGNFU,89
qxt2JE06PYw,341
Qxs8fauXxLk,226
qXhlLO3bWsg,30
QwzaB-1vp2E,11
QWPiQ9hDd4k,3
qWoLwjAvpxg,58
Qwj_iP6SAAI,150
QW8whgmyTNU,75955
Qw8MCIH2ON0,77
QVklmYejCVk,143
qvHirdMiebE,4396
qvbjnPzD_E4,1
Q-uUyMYs7Do,679
QuU4FAnrrGQ,4
QUTjUG067sM,8
QUr2aiqGyzQ,28
qUqhzXRgg0k,14731
QUfzH3S3hn0,4
Q-UcuSIyFk0,186
QU8g0XNyHRw,1703
qTYCtgOr_8I,83
qtXFK8guvUE,436
QtToyMb1DUw,1463
QtNvvWsSsoE,11578
qTJs_9Ckc60,2129
QsZF-F4LbYQ,354
qSKvRDz9iG4,878
qSKOPBVkpJk,12999
qsfUCkWREb4,4
qSE-MFxj1x0,16
qs8xStp6RhM,148
QRzR6bvnvD4,949
QrTAA6hCkrc,878
Qrod1e7OCIk,1202
qRcVQpaYknw,30
QRauyA_CK94,164
QraD9ZQHMOc,732
qR9fiZ__L7A,1012
Qqzx1xryfkc,16
qQ-x1_Y7d8k,1180
qQvzZYVQ6rU,373
QQpCG_IvUOo,3375
QQmjP5CqSxI,755
QpyHrQYeoIE,9471
qpy6L2L8Bw8,147
qPTG6GKEbGs,86
QpFcf7uBacI,2122
QOVlrmtkxkw,2439
QolW8xNeq2Q,881
qOiRbwHPJjc,542
QOHVIMUuOPk,254
QNZ53Cpl9B4,221
qnUzFcFNU4U,9
qNOq46L1joQ,71
QNNF8Gz6KCY,38
qNmHRTXjUeM,6
Qnko2SJa1Wg,34
qnJbsddPc6o,183
QNFSFKcDmJY,348
Qn4ctBaNI00,12
QMR5sYjCJdg,18
qmE9mGbItuA,329
Qm06dledGaQ,315
QLVqFKufbvo,439
qLtYowQUdl4,795
qLqCUAQnmwk,436
qLaGCduQKGM,9430
QL8voe1u7Ys,1156
qkM-tTkUbOw,100
qkjQBSu2FAo,2525
QkCnix1Iroo,3
qKC5BXSqq7k,212
qKB_7_ZzKvs,0
qk74eFQemFY,84
qJzPHFWhBvE,531
QJWTqI-uor4,14510
qjlNtbyf2Rg,40
qjKxo910e94,342
qJJTyBOAzsA,69
qJfCBLR2YkY,79
QIYQPaWf_3c,929
QIycmAPvXpo,49
QiwtLBQrjG0,1078
Qil63kgj0pU,5941
Qi7t_g5QObs,11377
QHG3ao_5Hl0,4741
q-HeLZ-QIFk,109
QHDRRxKlimY,159
QH3SA2VjaFo,191
q-H07Tph8qE,980
qGzEwqwYYY4,13
QGdcNjbSTCU,17
qgcenfc6Qbc,1844
QFjQzn2zChY,91
qf1M58b6n9E,206
QEZxdt3Vb6I,2088
Qez7nNPfWXU,12
qeygNyLHAcg,59
qeXPYFM4FI0,256
QewLyBBiTAk,147
qE-TOMON-04,9
QeGCFnwTSNM,1075
Q-efs0g13tA,598
Qe7i6OQwF4w,257
qDwZ9GiKVxs,1450
QDr8ubnxHKE,47
qD-ofY9niOs,3925
qdN91DG83lM,321
qdCC3pKban8,2
qd8zeIIkA5I,191
qd2YK46r8kQ,311
qCn0wYNxKHw,5043
Qcj15vHJTtk,134344
qCFb7U2s8cE,178
qcD1jSlPciQ,449
QC2O3piOdXQ,187
QbD1hz7jxl8,201
qB24uIe2Q7c,6213
qAJgoIizU4U,0
qAionjJ239s,60
qaESiZ-yVVg,30
QADvOpwK2Mk,1569
q9wIJTGN64A,328
Q9Ut_Nh1lQA,9
Q9qzzuMoiLc,136
Q97U8K_YlOo,1051
q8v9MvManKE,19600
q7wPq2x-u5o,1541
Q7Ry9eLCpPk,69
Q6M255BZ0HU,66458
Q6LV7jdwqZI,55
Q5Su1S4ZVoI,435
Q5KmA3Xbmqo,46012
Q4lVJZHTvK8,174
q4Gnc_EpTK0,297
q3ySxUf2XhM,42
Q3I4tIMNLLI,2482
Q30OBUVhxPA,401
q2sI-T69sjs,13518
q2NxXZBjekY,4
Q2hqcPnIWiQ,1229
Q289WrcIA00,138
q1WdBsXS3oQ,172
q1jzwV_s8_Y,6462
q1fZfG2b1c4,49
Q03sMbGR9e8,78
q_Ir1I4yr7Q,1642
q_Bk9oZrphQ,12891
pZYJGAWc-R0,394
PzUPNN7VKYI,23
PZqRgT85E0Q,4291
PzqCBKO1QZY,335
pzo-98z40OI,11
PzIoCDKX4UE,28
PzHwMHPJ-CM,145
pzHCd2X1GaM,3310
pZetLdtFM14,251
PYimOnyCknw,146
Py8VDZKrWEA,76
Py24xhrpeNs,2874
PXxOgslz1FU,315
pXpfGJpmhNI,13992
PXmF16_QzBI,4110
pXAxIFB_ucE,76
pX5i1bOue98,2354
PwyJwn_DKxM,486
PWwvR6cSH4o,6774
PwT7v5phmX8,210
pwSALZzLSnE,102
PwJNm2Qr5C0,145
pwj_SZHqiSc,23919
pwGbwYAfSmg,694
pwaWilO_Pig,643
pW_Z67R53XA,2862
pvZsBIkm6Ro,136
pvYHfdsz1vE,1
pvviFTjTEPY,648
pVfJbOZShu8,5
PVbQrvlB_gw,605380
PUIxyLRnzDc,1893
pugZJuZubiU,249
PUBAZCAy_SU,53
pTysrwci0pU,30610
Ptx-burAzBc,367
PtwgCeKMhhY,45
pTUaJWDxNok,1
PtPKCIGBRNg,186
pTBO2f55aTs,6
pT80f-O4MpM,8
PT2fxswWSpQ,1135
pSZhXWXbZ4k,3
pSz4jfv9hlo,766
PsiEt4y13J0,142
pSaZHLaXLv0,63
pRTpsCsLdno,177
prpFIbl2ZQo,28796
pR5tq_CrXlg,69
Pr4YFtTigUI,816
pqYnmLEj_O8,661
pqXdGKJsFJ0,6
pqWQ9l97LB8,147
pQSID3EaIYw,17
p-qRaIPQUZk,261
pqKx1DQI4Mk,5667
PQGJYfo0cg8,49
Pqfs9Ksn4CI,1163
pPRKKoJJcJk,2
PPQ0par6DK4,41961
pPmUCViItQM,16
ppk4zROkg0c,2
PPg0OsXZiW4,606
pP1SPkt753Y,245
pOsiEsIoePk,309
PopMRNU-i20,58
pOlpmHygRG0,34
POKHs_se3QM,197
pojXEFDFMw8,4271
pOElLN37Lrg,445
Poea4TaJVoY,5
poCosRoSUeA,221
Pn-WVb0q3fg,103
PmZ2QvjzpFs,4142
PMuH1Yqc1Hc,220
pMQOp4sxtjk,301
PMPfkGusPBM,14
PMP9gmLSYCY,5608
PMEkmiQP5bg,687
pLIRpF5ZC4w,1175
plecEcRYBkE,12848
pLd-rqYP0lc,197
pl-DjiO8das,109164
pLCSJEW_cEk,501
pKVppdt_-B4,534
pknIu7Y3BvU,149
PKffzHbEdac,1335
PKc7Sxem_Fw,290
pK79gZkJnAg,0
pJXdDKRZ10E,31
Pjv17ALbzvk,343
Pjs0vzEy4q0,11
Pj-D0jc17D0,15481
pJ3yba6Z3UQ,599
PIpgfgWIsPc,87
piOoxFzkoG8,140
pileakSsa-Q,317
P-i7MX2fdbc,59
pI4t2QvPUvc,125
Pi2oPZWsU48,3
PI2_HS_7r3Y,7
pI1F4HrbzT0,55
PhXzG1FGTkE,101
pHPEHPiPHUc,659
PHNN1myzcm0,28
PhfKS6o4FKo,0
PHE4lWolTWM,5
PHdqLE6wC0M,188
PHDAg_pbkA4,445
phd5UDdFBDk,373
ph86NrZDQkQ,0
PGRcxXLfWrM,246599
PgNAmWjInGk,3740
Pgi3Gv9uqjA,377
Pgg-UrXaZ1g,591
Pgd_Tgi-pbQ,217326
PfwXF3Gss3Y,51
pfwEn3Jy8l4,191
PFOekkKGkpM,215
PfLCyR6Efvw,23060
P-f9U_YUums,128
PF8Dfgl3Wx4,298
pF3YAu0peCk,15238
Pf_vGjefaXI,9624
PErWWvlNXec,8
PEoZLGHKvy8,4985
pe5btRg4jVw,45
pE1VrkLpZvI,91
pE1Qk90pxE4,1940
pdX586m_aGk,27
PDrEK5OuDbk,52
PdNvCRoM2EQ,102
pdL8LIcrNDA,283
PDGBsPalpRY,83
pdfLAcK2FbY,41
PCQtI7foDis,7
pcMGwToaD9s,146
PCk2T6tGrIM,238
pcJo0tIWybY,38914
pcdMx2YgqKk,261
PcCU5NVeREU,139
pC8bsjPzJEg,349
pbzDC2vH9oI,168
pBn3o9HVLgg,139
pBaCzdE0jaU,892
p-BA2c8T8vc,3222
Pb1YjPlqZZg,105
pAZOKbDGoQs,7
pAZkLzigKqo,206
pAYZYraWyyI,396
PaYvlVR_BEc,122346
par6mkSJ2CY,725
paMZAxeeIOw,631
PaLnoNxtC1o,9
pADsaOFDCO4,686
P-aBTNB5nh0,277
Pa3BbcTmIVo,88
P8UTX92vUWI,116
P8on1lB_VQc,38
P8LzhJI0rRk,329
p8hgWIyrgns,478
p7CZxCfdC0A,187
p6VarEsEmQ0,48
p6cInZvsPPI,1784
P5sJMDBZy0E,195
P5_8exHtmdg,1468
p4XB3XLt44U,32
p2YK6rNDIXc,111
P2mKlngatoM,999
p2KN2hw_lww,437
P21a5Uty-uc,977
p1xTuY7-Fw4,875
p1GOYs44fRU,32
p1DAEZNyJ8E,35137
P1_OxXNhdgk,168
P0RpG0HVsbw,12914
P_xXvDNZjHI,20
OZv7qYZ43xQ,1849
oZCd0v6wfmo,1373
oz2L5rgQt0A,72
Oz2g90wMsss,735
OYhGxfP37us,1270
OYEwSNe0mTY,149
oyEjTfZ0-II,39
OYDziOoK_FQ,313
OYcv406J_J4,11639
oyBfefx7I6c,3769
oY9GVZKwBhI,22963
Oy4ug04-eLE,133
oxy6U8BPXF4,36
oXR1SdCJpTE,215
oxIRIrRggOg,1339
oWw1BcFhk-k,285032
OWpy7rOllXc,47
OwnCVA7I-J0,119
owL8X3SuurA,484
oWHoDJz7N-g,42
oWEMLkFkXHs,118
ow78ktpKcS0,181
ow_c_aRJHsE,5
OvYv3tmi4AI,282
ovAwxEOZ5ag,2133
OV6uZk_IInw,545
OV3zjWJUqMc,501
OuTM9ClTs48,303
OUi0u_hlF2Y,580
oucv9fd1hbM,13248
oTxbeE2Knwk,207
otoX-ItI_U0,256
otMd4YiQsg0,119
OtkMzh9lilI,88
OtHrg9FHZiI,261
OtfuTyyB5H0,84
OSXc85VoQGY,657
oSRvR0rH67k,23667
oSQn4QK8QDY,6
oSEeK9yDNQI,448371
Os4MTTzTKRo,8562
oRzwabAUU3I,1817
orPQ74toO10,3
OrnpSe4OChM,71686
OrIgds8GREI,14
oRexsyztGS0,23299
oRdCDpzxl6w,62
ORBx7J-BLpw,0
OR80P8kEccs,8
OR2qX1oQd2g,2874
oR_e9y-bka0,6643
OqJ5S6G5J5s,57
OqInPOy50p4,181
oQi-mpjTOlc,10447
OPta1DBLD90,1185
Op81YCCo69A,352
op4B9sNGi0k,328765
OObI7GpUduk,386
OO8bo_fpoQg,0
ONTeBgnM70E,37
oNrWuvTTTh8,406
oNpzeIdOtlk,56790
o-nGPNn19vE,16708
ondQYFBvk6M,3736
oNB2UPdSxW0,746
on4ymPRD_-I,263
OmnhPRNBlek,10
oMMVorVONYI,1482
OmKL2CuAgGo,51
OMJCsytmfnw,730
omczdd9JoQo,231
oMCijY1XGlQ,2414
oma676XmhCg,41
OLuPM50rT4A,55
Olpi7IPi8vc,471
oLDbO545aKQ,33273
ol31UX20hBA,395
OkxCkz1KCZo,172
oKNc7bZJQN8,1942
oKKdCiiF0N8,396
OKA-3wsJTs4,2333
OjwzbELflHw,371
oJWjAOVBspk,25
oJveN0UHsaA,12
oJv8-q60n7Q,5
OjkfOX-g6Js,8031
OJj7uOy38hI,74
OJfOsoUYPts,2688
oivaC14YgzQ,102
oiSMMFXGgGY,28
OIS8VxPSoQY,48
oIRS30FRQNY,0
oipLbJoV9pM,2353
oiA8psXap2I,41
ohXoXtxpOqg,11962
ohp9UTnlXzc,5
OhHyTPl30pw,12555
OhbxQyX7UVY,639
oh0k_4SAXpM,4600
ogr4dQmd4B8,7
OgiY3OR3jlg,284
oGgzXrlF0m4,33
ogfYd705cRs,51079
Og7NUPoS9JU,660
og3aFSeEm94,32323
OfYxZ4DJj2Q,324
OFWudk6aIuU,1159
ofItGhNiIig,92
OFbbfdThPWk,41
Of9GOMM9HPg,108745
oF7FR7TjnME,4
Of_ERZE21hw,44072
oehWsVdYPCg,244
oecKB9QZwxY,3806
OeaDBJ_7IFA,90
odZ9GVuyfkc,421
oDYKUGSl9m4,453
ODl-DYTyNyM,295
OdesAn1J3yI,109
oD9PH5GPR6Q,267
oD_3wMh5kLg,1159
Oc-WHctTBMc,523
ocK2UnGq_yw,1006
oCG5S-31kmE,246
oc06rSC_Xk8,2
ObyEoWBYk0g,940
oBVlbHaSoz0,2083
ObRqWRfC5rA,10295
ObM6qdQcP8I,65
oBAlEGWDLXQ,2398
OasuaUVjZMg,51
OaqvfQ5ggas,8211
OAqQ-rziZ2k,586
OaM6Zl0_O98,14
OAlRH-4qN4Y,8
oAG3LsecJwE,181
Oadf4KNYz-I,3587
o8-MBDmr7rM,602
o8KtKp9v750,656
o82er1lRkj0,311
O7qCZ629im8,195
o7k7euAt-E8,413
o6T9mUq9Vgo,1702
o647TcZXs0Y,6505
O5RTJn-JsEg,74
O5ROSS9ReUY,31688
o5rGhVbQQBw,22
O5GhCbhGWQ0,11301
O4rAMou-b0g,2820
O4_JNAFClFk,1389
O3wWUFDxAy0,240
o3VS0V6qi2o,547
O3tY_fE88Bg,574
o3lohh-TVJA,279
O3IJCCeNMVg,8
o2wbtFXvu2A,11
o2pPZCjUc9A,486
o27M0gXjUqk,690
O1PywJ0yYRQ,546
o1nxhR-dW8U,5
O1IOIQeOdD0,0
o_Ud5I3mko8,124
O_0xBep91ds,82
O__OPJ7J0jg,11
NzxNSF_yS0A,301
nZqIhsnCUr8,486
Nzkjy_9LvFM,31
NZE_0kYIHE0,353
N-z9PidYH4E,15841
NyZlG2rlSTg,21
NYMcACJLqJs,23250
nyjBKQebbF8,8
nYHDj2sB-rc,1501
NxvzisNwyQI,3431
nXki4u8JNI4,6
NxhtEQ2IWGA,181
Nx7AO9wBwxA,2
Nx3sAIrYWRQ,203
Nx0H1dzMCq8,3
NWYoRNepves,74
NWOz3OZ6J9M,216001
nwMVv7ZzSSQ,61
nwluATd-HQc,472
Nwl5GcNh97k,76
nvOrYzltjb0,1145
nVOb3RzS5t4,295
NVi5VHxdGBA,118
NuRDxWpb2TI,101
NUoSKOMwFfw,673
nUM5WgmNTPE,209
nukwmfb8bII,1807
NukmFF__G-g,910553
nuIoxlJYCXI,12486
NuGCYvShnjc,6
nUfr195i_54,20
NUCjnkwQ-Z0,681
nUbVgEYyeSo,25
NtxavjjCpcE,149
ntvVWzdhGjQ,102
NTKBYlFO8Zo,1532
NTb2Cpd6ktE,710
nsZvmFUXkrI,337104
nSzLLGC-Jjc,111
NSy7KsgPvzs,32
nSlTm6XDT64,111
nSkUOhX8Dc4,5
nsf2bDnTwcg,169
ns4DIpKOGFc,3134
nrVNAq7nSTQ,180
NRnnnihFpTg,2467
Nrj9Zhek8Oo,1585
NrFgj3L9DXo,240
NrAz1fjxzNY,36
nr5Pj6GQL2o,5569
Nr3oTmIvHz4,34
n-R39jiraak,400
nqSWTSJdTJY,982
nqOPXtjy4VE,309
NqNbqfFoMVo,204
nQICjaXhwM0,13
nQI1SdMIfbo,182
Nq8zTHhamtE,190
nQ3yySXV26k,27
nQ35CkmNjp0,11
nQ1lxgv7mZ0,44
npF7u_uG0lA,10
npeCDLsyJwE,567
NozoigcJWHU,329
NoUcOismOww,45
nOgq38p_5eE,19
no3puNSK6BY,16
NO3k6kqbKGs,136
nNZrc_XvF30,41022
NNUgF7IARsQ,157
nNTl0TivaRU,2958
nnNR_HubOAk,48
nNBp0hev17Y,1561
NMz2aVBdKJQ,15
NMVKZCdz1ZA,239
NMsLN42McLU,8
nMQkLiBFKOc,116
NmNrwIOrZ-g,183
nmKifG_pn2o,103
NmgFS5ApQVM,154
nmazBxBNffc,18
nlozE2m-NMc,15736
nLhjbuHonSE,597
nLaQO1rYFLo,8931
Nl7BG99Dnvw,43
nl0qCdE5cuo,95
NKmGVE85GUU,8997
NKKPrHgLJuE,250
NkeKzCBtIKY,148
njZMg2m34SY,360
NJsXHH2FWvc,16
NjhAKnorBYE,1905
NJF604CUqzI,355
njF1S4oQbgs,47108
njeN8GCGnYE,2055
niviooakBLs,23442
NIluMdWhOx0,593
NIf8LjND67Y,7921
NICK8lK3LGA,1477
nicFpVJ94gc,1260
Ni7kJQnmsS0,5
nI7_5OJLSgI,11
Ni6hvVkajME,61
NHzzWv8FzVU,46
NHZr6P1csiY,40721
Nhwzgz0l_ME,428
NhVKrJ3uTt8,5940
NhTLsNawGKM,1256
NHEaYbDWyQE,14773
nh_eZnSZCLw,2410
ngpGwE_k5E8,427
NgloGi5xEa8,7293
NGjnyAZmDvg,2
Ng53Cyj3hFY,321
NFuhfByeWM8,9
nFtrpKTRtxg,11
NFS3DFPLRvM,583
NFQCIs2PUdc,294
NfbpLYEXOM4,316
nF0mrB1eOsM,0
NEoVjmfYlJ8,2605
nElEFdfrxRE,236
NEgvPW4L3bY,0
NEfCmplXP1I,157
nE7wCyvCXS8,283
NdVkyJqM1XU,114
NDMeBosqXjE,119
NdgYbM63hjA,1521
NddFnmCVeCM,2
nd4cLL_MP7M,14251
ND_4oi-CPv4,196
NcsGpDFKCgY,17609
NCR9CWj4fRo,40
NclJj1h_MW4,3091
nc7kLdyyn9g,337
nC0u87r3koc,32
nbSeMTCc7QM,51
NBOT5jigRy4,3125
nB3HAxCS3A4,523
nayIT1jO9Ng,3
NaY91YjVbEM,14232
nAsrsMPftOI,565
NARgrkbz8BY,37
NACktuQR2WI,33
n9WjhrCrHVI,166
N97f_OmwCVE,105
n95Nc8rB0Rg,266
N8TBDazO53o,325
n8j4YjBKqno,50
n7h0Q0Mp-NE,170
N6ZYJ__tiXM,4039
n5LoVcVsiSQ,156898
N5kSFvMrWmQ,148
n5HV8l8dvWY,2761
N4MtzsregT8,17352
n4LQjFGmdUY,25
n3xuHPQtZAc,23
n1huCzPjAfc,128
N1HAMUAXzbs,15361
n1DLaN4a-Qo,141
n_YIMsPzBN0,0
n_W54baizX8,373195
n_MMwlrz4W0,223
n_1nPovdD2E,175
n_0g1lNxBbA,23
Mzv07QF0nt0,1125
MZrq8Kco4rU,477
mzQuIBpS-jA,11
mzB1VGEGcSU,38246
MzadzMPY3U8,111
Mz87tLToSVY,1816
mz84yXla96I,8
Mz7BqPJzehA,60
mz5RgPjl2LE,1007
MyPvWIwrIGw,1134
MYnO9Gfh5ks,6065
MYf-Slm3hQ4,113
myeqG5B2Voo,1274
myCYM45xemk,34
my2VuDkeAPs,1986
MXcngbOxn1Y,419
mx4IpQFniIE,655
Mx2SwK9dKjQ,1052
mwZbW2dS9tc,42
MwpeJnNUlGY,846
MWFfrdfbIQs,84
MWbQdgjsvJI,48109
mVYnijQaKvI,6419
Mv6IKzGrEA4,2
muq6HNVOY20,336
mUMS__cvcFM,46
mUiu3hDlGEs,11
mtuukMeEO7Q,11
Mtu3MMUph4A,48453
MTstD7FHcBw,71148
mtms0FLgMKo,9
mtfHKj82PZY,176
mTf3Dcj5NPU,628
MSoq8jlpBic,63
mSnGDYVVOgg,788
mSGhHCadA0g,2
mRNC2JySCbc,36
mrJE5AnEzTc,57
MqY-o3uuemo,411
mqSMgp0G0bg,83
mQpSRve0QsQ,50
MQIvV800Atk,24674
mQHczM8eBLU,361
mQ055hHdxbE,16479
mPUeRu6NU-g,326
MprG7D-7jg0,822
mPGk2Ky2RKA,1208
mPg__kEZ6YM,3685
mpbVUju-YEQ,50
mormLRYvJEQ,763
mOkdDJwRUT4,127
mOIYIutWZKk,53
moASLrr62EQ,850
MNGL5Ktbj1c,26
mMZdC_-Y2t8,90
MmbBkGL-tK8,68
mM5KRGFOt7I,113
MLxGllP0x8M,173
mLdWLWvgl9Q,638
MlaLvnBANuI,354
MkO9ZkVkfLw,18
mKlFjWRGu5s,414
MKc22HuE_94,543
mjTSwmKqmuA,5042
mjtn3EEG65Q,25855
mJq9UJG7EUU,164
mizpW1j8fsE,397
MISVkrFAiFk,506
mi3Uq16_YQg,1170
MHiQbMv4H2k,3937
MGyRE1JDzKk,125
MgYEn_h__-E,165
MgvrkdxG2cc,23139
MGeIK0uxkgo,131
MfvMq6dG00Q,57
MfVetou0ERY,18857
mFtsqERWiCA,179
MFssIe5b-Og,6101
mFLBNNYGDjE,98
Mfj_A2uuJNE,221
mFiKA1QRtN4,252
mf7MlxZ7VSo,1380
meWP-7MAqis,1165
MEuTqoAKyHU,32
mes81YSx_X0,1821
meIe_v4RtNw,12
mEgkIxTglCU,7420
MebiAf-7XLE,17
MDYiTQDJSlE,4
mdvMt2Orv6k,930
MDRX4Zq57mY,2857
MDpEy9ajlCs,81
mdeXijHgyyA,138
MCQYL7uAK1E,46
McJwniEP1XM,93
mcJKgG_lP9Y,643
MCh-Gt_KbmU,85
MC5ChT_D894,421
mC4E6DIjnQM,138
MBWUJbXyaCM,106
MBR2kxt7RK8,62800
MbN0NEky-Tg,1602
mBbY2axJcWw,337
MB1nghZ9JiU,79
mb_AvfW8p6s,135
matqiDFKMnc,83
MAnuBR4CsEg,18
maJHt3YM_0w,326
mAfkkgw_-68,2291
maffMTyMBfQ,108
maDPbJaiJy4,396
mADNx7EZWdU,15
MAc8B58wOoE,4353
Maa3YRE-zkE,41
MA271ViruBE,23
m9zakT_UDY4,53
M9yeYipLIv4,237
M9wPPp09Khk,1129
m9wLuC-4Il8,116
M9-pSLZwpmg,66
M99i7dkYf1E,217
M96hIcntDg8,26
m90xKemHDus,5
m8rIhOnP5gM,646
m8raCLcm8Ew,0
m85ywFMlfBs,288
M83IkWAJiUM,3
m7lFyINZlBs,27124
M-7Eur0G17Y,277
M79zcP113Lo,309
M79o2UejYKo,18910
m6vrhyWDTiI,56
m6VkfwkXvJM,5283
M6uNQPmqzkw,10
M6qkKTifaFI,225
m5WKCoS3fDw,70
m5SWt4wge48,1829
M5RsnRRvDs0,90
M4ZoCHID9GI,870780
m4xa3C0DeJk,723
M4MeK74bbvc,392
M4GON29PrKc,120
M4_0z9DEDpY,47
M3NVzE-dwZk,370
M38aWHxwtXE,157
m30WyhA3CG0,21
M0Tth-0MNFk,781
m0mPveAOR5c,194
m0LSRUTmVvw,6850
M0kcLjxoYS8,20258
M0FoR4Dzuuk,884
M0DJx_EqFxU,16947
M_YO5q6YB6E,2306
M_ThtCRAySw,9014
M_KmEWGMLsY,1662
lZP7CZNzR7Q,102
LZhSKwIrzx0,838
lZfgmJRkjto,3876
lZewQ-1uLjo,45
lZ6iOa74QhE,186
lz5z3AtQtbo,6
lYXZ6gNnOmg,186
lyUNWpne9CE,24256
ly-umdSmy64,472
lYSUyAkm8EM,116
lYRUGtSesXk,2197
lYrqvYewUIQ,393
lYJFwXw1ZIc,522
lYE3-nKYmBs,8570
LY8AE74jGl8,18
lxoMGsY7GAk,51
lxlmgsfVUhE,115
LXfGuxvIpUk,0
LwuKUQXL8Ww,5
LWHhWHxtujI,13
lWEhXAmTskQ,50
LwdPfLYQTZY,978
lW9XzU8l0NE,5
lW_1hgOkvjY,1127
lVq1SrDhkMw,495
LVPzYHk5VW8,487
lVHSru7zM3A,152
LvFeKDmA-20,1053
LVDZu7nbdcs,201
lVCfrktNJcc,182
LVBN_QnLXCc,94
luU2o5o1vPA,4509
LuMNKktdNz8,14
LUjzPWj7pyE,10
luh7RLYn1Bw,223
lUgosf8LufQ,32
LuEIOp7hj9k,31
LU1I7PtU3k4,832
lTPGWqkmeXI,57
lThYfJvudTk,178
Ltgp2lE281Q,10
LtGhUxmWVKs,634
LtdSjLXsBSY,1308
LtCZJI_6np8,268
LtaIVfVaO7Q,278
Lt8q2RMX2uU,13
LsC1C9OgviY,2114
LryQJ25CnKU,925199
lrtQq5lLLTM,1651
lrRFpYOoe7g,110
LrmcPfpH7jo,519
LRF5QkqLSSw,58
LQKwr6wNa9E,123
lqhg4ETFaXw,23
LqDGzgzbkVQ,454
Lq7on1teg70,1044
LQ2TukBvccY,5
Lq_GTQGM0MI,2699
lPuwEd2PMUQ,89
lPqRIjjlcTQ,3
lPiIp5QuTRU,2471
LPHt4dzHnV0,8
lpFEpDPf490,11208
lp0IM5tQCOw,1096
loWpbevW9xg,35992
Lowe6bwWIwg,172
lOD2ZuKQnRM,149
LOALnbOcXMo,13
lnbUhE7PzbY,23
LnAaLsiJW7I,36
ln6yZu03E18,4877
LmVHsM25NcA,1940
LMPrCnzP4gE,13
LMDr1kdX2Dk,373
LLvAGwIJzvs,343
LllNSnDtvQc,371
L-lJ4XJOCP4,631
LldkE6x-uDo,448
LKylGdpm9VA,16
LkY42cH_EZw,270
LKs8wjbVY9Y,50
LkRtWMTQN0o,1192
lkJKiDYx9rs,6
LKHzIM39gYA,42
LJuYzh3UDGo,1950
LjfZAerxNeY,106
LJ7k_dO7unc,3555
lIW2YlQla-M,704
LIs-okstf-w,24
Li6thKAtFLo,128
lHNmUUi6LzM,740
lHGTQiWhI4U,69
LhdkU1C02XA,2502
LHcOOkSvmO8,20462
LhbdBcDCd-U,3856
lh_XC4Vgfdw,221
LgRqI9cxB14,24
LGR0hZqBEfU,43
lGLXvsihT6M,1
lGLiISr0ij8,5102
LGG68HqtBbc,7
LGcVTXyKOOM,192
lG7_wZVAwAI,15
Lg2l7zxa2Go,5
lFlI7Y1M4X0,55
LFkHSaFCBiI,616
lFjwSP4zUR8,1542
lFFKMxBDx0c,143
LFEUX014xHE,3047
LFe1I7sEzdI,20
LfbpvnzQ4pg,112
lFaNj05m6T8,30
lF56u4ednlk,22
LF3v1GI6APU,426
leVFtWgdOWM,594
lePGkfR8gFI,1436
LE7QEIy-6NE,4930
lE0eWRdSrY4,2114
le0BtRt794k,1162
LDzYM1_hVh4,49
ldPfoynz5Qc,2304
lDG2yFLP-Kk,20
ldELXsrL1ao,105
lCZC1WvgSLI,41
lcNWVfKo0P4,56
LCK5VEyQBmM,700
LcGUoZLVuU0,12
LCcagCLlSxI,2166
Lc9j4Mzeuj0,70
LBrHuzJSzlY,518
LBr74H1sC0E,35
lBpkszdYt5Y,4
Lbly-z-klMw,110
Lb7eCca1iAo,1972
LB3bJPyTVF0,553
LawCDqeAF68,13
LaUDwaXThjY,136
lApXfnRw51k,493
LACbVhgtx9I,9176
lAaSh9DogM8,5831
la9Jy1iccGU,1549
la0zsV6e7H4,609
L9z8TEd4Hl8,12
l9k-iMdAzZA,108
l919rsqOU3I,381
L90R6PtxFKE,48865
L8NfX3popgY,386
l8911xlXv6g,175
l87WLq-fhv8,157
L87HuKmGwVQ,41121
L7rj4-HnBQg,7
l7N2cZqltuA,10
L7jc9jVJ7dU,31
L75Y1UT4Tgc,3226
l6xo2cjAJto,18
l6wJr5tmn-c,35
l6Bl1vn32KE,170
L69bdYByOR8,14
l5jKxpjz_8s,329
L5e_favPleI,31
L49qJ951wyU,130
L447qGEMmxY,931
l417TgQTLpo,137
L3ymBk6Vb04,18217
L3pCB1RWx6Y,52
l2P2qbr-_Ps,17138
L12eRKXz2lw,321
L0WolaMs9qk,586
l0hMNP6_ZR4,114
L07zzjmxpYE,151
L_vxiLDaqus,112
l_hOJc0Pzlk,5
L_HeU5jd30o,126
kZYKnREz9Vo,10073
kzuOQ4Cyvnw,695
KZmV6b2KLn8,23
kzmslcVH8d4,1126
kzk4SId9Ab0,5201
KZK21zOnpos,783
kz5nCpbNE68,13
KYxIC5wQw0I,6298
kyQTARyyfh4,159
kYoKcaPZnCc,2665
Ky9aIxiGzfk,5867
KxywNVLAf5o,2248
kxYBEnrtgEc,3855
kXIF2FQpgjM,79382
kxe_Rd1Qwj4,59
KxaeCQ9g7D0,162
kX9gW-PagCs,65
KwsMBGm1zBc,196
kWS0HBZNLho,297
kWolKH3zwkY,16
Kwg28qjdwQs,293
kwDGCTZhDVs,439
kw9LUFreF94,9893
KvYNjjBnY3o,92
KV2zuSTwl7w,7
KUXd7p_vd3w,7483
kUosDBUjq5A,13323
KuLttXDQBSE,38
kulPdl27Ubc,324
KUCPuO9NpkA,2697
KtM2vZRvxnE,2521
ktjv9D5aZQg,927
kTJkXy4BeWI,955
Kt23dO6mX-o,327
kSSDtBFnVuM,11
kSkjtFuEH0A,93
ksjWPxFPsos,3118
KS0d8Zl63-Q,33
KRzkMujxXEk,994
krtY7SOifr4,6
kROZ76fTa_4,50
KR8vKBRIKS4,4179
Kr5VraiB0-c,14
kR4RHp94HYw,34
Kr4cqhytZMg,191
KQRq9FZqNj0,159
KqMPr9TcP28,116
KQKtSekSi94,1446
KQkhtB-Rwos,34
K-QGEWaJct0,32
KQfJgInTdI0,113
kq7JjEz_5H4,523
KQ0W7wU_YRo,97
KPwH26EBnOI,384
kPu7_3IWjkY,6753
KpHP8VmxnBo,3242
KpDwFdp58-Q,2160
Kp9jpmDZYYA,123
KP9JelGZg38,581
KOt5Cd-ZwTA,271
KObL442PWhQ,7248
knYQ67Q9pG4,133
knDEcS1y0Lg,72
kN6Diuq3lF8,1673
kN0kAoCENIQ,2188
kmwk1iQAWlg,57
kMRjwo5uWKo,587
kMM4HIj0BpQ,13
KM38OFDKU20,36295
km0ael18Dfo,95
kL-OpT8jyXA,150
KLNVa72ZIlk,105
kL4bTuKJe3Y,375
KksXbA66RQQ,9655
KKJlefSu2mg,91
KkGyHdyoW4o,1936
kkcQijn739k,2
kJzSzGbfc0k,34457
kjXIL7-1bFE,234
kjiUEuCPEeQ,181
Kj-AtSIFwcE,162
Kj_0NGEFdbQ,8541
KineHEHZtEk,272
KijWxl0MpeM,154
KiBS-dbv_x0,16206
ki-Afm4arC0,567
KI9e5T8X4DQ,5721
khqC2UfSud8,4834
KhnE8H2eEz8,130
kHmvtlILO98,181
KhGyqT58vEY,22073
kGRqkV1yZfE,209
kgp8yY0txjQ,293
KgMxMavEUVg,2393
KgJtajDBLI8,12
KGGoFISHqq4,39
KGE0x5dIpxA,84786
kg1QxSffWHc,283
k-fOPhVfOGw,14009
kFEka86Lrrc,735
kF4AA-186Ow,58
kEX1h6vAUKk,235
kEnzQ-zz4V4,22
kenOml-GB7k,1646
Kemqo35m8gk,29642
kEI1SiT7yAU,37
keelOjhE59A,183
KEcbCaHlNhw,582
keA5xzqTBBw,21839
kDZDYgaonjo,50
KdRPiY2KE8w,3505
KDl8SPzZZE8,145
kCkuuzDOKwE,8669
Kc6CIwBVo5s,34962
KC3MutXeqHc,126
kbXofasY2sE,60
kbk4dxVvxmc,25
KbJytn-AQik,0
KBdrj31cUTA,266
kBbKITdm3Lk,108
KaxXm0nS8N4,97
KAKkmkL78_w,849
KakhRFRBNV0,32
kAhXAk2mh5s,1166
ka0owW3i2tA,771
k9vQ5IIhiV4,256
K9tw0LPYuFw,375
K9sJ-yhI0qE,44
k9K06dCP-lc,50
k9ixzuob2rM,197
K9dxueVOZ7s,4948
k8UmX17DXWg,2935
K8OWx7q9Yzw,17
K8jLEgPsXKw,9444
k83oIJUlnkg,95
K7OX1bm0Ecw,351
K7imG4DYXlM,10357
K71R1mBqgck,319
k6VdVviZFRg,2009
k66mz_kyLqg,5919
K5Q-ZJyhckg,2149
K4N7F73XrEc,297
k48ID5sB3Ig,206
K3WXjoo2cjE,2886
k2yZ6RyuWjk,94
K2V7YQhsFo4,512
k2SBRD73Fz0,51
k2p9gsjcfQY,4335
K2AbwVxrJ9s,20
K26hXCw3GRs,20
K1Uq8ehrOUk,53
K1mxzhZZZzA,16
k1KAJRWfQEc,463
K1cPBahx7zI,65
K0s6lo3268w,309
K-_ojrQCk-4,38
k_BPFzUI85w,58
K_6B68h_Ihg,6
jzyEO2JRwS4,11
JznDbHT8SQM,127
jzLlsbdrwQk,147540
JzdRrsGqZRs,79
Jz5BW8acYv0,472
jz0-VqHHAn8,24
jyYTaucW3EY,465
JYmrLUeciAk,110
jy-eDZkhljg,11399
jY1Ka-NyiZs,21
JxLywSHYwDE,1196
JXKb6xtqC3w,2273
JWZqIXbO0C0,206
JwsWpnvytB4,25
JwIpdVvzSTw,436
jWDot7hdnuM,47
JvzZboNIRi0,148
JVw5f8231P4,17
jv-u3c1aeCY,253
JVro7EIrjGE,5
JVDpRGKZb9s,8
JuvHVmmR9sc,39
juNbfZW_Ntk,150
juL35HqyNY0,138
JUi3psxB3QA,2082
jua2rmJg7hI,1471
ju4MDaz9IBI,211
JU3WyhOoli4,184
ju_inUnrLc4,130531
jU_5oLpG6bI,70
JTyZeMPOP18,274
Jtuv4_WV62c,152
jTtTAsx8knI,22
jTRvTt2LrOw,636
jTRC_FMzLoo,1443
jTpFbbBfHys,38
JtIY1Naxg0M,1757
jtHM8yGVCTc,1657
jthJeHp8evw,6404
JtCy-eI57Tg,403
J-tcQFTdHmI,786
jTa3wtRaEvk,77
jt0SbL_DMmI,20
jrXv7WNo6No,1251
JRXKF3nytBw,411
JrnSfMggWIQ,107
JRHG1E42QBE,990
JRg5psqNN4Q,3637
JrbY3ayiOvw,27
JRArkJQfW8E,15
Jqs5EaAaueA,133
Jqh-XJovVJg,6677
jqDYqSQeulw,284
jPzC_jqrqE8,1994
JPyTVxF1YZw,205
jpStWV2GHF4,981
jPQ87J_5qyw,295
jPMJtUpiTIQ,1595
jPEYpryMp2s,124172
jOwQnez1CkI,17
JOwj_5yrGn4,152
JovqVQt-caU,61
JoVcuCChCSA,210
JOtiHM7XYMk,382
jOS3o7kY8-o,1
jOlxfguZUAc,124
JOCxEgfea9g,38
jO7Ysq0m050,2665
JNyZ49q4vrU,21780
JNuVL0l5Ofk,358
jNTyQPUoFHs,574
JnoDYbheNYk,0
JNLE9_lv_hw,216
jnjSquL9cW8,25929
jNgKSbrfOX0,106
jMwcCqB3qWI,168
JmmpGToEEsE,203
JMgzvpqzdTU,1119
Jm0Z-igxYD4,208
jlxoMbXGcD4,262
JLqmKXMocm4,208
jlklGaS6uUE,118
JLJYTkV95rA,187
jLjSSXv-beI,1
JkYJQdjTX4o,292
JkmyO6vtY_8,1384
jkiUKB6RwLw,387
JkhdOkdx_mI,17451
jK8txVPAPas,397
jJeOHnCBIHA,7
jIT84V56JAY,9578
JiSCi8x_les,28
j-IDQ2Sl0w8,31
jIdHWKNUal4,7
Ji_4dH_FXzw,2880
Jhyz9ZHXn5Q,39
jHBQDOabJLc,5811
jGsE7y46Eqw,47
JgQ-07VgJuY,1710
jGOlGq1ftdw,936
JGo_a82jfj8,23080
Jg1C6KVz244,35
jfyDd2s1uS4,578
jFROhmtKg8w,825
JfQ3W0wjGh4,14787
jFdf5P13wRo,46190
JFBudC8TEmw,1167
jf9c_NrNnhc,45
jEvsCK2oNss,834
JefYnYIXY_8,2094
je2FN-j8AhU,1217
JdxW2UU42Lk,421
J-dv_DcDD_A,1044732
jDmXDp6bwAA,5849
JDmse8M-3-Y,52218
jDHI8oQ_Zu4,317
jdH2Sy-BlNE,12164
Jd21e4TIw7I,41
jCtml_r7c9Y,1238
jcSkWjhgg70,588
jcM_Nd9xWeA,163
JCJb2VSAMEg,42
jCgOX8OdIVI,241
jce4fWYXJlw,211
JccdF9l4HEA,55
jBVjuXSpTIc,9
jBRUonZ_YI0,282
jbNtrN1UpFk,576
jBGmRaOSe4U,121
jBFrbme17jw,71
Jbds3NtyQHc,143
JBc2_AsRFBU,1135
jB3vwW63dpo,613
jAZZTE9t7g0,619
JAZTcpADZRc,507
jay5lU3lElY,255
jAxrCPu7pXE,439
jAq9RV3k9Qc,3983
JaOFvO5rpig,21
JaA2o9aOGC4,224
ja9BzTROxio,266
j9zADkyQgTg,67
J9Hwwcb5BFg,280
j9Fl_eVVIXU,12
j9cqnZokCr4,3
j9BsPYsqTc8,7
j8gXtP-oqmE,401
J873mKAKCB8,2
J7q7OS9xEpg,63
J7iuXrfCDD8,130
J7E1vZvMi6U,645
J75enyWdbBM,162610
J6TRJ5ShyK0,94
J6R0X6NTnSw,43472
j6QXooNPFd4,124
j5s-s1oGzVM,9804
J5bxdl_GOeg,294
j4OHuUN9AZs,2071
j4KvrAUjn6c,314252
j4jaYFNwEbc,200
j4bCgjJUuQI,130
J3KdH_dg8Ps,8
j3dm1G0cRiU,47
j2MzGn2Bu_w,323
j26WyjSo1dE,2488
J22oKQEE03Y,111
J1w51DB4LZo,479
j1v2A5pyGlY,3681
J18itfjNOQo,78
j0fB6Cg5AAQ,188
j_C7WC46IP8,283
iZyO31frTJA,160
izO1aZnHOy4,303
IZNAp5g-nPQ,5576
izjXOS6FnPQ,266
IY-rI7KcHZw,123
IYoZJi42Tt0,3
iy21pjp5GiA,307
ixZJ6t9jMSo,1339
iXTFY80QexE,874
ixga6yB1qiY,52
ixeJyJtDcgE,5624
IxD2NbXzgpQ,21981
ixagtnf7Ne4,190
IX6gYfA6l88,14993
iWZmdoY1aTE,1020953
IwSYVyIFCXM,7
iwrOIl7hwQA,97
iwiULjXUxIc,16
iWFXM61A7oc,2566
iW3Than5jrs,262
iVxptSKVxa4,245
ivRfH8-tOe0,9
IvfQ-hJ3cAs,901
iV3wgDoWGY4,21331
IV17bu7vQcw,38
IUsFWiE0d20,392
IuPABtlr-rM,905
iuG9R6bzm14,53
IUCVzXvCZaQ,8
ItoLIaCnvf0,16
ItCfrTopoM0,1791
iSSiKEF-ww8,965
ISPadKRsrqE,351
IsNqBMqIVMY,189
iSHAg6vclvg,279
iSallxKpm8Y,10870
iS7vBk3naNU,27
irXTPzJThKo,1393
iRf2PUdsOxg,396
irdFQkn59rM,217
IQvd2J4TCyo,157
iQp1_GfDhwQ,19587
Iqf4Lamnd_k,152
Iq6gCapM9gk,6028
Iq_MgclrgzY,4342
iPWIULW-joE,812
i-putUPpHAA,88
iptUNUFdyas,7905
iPKc8GEdTY0,12
IpinzeTlnqU,773
IoZ5qDUuPV4,4098
IoBruZ-GwFo,7
ioBqtGUcEPM,491
iO04CCzoHCY,92
iO_tfamaoV0,406
INuUE7dQ5os,2146
iNogpbJa7-g,393
iNAJOgo5_Xg,324
iN8zmmCRqUA,42349
iN0rb1y5XKY,114
IMhxZkdKqqM,1742
iLXt4OXc4Vk,4565
ILN_1ELontY,5
Il-an3K9pjg,93396
ikxUWWzrWpE,56
iKRk0DrsM6U,19
IKI0tlXPCFA,184
IKCcW7d1tlg,305
iJz5jURaEBc,20825
IJp_TGxfTEI,1663
IjK5TzQHuTU,90
Ija8gz5YRX8,1975
Iiukq_ilT0Y,522
iILJvqrAQ_w,35406
II553BMJ3sI,944
IHwzfKq_NxQ,514
IhnI1geDce0,409
IHmWhvjoSds,13
IHlEsRilD3U,2707
ih8ex84QoH4,2342
IgvAN76IneA,67
igT1QKKm2GE,15829
iGLEzh7N0sM,3
IGg7TJvTRRU,13
iGFgMQkLigs,55
iGD4bBgWPcY,4199
igczJLuaelg,321342
iG-aeBik5DU,2
IG6VTRJNe1I,120
ig6rSqTvJLk,15
ifFSX4hLVM8,195
ife6ImdzZVA,1196
ife5Zij94_E,1631
IfDu6zY2_VU,14327
IFDnJeLgIZk,890
IfCYeFyR-yk,31
ifa_SGkGoP0,146
iEyMyMA3rAI,2215
iEOLAqksKak,214
ie5-9l6AF7M,24
IDVxubAYBWM,427
IDQ0f4n9aAo,1210
iDk6ExMXLxQ,3
iD6or3kKsUA,209
Iculr0LElws,1010
i-CR3q-E5jE,1520
iCMEMuJFLR8,634
iCHX2KZHdDw,52
Icey1kz5qWk,2927
Ic4Xo3BIHzY,76
iC0WbIUZQGE,306
ibQD3haB0aY,27
IbO0M3DTqis,8245
IbJwUqKgHkQ,3944
ibh_G-pHRtk,821
ibewMM7YiG4,1272
IbBSbdcTV7Y,234
ib8ETHsMT9w,569
IawKU9nOwHA,3562
iaVdSgyugKw,61
iaL3EEWspLo,7921
iA-fY2dr9jc,538
IAfaZUZGuGY,1015
ia_QG01Dzk0,219
i9T2Cw9X4nE,18
i8OYerdcmCc,817
i8EJkbADR3o,3122
I85lSZVF7_M,471
I6YQz96PYvw,1795
i67S0wJXgzA,1486
I5yLNzUPcys,0
i5qOzqD9Rms,435299
I5cu5Pg4hOk,24
I4PzRRZ_8B0,122
I4Dxya2XBUM,116
i3U4CgbO1Uc,17
I3Amrr5k3WE,626
I2lQ_gFO3I0,1169
I1SaQFR_QbE,84
i1mmLOPlkDE,2
I1e0PQL8K9A,42
i0p1bmr0EmE,3690919
i0BtxkCInqo,266
I_ZC3B1NoSk,55
I_YATAIvd4g,37
I_XyUvQtABs,1215
i_WzT6fJHak,283
I_nLiI8dkUE,603
I_0GgKfwCSk,358
HZTkMpr9Kf8,59
hZr1u-zzejU,12207
Hzk1bM2vVFU,7318
hZ6eNWwvLtA,36
Hz4-LvhISYg,36
Hz0VlUVjYfI,0
hYOa56nwx5Y,193
HyNJ3UrGk_I,852
hYirFqEc8Tg,92945
HyDSFU0pX_4,57
hy9Uo864i5g,33
hY6NByWnGys,30
hy6KpYDVjLQ,4
HxuRKqGx0Ik,7688
hxCpOcskJ1o,405
HX3tKAcCcxA,1566
h-wyXvCD8rw,5
hwWCt4_iA8Q,203
hWQiXv0sn9Y,4298
HwOGPU6hEqk,159
HwKleiTytiE,71
hwExMRQ6G3A,455
H-WEhug-up8,45893
hwdIOJ9yE_8,821
HWDELTsAZOg,1789
-hwB-0DPK0E,20
Hw8k0dW3Drk,2413
h-w7QZo0XSc,52824
hW38oCItJqA,129
hVxU5ekXB8U,469
hvFbmImsCc4,1453
HuWLoCF9rWQ,33303
huuKJlw4-ho,38
huRPUAeS9qA,98
hUNv4xSDdl8,209
hUMIhe1Id8w,39
HTTpDGDAxtg,4601
htSvoCwZA9s,66
HtN-tzq7ZhQ,0
HtLbE_SIuxg,1574
HS-IGKUksog,4857
hsciWLqg0vc,42
HS9fcQfAeDc,466
hRzbHAUS2KM,82
hRWxAN6JOZE,45
HrRHsxepb5k,20
HrQNdClwMs4,10477
hRi0OXOcH18,76
HrHhmnSJhSk,223
HraNmhX3By0,953
HQYT0wZojYE,35
HQojvhHfdZo,72
hqOcrEyOR_0,1694
HQMcsutabmg,209
HQiDKE85P3U,48337
hQe4R9cSmtE,865
hQA0oWZpgAQ,54167
hq9RhnpPG3c,130
hQ6-boBoJMg,2400
HpTcnq5FbzM,169
HpsNMeomQgY,9184
HpRCdC4Q7CM,1368
Hpm8O--mNTc,788
hPftq7ppMe8,15
hPfeeb2pHyE,0
hpEjxsHT0Zo,3489
hpchDSh0b2o,54
HPaoh3aVCsw,384
HPaKuqsNuCo,5321
Hp7o9oG9Gis,61
hOzo15P9Aq0,326
HOyOVbQGN4Y,21
HOxylh5runs,5768
HorugBalutw,4478
hOngcvbzf30,15
homtQ43rY18,185
hOiHshb3BKs,3494
HoB7u3UAqWM,1435
Ho4zPMlmb2M,523
HNyNfCZJn7Y,55
hNxEyg23KVk,1431
HNvX4pY1TLI,73669
hNpgwz8wvE8,58
HNKY3MHRejY,1035
hnKvVZhZ2sg,1347
hnbX4Ygo4sY,20
hN7zAz_PX6Q,98
HmvOAH9RN_g,1251
hMvcKL07R5A,5
HMp2PyhJmhU,27
hmes-Q2F0Ho,130
HM8Ba21aRqI,222
hM7FB5WrXLw,271
Hm3_IxMw9jA,19
hlyAERk0Dfk,3
HlRd9Zy25zo,450
hlcXgyk99Qk,121
Hl36Ax4JCC8,2116
HkxeDrsLJfs,171
hkuN0VCJ_d0,24159
HkjOQTjnLBE,924
hkcjlimFGL8,56
HKc7uUl3StQ,196
hk7_CG2ejEs,435
Hk5dxn5dj2M,210455
HJoamS1QNxU,6738
hjFV2f36A_M,9513
hjf-h6NMj7U,1048
HJEXMjEnMyg,933
hjEHKvB77oU,785
HJAr65M4Q24,193
HIWxQH6EiYA,73
HIwirSk4RjE,11252
HiQHcbFJv_o,26204
hiM7srHmZeY,555
HICLZAMwzLI,741
HhXxwJVnYac,1418
HHuTrcXNxOk,793
HHodhsY6-m0,279
HhoATZ1Imtw,7074
HhhWIeCp8Ks,2017
HhEPgqqUckw,91
hHaUQh6Gx-Q,2459
HH6M5tPZfdo,3107
HH3J-sSf6RI,714
hh2tbZt44sY,517
hGU1ytRiG1Q,61
HGTR3N4kBsA,221
hGSIbCtDsNo,3164
Hgiu9cqph5Y,45694
hgdtr4yvV9E,175
HG6M2xQZvj0,20
HG5BU_1RMSw,3813
hfmYlHD1Dm4,148
Hfmta-9Rs3A,13406
HfIgfy0HJHU,279
HFGzgtMyOZY,41499
h-fBZgIi5Rw,124
hF0VjeUjl4w,3
hf_5LZlmSGs,3362
HEryVq4bRos,275
HEQfw_v51wg,1312
HEO5W64Rulg,121
heNYBivbt-M,37797
hEnWzvzVMaA,136905
hen_Mt2ogLY,1173
HelJMVjKc5k,10
HE1NXHr4VBo,106
hDYPVhwULCc,7636
HDYJVmoWoyA,24098
hDxJeWnQEOQ,25
hdWK-uZ3JTI,1957
hdoLeKGoSjw,10552
hDm-OuV_Xnw,211
hdmjscyogQo,163
HDfCYNfzo7w,588
HCYcUolhGPE,193
HCRefZ1_yNY,7114
hcqqHwlc0Dg,562
hcM7UBal4M0,6
HCKxQXaNiaE,121
hCEKHpHK60Y,24
Hbxdid9XvJ8,918
HBvPrh2yMik,12087
HBUh1kJvqIU,338
HBfXWXIrHCA,1626
HAw3OuACUaA,689
hARjT7uoWUg,193
HaqqYqzjZwY,259
HaJ8MABF-r8,95
haHEgx6pj6g,19
Ha1WASsssGo,22
H9zGeEiDnp0,244
h9MFiU-EqmI,920
h8BMqjEF4ko,4
h7O1WOkFS5Y,0
H7gh2fmdjCU,13954
h7FFVi3ZI8M,19
H78P-eAvWqg,1084
h6kJ477ixNk,4
H6D81MEXEEw,1503
H5g3AiMQz6o,219
h4XkP10BQNo,1506
H4NjcO2GAMU,454
H-4nBYluSOI,419
H4Hb6HcCm_E,83284
H3PKipRZKv0,1377
h3jTiKv6oII,4
h39fZdU7174,1032
h2lfKH-FBds,419
h1UBM3UgAlw,16
h0Z3XZMk-3Q,36
h0lb4XdkVqc,266
h0GU0iU-8Fs,580
h_z5v4KpPXM,10686
h_-TQShNW4E,781
h_O8ZvB3uEk,320111
h_GwO10HroY,736
H_6ZJrg-E3Q,816
GzYRQA-eN5c,111
GZUv8ivnv1E,533
GZPuPoQe_3Y,31881
GZlCYNxt-Jk,1350
gz5t34056G4,977
gZ1XyZF8b6U,2108
gYXnsU3k6cE,60
gy45HWaFhhA,48
Gy3aKyIlNB8,337
GY2eAWpW4_U,118
gXsgy-L1BcY,529
gXq_OW7ws18,3561
gxofHLuA1oo,594
GXfLAZbFhbY,1
gxFACdXlD-w,200
Gx5DV5zFKlU,1879
gwY1SoVp4mc,544
gwqFS9Ld4wg,220
GwpZKy05D-w,1186
GwpdF-zXVDI,550
Gwi_UN-w0x8,1058
GwENimJ9zdU,51
GvUm3aaOpM8,227
GVREuiXxu_g,20
gVPAB9bvW5o,2201
GvJtieRgDy0,1310
gUWDiXBNohY,7935
GuRl_sUUIUQ,302
GUKrboAyiLs,18
gu-g2U5B1Rw,792
guf1L6HmeOc,6159
Guds5zc5YgY,701
gu5phlkEINU,401
GU5aK9UYlww,19
GTXXt32P18U,546
gTec-EiU_gI,113
gSxkueLTOXI,10918
gSNr8ZRYYyQ,2
GsguBTTNMHA,5780
GRTGJ5bgV3M,252
GR9pZuk3sRQ,284
gr60GYwc4kw,5717
gQRxNOA93Yo,284
GqKlALVKsXc,5819
gQB1O3T4jug,157
GpxCT36DxKg,88087
gpwlBzralds,1869
GPv28j6S-J0,16
GprSy35gXoY,279
GpLGLyag9P4,537
gpH9clmXx20,484
gpeXPasXfJA,96
G-PDcK6RCQk,68
goR9iTdflso,21
goKi8zLga4I,9
goIXAFdlcUw,14221
GOEQZIZnHiw,21
GoeP0MA-M_U,220
G-O9JkxoLqs,370
Go8VUAZWhpY,56395
GO7idCSKOPU,14
GO76u6fzP3Y,47
GO-6wpLxgVk,728
gNyVxirAkpU,775
gNXoxfeyzmI,5713
gNvNMWiMxUE,6865
gnqSLf6PQM4,546
gnDVjDTXE0k,56
GN3lXh3HwIg,1935
GN1lWxbVEK0,10
GMmOkoAsfUA,44
gm6eHtqXtio,0
gm6Cm33h57g,5671
glvJ_ToJaLw,70
GLu3p97En1w,598
GLnsth67ExE,263
gl-n1SDjXds,10
G-Kz_WlA0V4,65
gKyysb8HdpY,141
GkOfLHJFQ-k,45
gKmaD7QpPtM,52
gJPDqGNCaWk,335
gJNF1R4EDnw,660
GjjZacZSWT4,109
Gjc0gXDE3aU,1095
GItpj4vu0Pg,3273
giIYz93IyVQ,51
giIC5vtVboc,1690
GIgB8i8o2No,393
GI9RunycNQ4,1139
gHHyqoU8sQM,661
GhHBfDK4lE8,6641
Gh88fu1lr38,31
gGuT3MNE_QQ,1025
gGoSQ-OAFHI,312
ggm2Pvj2QHQ,7241
GggvcOwJoMs,814
ggDsYF6XsGM,3
Gg6ULIThWus,8
gg0YAsBE03E,40
GfUIsHizsis,587
GFte3Ypipjk,72
GftaTqipYas,2626
gfIrR7k2JNw,235
gfARYwVMoZA,20489
gF0bvI9vLvI,30
geZGGYxZtWA,27
gEQD59-0_hI,5
GEO7BS4CW9s,1758
GeLtA3D5hjQ,475
gEJGADrL5Ss,110
GEIvFfeSjuE,115
geh4R7kp5MA,27
gEApbNU3zU0,2
ge9_JBZVTIY,4659
Gdtw2DQsxTw,4111
gdkdm2z4atI,1
GD8zim_L35g,830
gD7MOR4CfLE,503
g-D6uvx8N-s,131
gd0bB-5X4o0,710
gczHz0CPum4,2193
gcFL4vaFrO4,4
GBr-RXZD400,11
gBoUQwFAkGc,523
gbMXWQPZ-qk,76
GBbXSZNIYJg,128
Gb1Am-33gTk,8087
gB_7KBTfaw8,241
gAZaqhNxAm8,687
gAmGK4zwbqA,92
GAkkKjds00o,265
Ga6Wpb6feSo,304
Ga2jTgSW3kU,52
g9kT9_18za8,1902
g9-Dnfs6t68,1790
G8mVjYzQbko,37
g8fUVpgUHgo,2606
G8cmgjTTb1M,8
g7ymWawG5A8,375
g7kywh1M6SE,101
g707rqFzPdE,176
g66Ht3zT2BU,223
g63BEa7LEtY,23
g5wVhaupuKc,382
G5jCLidjWH4,208
G4M3DAJNEvI,185
g46T19sztLU,14760
G3TweWz_5HU,164
g3s0--LcgQw,4177
g2Dak59cq4k,38
g24Qhn-8_zA,3894
g1Vag7OgCXw,2559
g1uh6yq2VKg,365
G1IaHrsCjqY,337
g12U-0zes9Q,2221
G0EPegHoHXQ,217
g_c79qjMpVs,323
FZCutVRTub4,53
fZ2OBZ2JM6k,15
FyzXKLL4fMQ,10
fYyCSQAqZk4,212
fYwRsJAPfec,73
fyrwbWIJd48,295
fypz5wVS5T0,24
fYphTLCAXD8,261
fyNcJlwXurk,800
fy2XDBbDrAs,309
fxVO2OKEht0,75
FxJWlwzRA_g,126
fXf509_xRKI,263
fXEmvlEeruI,453
FWxEqphFiwQ,196
FWJkl9vjptc,6
FWFMPkU0hKc,174
FwBHy9h2iPk,4654
fw_6qHCQ380,1051
fv-RdJ_Yo2g,30003
FVpTr92g51o,192
fViHxVwA6hk,10643
FvedKSaHCBQ,50098
fV6oZmYG6fA,3804
fUTyUjYldqg,100224
fuAHE-V_3lA,54
FtVCjMAebq4,210
f-TtQ6jR1gQ,252
ftqeN3mG9e8,38
fTiujTcfksY,473
FtewbwIZ_-I,47
ftDgp2aFTt0,32
fta-oFsi74U,457
fSVfCJ3v8IE,394
fsO3HlLfn3I,332
FSKvQBKADJU,8237
fS37K3Lcf6g,618
fRuxM15O0yg,291
FRsUxR6VWhc,52343
FRQL_CXrqzw,363
FRjOSmc01-M,43370
FrHfRa3AADI,719
fr-ftl_CyQI,458
Fr95MPLCvrk,84
fr5fRoOVSSA,30
fr5aMI0Whbs,28
fQjGRb4-IQM,4710
FQEhK1SQlRk,1260
FQDGXMdiAHQ,734
FqCZhSIXcv4,142
fqclK6rn9ZI,781
FQ5564CZlqw,169
Fq35Mmpds6Q,19
fP3qT3R3M6Q,47
FoxwmWaS1J8,28
fOvKYX7ZlHk,37
FOLM38CnqhY,1388
fo6ZIeXPK1g,5
FO6My1joJVc,5727
fO_gK-R4h4Y,42
fNVUTgd4pio,98655
FNq7Psh3zEU,44
FnaVcsLz3Qo,331
fmwZwixkBiU,75
fMHfRqP0KSY,172
FmeVHlJOpzQ,5488
FME8rJzVoSA,1084
FM7x2VByEfk,4004
Fkph2WF1ep4,247
FkOt19CUC30,26029
FkiQ67FtycI,13365
fkBYn3QkgpA,971
fKb4UFjfotE,14
Fk9LLmBN8nQ,1714
FK8Afzl3bcA,13
fjz4CtKZYAU,41
fJXWRFizc6E,107991
fjsirJ2YMXw,94
FjqBekVMwjQ,148
fjK3lt8AQoE,5
fjjSB0WzxtU,447
fJDvVXeFNXg,9859
FjcOT1AD4F4,1
Fj0BikeLT_M,0
fiTzPD6iuy0,809
Fisr4YY_2L8,497
fIQACebF8pU,71
FI0Rl2ePRoE,140
fhzSSW__ZTE,125
fhOlHaBoyWU,148
FhllRWReNEE,54281
FhhlMSpvCQE,776
FHGUJ2qjVC0,986
FH7wH9doJ9Q,1128
FH0NCnqKwmM,476
fGXgayxAlZ4,19
fGMHhjuI9mg,1930
FgF3ENGluoI,3
Fgd0RrJBXGo,1358
fgasnlX9laU,217
ffxKSjUwKdU,3949623
fFuQfcAbCIA,96
FFpIQSCp1HM,3049
ffnTZdgUs58,301
FFL3h6ZTCFw,1074
feYykx3Fq-k,5559
FepIkIILumA,291740
fEitujHoYdg,41
feFX57s_qro,404
FE7lYMQR4Jg,73
fDRrqJU4-Tk,56855
fDmnFyug3Vw,4
fCvg-qPJSDc,26
FCEN-hbeoXw,539
FC8kxOe4a1Q,15
FBIkUV4I1aU,6123
FBhVIhmh_N8,5904
fBdx0CdSDJw,210
fbbaFFpUMDY,15
fB0ZhNYSqBs,153
fABSffnIhrk,6345
fAAAZqFmDfA,4109
fa3g4zx78cs,12
Fa2st0GbJFM,11
Fa_wN6O-eQo,202
f9ZY3k7VYfs,217
F9qdxZvP3Kg,20
F9LeYXYJICk,107
F9_NFkukTQg,3
F8LYZT-FyRU,73
F8IFzaqeKdM,188
f8bgdZsVuwk,1892
f83MiZnkWts,100
F7n8Szu4m5s,939
F7cz430lylE,4153
f6R4W4UKC7w,71
f6NJvg-kWJ8,66348
f6Mtsuj4z7A,1148
F6Hzna55ztw,59
F6HVgrg92Rs,10649
F69ULBih45E,58
f5XvBNg2Y0k,2
f5I79eakR8E,53642
F57oEkHaVrs,106
F56g6rfwDiM,285
F4TjzbiB6_c,1511
F4QqFhdFj2w,307
f4FuOi9rvKw,18120
f44NvLRFWaA,128
f3WsOp6jZQo,12
F3m9yVlJDtU,1165
F36O0KExI3s,302
f332DVN3EoQ,2963
f32EIDxONWo,3
f2kesmAO8VU,1541
f1k7FAIVt-Q,13
F0rYqvRk9r8,7009
F0b_-cH5ZcU,344
f_U-hMer1cE,1370
F_thvMnIxEM,998
f_R9_xdhuNw,18568
f_m_o_uaMfw,538
f_0duM9EQx8,1082
ez6Xdf_p7Yg,16
EYqVRLKBCrk,10
eyPRDwsjCJc,61
eyhovIu-l6g,871
EYeIEou-5kg,2846
EYBGrkSh7EQ,202
ey3r8jOkr70,5655
eXWfz4Mpe0M,56
EXv1EGgc5WQ,112
eXmL-WmysCc,156
EXk7GQB0ico,112
exjMt3v81tA,1481
eXiQgPm4hmc,46
exdrZa-k0GY,7027
EXDb2GaUKZc,331
EWX6O-OTwZA,629
EWTjiJM9IQI,1
EWKh5wkFzHw,805
EvYtTEIcBWs,4
evvcZnY__q4,470
EvUtLH8ck9k,15
evSfOassDBI,222
eVmxh5Uft0Y,2337382
evKZGQ-qwEE,6174
EvGCQN7s8vw,77
evfM1QDfleM,115
EVFHlNC6Uv0,3070
Ev46fHxVe_A,292
Ev2aExZffQw,732
Ev23TV62k08,7683
EuUjTnv3oqU,70
EUtaUM0mfc8,464
euSYwqmrlqc,72
euRUiDkBGvk,7354
EUnQnf8mfW0,1008
EUfZCJtfAYA,2840
EUFtVAgh9vM,40723
EuAuos3Zxbk,732
EuaK4wPMIP8,1896
ETy0SABmtak,284
EtOnTE9zvQA,1545
eTNm7nrDSpg,50
eTMQAKK1tNI,1101
EtMbDY0YWds,252
etJcrUZDcL8,513
etisfLMUagI,134
etHvp3_1LnU,158
eT9QeDqZbWc,492
ET9ee2XH7eI,298
eT3ysRMqcS4,3
Esy__nIL_pk,174
esVSw_vMLz0,27
ES-s9KQrUTY,4322
EsNtFuysX0A,741
eSdQZWCbqbg,694
es9-P1SOeHU,279
Es9CfWMmPRU,12699
ERqixcGaK7g,2342
EROqrFqHegs,2367
eroexhJFTV4,130
erLNU0cJvkY,287
ErlEqdAyvlU,573
ErKz5mD61q4,37780
Er-hGFBcosc,2821
ERGgkBjqUaM,221
ERalk1IJSg8,399
er6Nf6GlIwQ,145
eR6l5okR-X0,18
EQqIiTk2fy4,12237
EqeIRzY7hIU,14382
EQ748TZcuqs,1444
eQ0dGohz6zk,251
EQ_kjEjKrys,100
ePZEEe_F1Yw,33
ePXc-hGI05U,59
epOIU-MvQU4,56
ePl6Y1nSwq4,1
epHRVoTFuVM,219
ePbfeslgzDQ,134
EOsgViOeS5w,344
Eonq7PRPIqY,243
EOc5sMSsZu4,2358
EoaxAjh3RJI,94
eo9rNMv9gq8,76
eo53TL8P2Cc,290
E-O4dvQha8o,1
Eo3YNYw9DjM,849
eNrA2lorN4g,17
ENnNNLSkdb8,165
ENDfYD-4giE,715
EmUaWk5HBSI,29369
empFDYhJdYE,387
eMkZ8GEVgUw,9603
eMJuMB1asf8,175
EmjneOzB3Dc,0
emISpWXVuJw,451
EmEF22qxqxo,71
ELU7iQIhQG8,6
ELqeARqjcoQ,141
ElPJr_tKkO4,4097
ElkmMsTGvRw,2334
eKR_n4alu3o,2958
EKQhd-CnLJA,13
EkL-7WX87uk,660
ekkqzUqxyoM,1635
eKJziZJ9uFE,53
eJU6S5KOsNI,420
ejmd5GcJppg,11
ejFccNmL15g,1212
Ej9hjQvaPAk,1131
eIW6fO6a1r8,62
eiudTjsGM7g,1614
eIOE9TpkQBM,116
eImcshbklK8,1908
eIHlLUcDkas,114
EigOCOwWxRA,3
EiG9idSXuB8,5
Ei29qEys78k,170
EHUYNVA6hF4,14116
EhuK6otBZKo,76
Ehox9NY79JE,4093
EhLHNpGgBoQ,360
EHcLF-tNwr4,34
e-HBbQI8vpY,10
Eh5eWMn9mJM,1194
eGt_iBDVces,157
eGpYwRxd71U,72
eglWMdvnrBo,5
e-Gkb8KHd_4,9929
EFXZ7tONrRc,114
EFwa5Owp0-k,26960
Efn3et87_jE,3290
EFid2otZi6I,1786
Ef4PLSqqg50,21
EF42EeBNwl8,47
Ef0wj2gFDEg,44
eEqa7NSg3_c,84
eemoOV1qnwg,96
EeghAmB1W8o,569
Ee7tKhzSuik,47
EE5IVJOTYkI,239
EdM8n_3iTb4,36925
EDcSeoO8fC4,117
ECSZ4ygoC0U,3
ecQoW45bzB8,48
ECPYUxs4aaQ,79
EbYulfRzt58,764
eBStdVvB4ik,7
EbSOKsFHwU8,36163
ebLxWffaQF4,216
ebKNe8e9PYM,61
EBD48hQiLjw,1132
EbbL8NhdTQE,111698
eaXmIPHrHmY,792
eAvZLy-mFdI,64
eaVSN3coQM4,85
EASMgCZ6A9Y,215
EArkDIKyHPM,518
eAMu2dspxTo,304
eAmevSQbaZs,643
eakWxxHKvho,35
EaJnYMQ3pkg,40
EAGf9RiHcWY,4
ea5EDMX0ong,135
ea2FXcjk3Wo,6746
E9WVV0J1qJU,106
e9NOwaiXqqA,1294
e9ANXePp-CY,61
E8wZqMHARgY,2520
E8qN0ibe5GU,395
e7X5RZO0eRU,75
e7sIvcYmuk0,20960
E7NdrkKD8Vk,808
e7dqJm4_9D0,370
E6ZvwETGbv4,343
E6IUMKMpdRo,4658
e681QNbHloE,689
e5ILfB8gmKk,14
e5bernQdWiE,5448
E58zy3jxsJI,12
E5_7kQpLvM0,65
e4LfNLtVQqE,4686
E423pNvi3W4,12
e4_JQ08hiyY,219
e3J5DXwvzXs,204
E3hBqn14zSw,77
E2qtPth2W6w,6178
e2kzGfupQ4k,147
E21NATEP9QI,3340
e1YqueG2gtQ,31165
e1YICRn14UU,1243
E1Rodjtmdqg,815
E0XLy8iZu7k,264
e0eYfsEq8UE,201
e04pTwZdLhg,119
E-03HiCIqVs,24
E_YaXDDbOQQ,782
E_wwvIA7tDE,86
e_FmQF9yVIU,2279
e_afEVYUESw,32
E_1d1_T8KhA,248
DZJod5hUqx4,1467
DZhZJlrCegs,47
DZAiRufPx9A,15311
dZ_leiGsEjA,105
d-XW_qraBIc,208
dxrXljtonEg,32
dxqmbhJ4GVs,35
DXOt_dwp5Gc,6
dxCTklQc-P0,814
DX5_o-mumvE,70630
DwZXXTCh_Cw,246
dWVHJR6Jg44,30
dWuYBb0NPd4,1703
DwLVm_M9O9E,1124
dWLDoQ0Kus8,16131
dWJY3wjG30g,53
DWg7yN18YKM,1930
Dwc27Lsr1EY,1861
dW08GoJfdLQ,244
DVlIn5DFYOs,3
dvha0v56J1Y,1085
dvB3EAzboXc,342
Dv7G1Oe_3fc,21
Dv4Ph97jv44,2438
DV4-6BKyWcI,49
DV2_A3iuTC8,508
DV1OqgHb3jc,226718
dUXW3Kh_kxo,240
duXW_wPTw0o,10914
DUsZQa6dZfk,435
Duso6KEWsQE,75
dum24Tw-JbI,184
DulNakuRwzg,124
D-uEEGyX9jU,71
Duc3F700lgE,18287
DUA3qIpV3Vk,36
du2glBYfpNA,867
DtZd5liS4l0,58
DtViGHOUJpg,364
dtUuooSOy7Y,33
DtcsmioM2gw,45
dsvd87HpkFs,42
dsu3aHQLkB0,24
DSQG0zvR6dk,894
dSNCDu9pXEk,81
DsMp2NZYIog,3058
dSkb7O1-EaE,5307
dsk3iy6-QNk,1
DSD8tNN89Kc,1922
DSAsdcDIYgw,5777
dRxMcpn6g6Q,1727
DRkOTThZun4,7
DR5H0mMDUOY,48
DQZT9nDJ588,43
DQlgZq-AWsY,615
dqgYnF4aygA,27
DPxL7dO5XPc,608051
DpqwiUcLDms,5
DpeCc2DXdDc,4
dp6z35_rj5s,602
dOw7C3vnYMc,219
DOIlfn2IfTk,43
dNxF3WUUB9o,1770
DNrNMg8_gEs,14266
dnpVNfHMlY4,1333
DnN6YdsqCRU,2490
DnB81w08KAM,750
dn55MazaNA8,34
dn_aaxZIA2o,1386
dmYghbivxWQ,13061
dMy3vgg8dd4,204
DM-q4pEbxFQ,2664
dmohxy_bvZA,63
DMKcO-T5Y4o,2023
DmJdWVj-tT0,969
dmdlKqW6zII,368
DM30XULLz6Y,1222
DlYpTNewuXw,33
dLRMA_lWsDY,1367
DLpU9Y9aN5A,10
DloLoFd3Qvw,109
dlkC5LNR6OU,17
dlipekkPXmo,517
DkYe6YqQjUQ,2761
dksF_qYn720,987
DKPCBAlDw2A,353444
DkKwNB7oGjM,1851
dk--eGYUD6w,55
DKe8fCPzPQs,196
dKccvk36atQ,6544
Dk9uitzdGXQ,30
djYSkBzSbdA,43
djIIs2dkaX0,19926
dJHNMz31G8A,7981
DjEYuhGGsf4,23
Dj4M3AtpCyY,159
dJ2cDEcfpKs,182
Divdlh2vbMQ,72
dIjms29rFA0,2042
Dih07hIWMUU,586
DICeQrH7Q7M,64
dHxT2hHPUsM,790
DHMBJ2do1XU,3677
dHjU9hGCC8c,12
DH0ln0xzjfg,1239
DgSJfbQyAlw,88
DgljcMqPG98,2183
DgehKvd25lc,97
DgE7Kmhqw4M,1302
DGdSlnw4D_M,30176
DgaC0ytqdv4,3105
DG8Vpj3jDMw,77
DFRTXc_q-2k,1378
dFOyWOswCmk,9
Df9UP6_7P3U,433
df7PZIVe1lw,272724
dF3GkNR0Of4,23
deyqAURzQtY,204
deVoaRTfVqs,2872
Deu80xFFTNA,1723
DeNgwmA8g68,261
DEgdp6ODBPQ,64
DeCoH6dPPWU,220
dEazp7ujljM,1479
dD-YA5GXp4s,5532
ddXpg6XKME0,236
ddvX9eaUSgc,23286
dDqwlCuY6Z8,74
DdLYSziSXII,693368
dDbj70y-tDY,388
dd8AdqB0FBA,12
dd1wWudeQHE,189
dd_T2tPt-RI,97
dcN4jh6Nmqg,12
DckdRgJipL4,307
dCIwep2bbo8,3514
DCGyLjBjuGI,6240
dBzdibsvyQg,103
DbYe6U9Dljk,6701
DBuC7RiUXhs,153
DbSHS3Oh7uE,117
Dbq50gCv7dk,507
DBPoV2ic6pU,45
dBmTP8GJKuM,18
dbhT0P2N_FA,797
dB2IV7ub2-o,20
DAzCD0jmHvU,77
dAXIpqWtpnw,117
DawIo2PCqBY,469
DAvFRzrMsyw,1849
daSjH5l9o_4,226
daSC7nvgGw0,8
dARAN1z2KqY,183970
dAqJ8XieEV8,5
DaP-Lp3Tgg4,1260
dAOZa7JYnsw,437
DALnATGj_pc,1235
dAHolupCEkc,3733
DA_S-OBJvQ8,1809
d9vndsVbNW0,147
d9bshi0kwBc,5395
D8OQSNYM1Zo,161
D8EM9YKi7kg,74
D7wmMZmMinM,858
d7LKf15ZJaU,646
D7cEJ9pS7to,41
D77x5sSrx8M,21
D76GvEcXttw,3
D6zNtypqNLQ,548
D6Jxzu5-J-k,4045
D5U-XWVBvAs,36
d5TsR86ieJA,154
D5tett-Kb6w,86
d4kDR5dresE,731
d3UolEbsH9g,19
d3bsd8N_KGo,1691
d30TB_-BpxA,47
D2mxKEa2xmA,4870
d1ZCzfubAT4,17
D1WWGHcJfyA,7805
d1D1SJ-KqaQ,334195
d10jHS8rxs4,159
D0bT1CZn0sI,323
d_nrbj5jkz4,5199
d_KFQCKkmgI,181
D_CZ8v9uZJY,13617
D_8854p1MCI,1321
cZYNADOHhVY,71545
czXHwPO28OM,59
czx3jnX0UYk,136
cZjy88qbEqQ,237
czjHxTc3eUA,17
CzbXiHAQ8Ow,142
cYyjhQonOLE,2419
cYxzLGk2NcY,71958
CyXUjfSZqzU,79
cYtxt20VXSc,283
C-YQhpZ-lZo,567
cyogin3mHLg,432
cYMWdoV7HLQ,9
cyIftAPf7kM,16222
cyA_FAtB9ZE,21
CxsJqu3Fr_s,23
CXsE6SlLa58,203
CXRDMkpC1_4,12
cXQYsW4Jfg0,1112
cxQskZkthv0,568
cXKhqqk0RaQ,16577
Cx1kgLIznUI,381
CWstkticDfQ,1166
CWsPcytkQwU,714
CwhrBYuSuHA,171
CVYG9TkUz-A,165
CvqtJTrsKCE,21630
cVQqJaW1P7U,220
CV3SaepBEYI,65946
Cuvwtp6ai2A,60
CupbRr2m_sM,4887
cUKZJ4PPxOM,190
CuiRsOF5JEM,61
CU46qvyNw7o,260
CTmRASBwJkE,74
CTH_cEmp6Kw,1539
cteUDkurv7E,3738
cteGBaWrGZw,2450
CT_al4KI-V0,2352
csv2nkglvOE,203
CSsnZJ1En7U,2040
Csnsq9f_ZkQ,4129
CSMgPq2JakQ,95
csM9QlkwFx4,54
cSjlzRLEVlk,82
CSfLsAqTQ8o,34
cSFfxxVYpxk,8434
csDI2JtSDUU,207
CrZhGI_em2Q,87
CryTUJO-mMQ,427
cRwCOm_p-2o,147
cRs-wBddqZk,388
CRSsa2o6PDQ,17066
CrGC6WHAspY,47
CqyGi2rJJFI,632
CQQit01HHLY,40622
CQPVMxQOh-E,1889
cqItYQIFnWk,65
Cpzc5vcf61I,278
CpXaNIT8P5I,146
CPUnmyF09uI,73
CPjWgk0UXps,26953
cpGA0azFdCs,40432
Cp9CxCQ_m60,42
CokyUUrx18w,9089
COkL0XPnCOY,994
cOdsbKnxsqM,96
CNR6poEZYIk,23
cnl42-DbH3Y,43
CnhvlYvkvGo,1933
CNCUXDzlfGM,479
cN26ESa3IQk,173
CmO2143BzYA,2138
Cmcwns8jCpU,1112
cM7HHCI1EPc,260
ClTZ_gbIqPE,3462
cLovJeESCUA,1353
cLBHUIuJq2I,604
ClB2C9_6CKo,348
CL7LNzokn48,204
Cl4zOn1u7Vw,242
ckA7nmvn85I,710
Ck4xHocysLw,998668
cJzOUbYrQiY,0
CJv0I-xYuC4,16085
CJRw18MtRPg,154577
CJmQALQR8_Y,246
cjKc4tW4IMg,94
CJjuBWhCbL4,10
ciYXvWbyl00,4347
CiyLBVjAQC0,485
citnBKXWli0,208
ciiwjn8jyvU,7349
CIbeYjQ3yGA,1698
CiaoTcPpbDE,240
cI8yyjCHy3g,496
CI2zVegJBWA,1061
chxxK7DQCDM,12
ChT54qKAs4Y,552
ChR-EWwLjOA,67
chHbIaJzugM,503
chD_HxHwEcY,9
chbbXmLIIwI,545
cH4mYC91omg,8998
cH3fcmHMb7s,96
CgZdQ8hejUE,3
cGxocuX2dnI,2
CgpE3M9J0uo,80
CgobAvfsXWQ,291
cgmkBofq14A,1
cGlK6L47ToM,31
cgIbzjjbdw8,1375
CGGQmKpBGIM,8
cGeixjMQOm4,83
CG9EGStW-nE,14686
CfSOKs6iZ54,298
cFSIwV7JfPg,6
CFNMg_ThBo0,475
CFatEWNx5RQ,846
CF0eXVC6Tdo,13
ceVPIov2iqU,171
CEO5EELFNgA,3256
Ce4EbZ9T2vs,10179
cE48aIevjK8,48
cDXzQvjP4wo,1409
CdxHwWpB3qw,1087
cdVrQWiZOvI,3048
CdPklwIesXQ,0
CD52PSexCO8,2004
ccxqxHpYHIg,760
cCx2f3GFE7Y,14
cCWXE0QN9p8,1216
ccSbPSJwsCM,768
CCKgAkhjsjM,276
cc4YxLKgucA,44
Cc4Sb8VZuRA,1071
cC2I-II8xnw,1236
CbyWLzWRDMc,44
CbWP9nvnRhw,54956
cBVTghAXTMw,4439
CbPnSy8OmvQ,187
cb9yxw4LIc0,9
caZsVvKE9sw,66
caShahlcxko,73
Can3yR1ogDY,370
CagwvHRMPGE,2010
cag6mg-mZQ8,306
CaE0JD1X12g,59169
ca6fuwmrNUw,73
c9jJ-TkCFJw,36
C82cRDUZ-5s,1362
C7qzzQJqBSg,328
C7lQ_jqSqKQ,13719
c6--PeGfMEA,6810
-C66-6LRVHE,3217
c5XdpWATDug,51
C5Rm6rDbF20,7074
C5qDGp1g4-w,71
C-5O9KU8xkE,147
C54cHGCwBdk,2913
c4-ZDcGSITk,11
C44q7auvTEU,242
C3wUOQiVMvk,15243
C3vEN6MY82A,2
c35Os2g1-E8,114
C2YqFvjTG84,1564
c-2excR77E8,17500
c24ayn0-bfA,0
C1SkFGgX8Pk,93
c1g3x_VGW0s,17
c0K68agMnvU,40
c0bsKc4tiuY,31549
C0ap0ytimSU,62
c06EsrtVrok,213
C_ijc7A5oAc,110593
BZt0qjTWNhw,8964
bzMiBV19tio,10941
BZm8nSz19pM,11340
bZEO0D6HfLQ,626
bz91MAdY6FQ,44
BZ5xqoVCYZ8,5
bYSRPuDEnTg,116547
bY5tNIoGxOE,105
by168cgLmw0,7502
bXSNcwes9R0,5
bXJvAgy-b8E,102
Bxbc4VR4cI0,5553
BWYA0CYJV74,247
BWXClOrijO0,46
bWnQevBxYYE,1650
BwcDWgNweLo,401
BWBS6w1kLKg,1027
bWamTJ4QQt8,42
Bw5fAQBGHEg,102
BvoDi0PpFPo,5209
bvh_H0LsXpk,1882
bvfyGK9-PH0,173
bvf5DlhvJJE,2703
BvdplXxv3q0,51
Buml6KaNlcg,14604
bu0m_UdtoaU,27625
BTzW1ol5vkc,85
BTyhz6DpMi4,472
btQY_vY75G8,76
BTlRZGyTEHM,345
btG1nqRLSz8,81
bTfJa_Qb5T0,78774
bTdsp9EV9F4,4706
bSYNEkkuhoA,3888
BspHjvU11y4,15356
bSl9PfRX7WY,2580
bSJ8mpWBVeE,5348
BSitS67ZQMs,132
Bs-Hr-gEJAU,96356
bsgqSDfO9Ng,31
bSFix5Q0y8A,10
bs0BXAptu78,250
BRUvbiWLwFI,2531
BrrL8FHL25c,99
BrqFTswejpU,14360
BrlpU99lGzI,19124
BrcBKpE9aQg,624
BQTXA03PWA8,2371
bQsLPQtS9f4,1701
BQJ2IAkUGsw,73
Bq9G7z3c0hc,86
bq0GBNcwC0g,341
bPZFQ6i759g,2000
BpTFuBSYj1Y,9
BPs_wtbHIX8,42
BPQHG-LevZM,2110
bpM_uqLecyk,2569
BPGspKxSMGY,737
bPF1R2Wf61k,31
Bp98B1KFf4M,132
bp36yP-xm3Q,3
bOZT-UpRA2Y,11156
BoWDMxi1EqU,710
BoT-6Z597Tc,14
bO-s7sss0vg,1290
BO7yUdPHeo4,1601
bNuSXqpycIk,998
B-nSef8J524,0
BNqRuomquHo,5
bNjAGGFNDxY,537
bnFaPCN85bk,152
BnbqfptlJco,40
Bn1mBRcQ9Og,4
BmXu_dLxgIo,2
BmqSkGEWDvA,9
BmoeYztkzBg,362
BMmYvfKS7Yc,79
BmkSQ-_1oTw,6517
BmJUu5GqdpE,3750
bmE7p_kmvsg,11
Bme0ERvp7w0,6654
Bm8rz-llMhE,144639
BM0c2CjomSI,52
b-M_HHrvg_8,1430
bLzqrXXR1ys,15
BLJWJ9iwBeo,145
bLBz6N2dk_U,908
BLbmipYjHR4,63
Bl2sg4URbig,95
bkSEd5CGSoM,104
bKk9VgxTLY4,0
BKA45tJu9RM,40
bK0TEqDtkK4,26874
Bja0mPXv0rM,343
Bj796-0HDR4,133
bIvFhSL50J0,267
B-Io3MoRO3w,73
bILf7MfRf-k,24
BidS_rcf7UU,503857
bicN2JBRc24,49
BIa24aOCYak,1228
bI31WqFDxNs,5823
BhxL46ykB2w,49
BHPa8x-2iuw,317
bhHAzUcCU3o,12
bGW2eZGnznk,3471
BgR_HJ7aGDY,14252
BGOJfnp40h4,2
BGgPwJxAdTA,136
BFL7u_EZU3w,78
BFkTu8Y1KLs,7794
bFIB05LGtMs,177
bfChLrKb4WE,416
bF5qctebcVc,415
bepFvVY9MuM,185
be6cSuicB2c,136
be4EY2CH2dA,237
BdwJ0uXIV_U,4097
bDk2gdRWB0A,7
BDhBBAnSZU4,1237
bD3k0-W5t5s,28
bD2T_YuVhrw,2772
Bd17-v8DIq0,195
BcZTeKvdeRI,41
bCys42hGcoc,15693
BctGZyN3tv4,30
bcSFnVQg47o,325
bcmJ5u4Ord0,587
BcEhlXQfeSE,10
BC7RkUQjUKc,15745
bc5BnTYRgx8,27592
BbZwk1FZ4XE,53
BBYCVYqS4T8,208
bbipJTTstTM,2
bBDk3acUtNQ,2464
bBbDCS0u9a0,472
BAUDFaMMAWg,21
BAT477KNGfY,262
bAnnrjVIFzI,15
bAhxSr6yY00,541
BaDHavq8W6Q,371
ba9zAwXnY54,96
Ba0F45y4D9s,175
B8DpuJdBmZY,1689
b7WdayQ2HeU,6121
b76Ln35cHDk,334
b6nV1heycCY,71
b6DPdaGTTRg,454
B6au87Phorw,189
b5Vmaw4I55s,376
B5vBuijQgfo,80
b5L6Bc3MMFk,14309
b5itO3Md1AE,993
B4C10LKAcZQ,3766
b3VEQWXIX10,303
B3Of2f1YzRM,629
b2txBXQGjJ8,1082
B2IcBO6TEbA,238
B167VjLt_bo,10
B0q44JHGYYQ,43
b_lULj6v804,12161
azUbCdcAeFM,5428
aZp8DglR_8E,3321
AZnNiAl0YNQ,4
AzHqv4wXghI,847
AZDgH6LyiZE,45
Az7Evhgbc7M,172
ayXHGQtX-so,2322
AyqCoftMjvM,7884
aYd0YIlgzxg,2595
aY-0uBIYYKk,4370
AXR-9tYJsOw,21
AXM0d9UfkY8,38
awu9I7b4y8I,317
aWSQhP_ukD4,9
aWIsQ3aTV54,5
aVm5UsSjTII,31
avh8Nb2GdKg,854
av0zbCcbXL4,232
auUvLsm8zhs,319
AuQkjFfVho4,246
Auj5tAzoadk,247
aUCeQdu-lM4,160
au8QGTiPhEw,52126
AU5xSHQpbgE,79
aU3zW0KDB5U,42
au_Ab4TP6lo,133
ATZ2UWflVQM,85
atymeurvyAc,76
atpU_6zbsHw,238
aTMPc5INOHc,673
atLL2Yzi3bg,1006
ATLBlsndu1k,17564
AtBUA4HLvBM,107
ataGEEHnl-k,1347
AT6jS_X4NaY,966
at1KGBXKSyI,556
aswtMEpn1a0,781
Ast2Hm1u5mw,55
aSozR1GKefY,2588
AshvBTw5Z84,27970
ashrS6GKcUo,6978
asHFAPaiVlU,10
ASgsMDz17SE,74
asDHD-wN3BA,2460
arXusSmobfE,85
arvCGPBSixA,6
arPFr2IkQWU,631
arAWVdxkD_4,521
aR9PM1Hj2fY,113
Ar8u8HHGpv4,519
aQKGkdvfpaY,3
apwYMFh2_PM,90
apRvFNM5Vps,110
AprlXwXJo4Q,17
ApR772WW1iw,1067
API_sR_IpbE,124
ApBYaX7EY-M,113
ap9JqXgDLKA,1028
aOXk6usydDU,1064
aOTh4d2L9t4,1182
aoPP6tRYD4g,439
aoo-XYANh2I,205
Ao9zUac9VkY,429
aNXN4i_Sn1w,790
AnU2p6Maw6w,51
ANO8D6GdAh4,213
andoSTM_ihU,710
An7KvQrofcE,13
amnlAK5hJhM,811
AmLiNgwdAcY,173
amG0MQvvo6w,251
Am6NHDbj6XA,88830
AM_ijxzt3hY,345
ALzHBOnQOC0,69
ALXiloyym0M,1489
alum_EIfzn0,42
altHQp6NMoA,23
akZkOb_g7qo,167
akv9jJlYwcI,1137
AkUgf2jIPyI,1863
aK0s7LK9WkM,576
AJvSZr96vTY,16435
aJ-V590zXPc,82
AjTzoCYkIqA,41
aJI10flBibM,77
aJhmfPZ60DA,151
AjGQMM9-YVg,315
aiZYzq0MtL0,513
aiWJ90YHjbc,3
aiuqv564v8g,4
a--IRRuuwbE,804
aHXCm_QL39k,263
aHUmy5PvPjQ,30295
AhPRROnPvN8,98
aHDknYXnw8w,33
Ah9mtoYrXfg,607
Ah2AceojeLk,10
AGUHfHwH-DE,42
Ags38CisHog,37
agqD8aupf1s,630
AGPMMAjBt6c,333
agnGIJlcQgs,81
AFW3E__PruI,23
AfujSunm7mw,5
AFOB6NRugTA,28204
AfFX2J3MkoU,29
afDZi9I2tkg,3617
AFbIFS9PkvY,1145
afax_Vpe6XQ,49
AF6z8-eOZxM,1697
AF2O4l1JprI,4162
aEvItEpMly8,1633
aEq08BWoEyg,77
aeNu7tt2E3c,77
aEM2kOrrNJI,146412
AeL1jubdEZw,69
Aeful-nI3ao,4339
AedUDwR_TD0,93
AebsJPV2ZYM,422
AEBB8FpPZwo,61
Ae8huV-T1gQ,45
AdTCSCreUTA,246
adrQcRwqwwk,1543
AdrLcOlqmVo,106
aDMiWI2EOTs,26
AdlCk6UgZLU,13
Adg-A5tY9lM,481
ADEn6Pyon1I,6
aDBMVKtcG2Q,430
AcVLMtZglhk,22
AcS2aoeSSKg,4277
acpqOUqHCeU,247
ACmroZiNrmA,799
ACI-srWORZY,3610
acGSWmLiKC4,2056
ACda_qqgF4Y,363
AcaGVrt6jlQ,1549
ac4IbzPqLcw,81
aC1_55Ifr6w,5
abv8LlYBjqA,166
AbS5X0amW9M,31
abQZUEHiY_I,2
AbfqK_-wg7Y,27
Ab5aV-wekP0,1807
aavAcDpbjkM,260
aauT5183_Y0,39
aAUQwXW0m7I,1
AAP-CATczV0,45
aaO-mmm03LA,96
aaAyvfLpViU,6892
A9QDgSTVhyM,6403
A-8N_RyDlR4,23760
a87btDiR7YA,62
a7JQzSn8Ptg,2653
a7D0q7xwq-k,16
a6zM-jOPEqQ,78
a6Qoe3F4Ibs,26
A6fyRilq_X8,86
a5v-2Qa69K0,172
A5QjR0Z-gWU,525
A5mLC8oKUEc,4
a5bWbyw2bdw,465
A4y6odAa2F0,80
A4woiybs_Hs,195
A4uzQabjtLE,336
A3U8O8Yg76g,662
a3k0p1lOsuk,133
a3EIDwdfdQc,80
a30ZOQscAcI,53
A17_GLxFF90,4246
A0sM0oPp5mk,7
A0gRHq_6Xa0,1471
A_N-gGy-ORs,2342
A_EmgT2lz7k,0
A_9f93tIMh8,195
9zUHi8ON6PI,23824
9zFLxKvU3So,560
9YlO4wLatBM,257
9xXb-0b_IuM,379
9XaUPRA6ZAI,2314
9wfx7EzxUIc,4489
9WckC-6Hc4o,6572
9w9FNtpcBjU,215
9VJ46xvxlhE,132
9UXehF_PDXg,18
9uE26-rqVDQ,141
9UDQmNCPf4k,24
-9u52fsYRkQ,40
9tz_sP9MpmE,980
9TUBf6l7FBg,0
9SYsGet9ul8,0
9S9O2T1B6xE,18697
9rYBTegfzBY,130
9R9polnSmyU,331
9QojtREFuFU,21876
9Q1WSQ7R8U8,1158
9POblaMln4Q,28297
9pfjrlYymuk,0
9Otxt5fXS5M,376
9oqkJlRDdfA,2457
9OJVboZ3sJc,26
9NUBYNqNazM,2073
9-NU7yOSElE,6797
9nkiqSX9h1E,46
9NC2saE5MbQ,10566
9mwNVKxKu5k,1066
9m9oO84Q2fk,79481
9m50v0718Vs,941
9Lz4YgPHrKo,77
9k2sr1CA4Uk,397
9Jc6Ml3BoME,33
9IzMT6pOgI8,321
9IV13gJ811c,353
9ijDB9_Vjmc,4
9hWnbI2dAbw,1797
9HRGdgkKzOM,5997
9-hPvngJNrs,2621
9GZMX9XBb7c,40
9GRb81n7euY,344
9FSnKxvqGMU,24
9fKALFSxX_Q,10253
9fgNLmh4msA,705
9FaxMOL7lO4,781
9eNC7sME5lM,84
9DqoL35Lspo,226
9dD2pl3mzow,51
9cOvhuGcYYk,7750
9cBMAOWednc,164
9C4u3Byi_bw,65
9AAgNN23k_Y,9
9a0EiOE8OiQ,196
99w5BCDleKM,10
98Nr51dd7mU,92
955Hg90OkjU,12
94My_TRwWRQ,60
94k6kEVGZzg,11285
94ekHQZQ89M,86
94D6NQPT0XQ,217
90KU5GtAPTg,130
903QDFbbeww,4251
9_uOHwKTYik,16
8zSRkr1nQNw,118652
8zoZpcJgw1U,86
8z-iiyzchzE,1
8za_4g5zCOM,722
8yJTsKT5aSY,6
8Yg_esdb8U4,64
8XPrQVoc6dI,31
8xc0m90JtLU,75
8x8SlG4pKuk,4
8x7UtZKwfHA,29134
-8X32zNup1o,2059
8x_yal5th6s,7
8Wop8U6ok5c,144
8w3gL8qPOig,7477
8VxofPqi8BA,43
8vCn190ti9U,17228
8V_McbM6DW4,110
8UQEflSb6kQ,3
8UJ0DjBQOMU,185
8TKPzVNLViY,129
8TH-8xJDWLI,76
8t4CSM11930,18
8SLbbywPZVE,92
8qz1okKV4_0,232
8QJzBqByzUM,22
8qitxIJAdLU,837
8q1VGptW_oA,720
8-P-sAYBT-Q,792
8pAvJF6ukmo,1
8P_-pE5PSoQ,547
8OpvyE2Hobs,39
8obPm-Zkj_M,147
8o2yaqECGc0,122
8NoLdPm7Al8,399
8NgKZ9fEoVA,48
8mrlP6Eaxp8,86
8-mloCL49vs,10640
8MeBSUxfauQ,55
8m4O4xnLeoY,552
8KW7DDfXx9U,127
8ktvlMD-O8M,195
8kQDAbE7Gx8,208
8k8jYlml_Ik,45
8JxvP4bzvFA,16
8JrkJjNKIs0,30
8jPSmOpuq94,32
8jgLFvWWFDQ,777
8JfMdhrbehY,13314
8IuEZ5l7VwQ,691
8IKbTHOeBCU,71
8IdJCVD6ze4,81
8hYTPl7MkiA,2676
8h--kFui1JA,141330
8HgybmaEvFQ,169
8g-VjqONplA,5690
8gPUNOhsp5M,38
8g25pr9jrnQ,204
8fbyfDbi-MI,500526
8ExgCZZF5c8,661
8ErpN1_XFYA,43
8EkIKtHQz5Q,939
8Eio2RK2rh8,333
8DY-JJASYcA,66
8dWaDiMvY7s,21
8diVDS4qW6I,367
8DFpsC7VrpI,676
8-cYttwsTz0,248
8cxfxujQI2s,1459
8cQGzbu98HU,1645
8ClKOv48UBo,225
8Cgy39KP3N0,714
8BXdwl6ATG4,60
8bNu6Ktj858,15933
8BDmhTh3c-g,187
8b6dUkeQQMg,125
8b--4r5-jIw,656
8ApKpqgZDbs,7
8AB2Uu3Dq0s,2
89BLQbz2Qf8,12
88ZuNZDZEvw,1939
88K-Ah1DUp0,8
88-AWKZzH7I,7102
883Omd2YqXE,3127
86ysRAffCpI,19729
86sFN_2kw5k,85866
85O9M2EFTkE,26
85NrYd3m8BM,0
84XbqptJD9k,583
84Lj5v6HrOA,1379
84LAkIevfZk,160
80aUCMFohCE,423
8_cw0qT6Ybo,2074
8_942GMxf98,285
7zccrlD3M9M,41
7Z7xbelZI_Y,5082
7xkPdmPjplY,719
7XBuexwNyUA,456
7x-1n4cqG7U,80
7x0S_ob3h7E,197
7wNy9QrY4t8,463
7UoP9ABJXGE,5580
7tm6bhXE5mQ,2968
7snvaAmSHo8,1917
7SAisWFutbw,2283
7RVCdNdUjgo,278
7QXssPVCCT0,57
7qriHqE3XHU,2
7P-PNa0bxQg,889
7PmUtmfTmbg,20169
7PB64c237QM,95
7oSwWJedjbc,314
7OGvlKUtZB4,295
7NzT26s8qZs,19
7ntjq6Co67E,399
7NRl9Dm7Q_0,1000
7nQyBdJVd_I,15
7nAZqPqlz1M,604
7n3pP7-O2Xs,3
7mz9UKbGyzo,1370
7mXL_xcPaA4,339
7mxb-a1xTOU,36
7mpABg0ntV8,140
7m9dAbmtchQ,1046
7LXLlngIjHU,154
7LnZEmi6KXA,4413
7KolfbvdcLI,9120
7K8L0SaD-dg,2333
7J3LhLvKGrc,8875
7IS-wPfdIG8,25286
7IfFxocc3kY,1303
7iemlWX_wI0,2039
7I_U476cTbA,451
7hXLTrQmoEY,13234
7hWcnKVEGn4,20
7HRJaUxUQxA,4073
7HGCE6-LMBg,10155
7gg_6jxlpDc,280
7fxWWpvv6Q4,46
7fuGvyYZ9wk,105
7fgZD42pGDo,1203
7fEhif3PsXI,492
7F8nk8Wp8WI,2
7EjKQdW8yFw,14
7EByMB51EpE,19
7DTpFz8QJoM,782
7DOk1KMtd9M,1223
7DbslbKsQSk,11123
7ClIWeGAWWw,69
7bH51yHAeh8,4
7BffChqYEPo,174
7bCHs672sAw,6
7BakcCZemXs,68
7aRxsmfBDI0,2200
7a8jBxovU70,686
7A7MbP-MQRU,38
78SzvIF5qa4,4
7-8EmrquzVA,18
789NKyQHFh8,629
76hhB7cnnME,4
75mvPqnu9d8,3504
74q7o-l3sxk,126
74pX6-3u7uE,1593
73X4It_ziP4,386
73FJ4rfAKL0,394
72GrDE1zeKw,72
727zbzhck_0,100
71X7a8eu73k,8357
71Es-8FfATo,149290
71AFCDqpJFI,106
706aMBYQkME,1040
7_C5v__scfE,115
-7_ATlZ-zMc,22703
6zz0YUY0-QI,114
6ZlnmAWL59I,232
6YSyGkvxSqw,2908
6yr5gT16_k0,155
6YNZlXfW6Ho,239435
6yhVuyE0e08,288
6Xw8i_N5ShU,1242
6xoSKotMHng,7
6XfZzqh1kws,892
6wixAPZKR7s,101
6whjAQ3Q7_s,374
6wGj89GE6aQ,8186
6ULbkqAuo48,1301
6uGQ_ypTw08,58081
6u0_tD2XewM,250
6sqfiBoksqw,3814
6s4Yq_y2BFY,156
6rwuqarFZUc,677
6RlQcWrbPl4,382
6RCoUYexrHg,123
6qLUFxwwErw,783
6QCF8tVqM3I,1535
6QAY0qc0u-4,181
6PuOFUwqoJc,416
6phhyKQQDVw,142
6PcDPCUUeb4,12
6OkByoPMOo8,47
6OJ-ZzimP0s,2826
6OJTr6CeXk4,12
6O2Pg987mQk,8
6Nxk2zldFbQ,7
6nuiH-gzmIM,4142
6nSUQb8YGaY,104
6NlPMPYWzDg,0
6nc2adIb51E,4
6mYFtDLKVEw,96
6mkLWGy6Y3k,1799
6kVkfbK3ELU,44
6kUCDT6tG-Y,3
6kf-DGnGv7g,24
6KdANAT63Wo,29
6Ja8DHXByqk,225
6ijnv-jNhUA,2387
6ia8dZnUh-M,11437
6HTggNxOGWw,630
-6Hs7ayaSaw,5
6h7psEH0AGk,86
6G7V4w9bqJY,17848
6FYXWS2AFcM,2486
6frT5wN6f5o,48
6eF59X5auFo,316
6eBLMDVkcxo,137
6EBCzYq9DSQ,915
6dfFf3Je6ys,50
6D86fOl58iE,16
6BF7IWpaZoU,9612
6Bbvl_MjSHY,73
6BAQtrbK6d0,102
6b5DBQeh1cU,123
6b_niiD-xiY,3
6aBMlZFu-BY,26
6a2bHgANVro,1397
69Akkon2ciQ,93
68PyBpxcpWA,42
675huVVM_10,1567
66VxjEgCS3E,276
65XTRkeCOTg,1093
623Z3GC2Mmo,1443
61SE5nVL82o,2
61pkitfytRs,39
6_Qnc_P1xMQ,5860
5Z2p6Vo3S-E,111
5YVoiSpnXJU,98
5YP8oadAWpA,6
5YgluF8VTWg,29387
5y3nN0mD8_4,28
5Xto50rT_DI,1
5XqmMwjnnTU,20
5XLkPLmKrL0,53
5xBS6LxsIQw,29
5x9w49y6mz0,395
5wX9vrxUJ78,119
5wpI_Xojat8,6
5wKh99xBLgw,704
5WeGNZgmIxA,6211
5w30XgACSAg,914
5w_XWFajGvI,1068
5VGxDEh3F0g,1578
5VEvuGLguvM,35
5vC_N5bD1Q0,6
5UwjIy5bDCM,13
5TkalDZ7mtI,7
5t9fbH7yVOQ,2
5sYoZZEFNYA,286
5SmAinYwkOA,474
5SKHxWlg9Cc,1593
5SCJ21Gqb3o,434
5RuR-ms6Y5I,310
5rOL5O7YFQI,519
5r7bIXuGrlw,21
5qPrZ-6ZChg,2048
5qmXGQh-oUM,1520
5QjqbJWNQZ8,19
5PR3Hn6cQ60,14425
5POae63-8cQ,9
5p-MHALEVTY,78
5P06IBig80c,16
5OwRMmVsUHU,9
5orrZxSjLQA,10151
5nun8qvVWc8,419
5nD_gNcSCrw,572
5NaAwSpswJE,10239
5MJpurZ9ShI,1162
5MjIk6reuqE,515
5m8W9Qnq5mI,281
5lXEfKf_MAE,460
5l3In3mfnAw,7
5l_D9c6i8DM,310
5JYqTSSH6IA,1725
5JxqSNpB6-4,54
5Jk13pu7zKs,283
5jBhmiq9ZlE,105
5iPGis0k2Yo,94
5IMGDaqgfzc,15
5HwvcV4UFbQ,577
5hNMaaM7Log,4171
5GHXEGz3PJg,66727
5g8fE_o1ASc,156
5g2UZr5RGgg,14303
5F0UeG-Lsxo,180
5eZvAKJy6BU,2174
5Ey1v8L_pEc,70
5ek2W8hUvGw,9208
5egJEwwIcuk,0
5eCj9StLVPQ,1309
5DpvCOebmo4,2426
-5chTN98WN0,5
5BZKBchoZ30,498
5BkRoshQKpc,84
5b1qspICid0,191
5auYwaVOmj4,92
5asNqv1u0oI,2361
5aEtCkWJ2Gg,9
59xJ2qxKe8o,1584
59Wqsj0lQ84,113
57nZ7LaVAH0,9949
56XbwQ59GbA,1848
56ewGBKdQ0Y,1905
5-68CTpYtIs,11
55oRa7u3dGo,213
55aZh6pOHGM,30
53MMklb-sUQ,412
532MxrRNJcM,9391
51skKoJIKMw,302
51r5VLj73pM,20
51NsxPMXaqk,308
5_NtyA1SiPw,2765
4Yy-0M8BzbQ,117
4YHhMz4QASs,2846
4-y_QUlaCJY,60
4xS0QZsCb9w,23
4XF0FSWqZcM,54
4X1Jqx6HaQs,35
4wJwHLWDHUw,3023
4wAu7KaMYPg,2976
4vY_HsPmIX4,52
4vm8HBJX8dk,3
4UO9E3Tb1Qc,273
4txf50mqhMg,92
4swif8r4z3Q,747
4SMMf-nvg7U,3373
4SGbmahrw3M,266
4R4YL5f9U80,73
4QRHef34UiU,4
4QAkdymQb5c,1205
4Q38euqDJaA,2524
-4pwKFtdKgI,238
4pGqb5qJB8s,694
4PAAaFNEIXA,38
4P0Tcp4uXdk,4551
4OuQxk5-jNY,343
4okp6jgPwQ0,9
4OA_2x5FNfU,4569
4nq0tT_SAD0,14562
4msQW6OUPmQ,1196
4MG35bk8bbs,955
4LqZdkkBDas,11575
4k9bXpi1tU4,35289
4K8A3WJnYkI,80
4juJXyLX510,68792
4i6ZNrGmjcA,119
4HX6R88QZB0,102952
4HWCZDUQAMM,303
4hQRFSp7m8I,23
4-h7AMClI0g,1092
4GcU9LjuVOo,357
4eZxvnmnrvk,3644
4e95xV2cMhE,14
4D0gImMi02Q,34
4ciwpi-8f84,547
4cfoKV343ew,964
4-C4fGNVhwg,1528
4Bwbt3nCXqk,0
4BQ-JqoTTBY,586
4Bq93YdgI60,44
4BHBcsj7mKU,452
4atZDLKlHJw,116
4aaDc_mJ_5M,82
49W8bOJUGVQ,1489
47kbnGyZrEc,133
476ji-mhUhg,1487
46rOzctIXX8,7
46QCjuzqp7M,29
45WAhpRs5Yo,468
45tSUnisIos,612
45GaTIIdL7A,710
42ZE4DCJkEo,15595
42q_QzozuuI,227
42o0tcaoCao,205
42FRgdjveGU,15152
41ThRwO1mDQ,71
41QTrSsLuok,2698
4_MftEvuQTc,820
4_jkeWgtZ18,6148
3zwrW4r-bY4,191
3ZnMxabk510,46
-3ZdI0JAq2I,134
3Z8sA8VUnRk,5860
3z3OlgndskI,24
3YWONOIRNg0,3658
3YWgrIcp4qQ,102
3YMQxmNWVkI,30
3ymJlfxU_dc,9609
3xphwBeQ4cQ,95
3Xn_zts3HPM,343
3xlqv0LLacQ,23
3WrupYPNFkU,99
3WmYvvEYZvg,4
-3WlpoJuII8,19
3WlhLmh7uiQ,11870
3WBXSUUTODU,157
3VQPKe4w_O0,115
3UZQoZx-0SA,5
3uRSDw6sawI,60
3uLXSGTECJc,1998
3TZriA5EGKU,20
3TsZfNzzxIM,18163
3TIOqgFOq0A,309
3TCcDE4fi4Y,102747
3t7o0mHRt2A,120
3SqtO2VXsPI,240
3sj9qbCQ3l0,17
3sdhucgzWio,16
3RKsPYaBDs0,35754
3rK4GKlJm60,395
3R-E2U5Orf4,6307
3rApMBPh15M,2195
3QU2Vvj9st8,1687
3QMKdZ1D_4U,418
3qB0fwCwvX0,223
3pg9pUSIKtM,889
3owpHUbyvzc,368
3oWBH6QEySg,74
3OrLH2A1_YE,1777
3oMNoTubmNA,90
3o4MDP3563A,449
3nPEkZv0-OU,14239
3nKPXqiTy9k,106
3N3c3ZX6hoM,124740
3myUT-yR7cM,15
3MU9h5wCLSI,664
3mDDtCSC7fU,140456
3lIwWs1dkdA,11109
3LfBvHsNB3M,172
3KZx37lcSfE,385
3kvjACTjN_U,378
3JSh0hGA3_8,22
3hurQUvEHac,42
3hd6UJk4yHQ,6
-3h4Xt9No9o,3053
3gZQOJxptyc,276
3gsw36ZryqM,53
3g5O-kT9m8k,12008
3fPbWYWZ8gQ,0
3eY394uqk9Q,13632
3ESzGBifAAc,127
3ESqmVFVC1Q,37
3dO497VdkSc,199
3dkR3quv0Og,2
3dckH70S_o4,180
3d25EBfiNns,21
3CdpaeAE9p8,290
3byMRDQKnzM,70
3bVJ_Wf2RcE,3
3buv_2PfMa4,461
3bLa6M2jY9E,171
3BdpPCcI91g,58
-3b2Fov6iQY,49
3b24Q8Bz7b4,4057
3aSIX8SZo-I,158
3aMMshj-nJs,382
3AjHvtUhTxs,7598
3aFxvR-EVxA,59
3acymP-ZY0Q,88
3A5BJj78QA8,1
39y1BFi_iA4,200
38wsRavv4ns,11173
38ScUpuO7v0,17687
38dVWh53jXY,349
37StRy0LEbI,4572
37R2_bvJjGM,7017
37ONBy2ovz0,3
36tggrpRoTI,487075
36PDeN9NRZ0,188
35YAia_IJ3s,524
35hJIfpMAco,31
35C_2GQtyws,240
34VkCQHhdUE,2165
34fHgqmuzM0,89
34cHO5_LX9g,14530
348Fi-Iy2LY,9
348CAkrGy34,32
32mT4S2viGo,231
32_kC-EioI0,4008
31OMf1H5Rk0,652052
30HOemteiKQ,738
3_dnepWDMPI,1447
2ZKyMkoO7ko,1803
2zC5AL7KJM8,177
2YWyTROT7Ks,7
2YLOoph7TTY,54
2YhMqPuNnCM,54
2Yfi8XxI6fw,2707
2xWfck5Eieo,4154
2XVJ-qVWw6I,184
2XQPTtTv_O4,1204
2wL2NeyR7_s,15
-2w_b3FfYjo,8
2VxpRal7wJE,282
2vxDqHrXLzs,683
2vPw8QbzFTo,4072
2Vp0J_nH41c,618
2uRl5hbMhRY,2
2UfZ8ThANiY,215
2-tzlBFotjA,106612
2tY1WuFbHq8,175
2SN78FcSjPQ,31454
2Sk3C2Glo88,276
2sH9C2v7cg8,210
2sDc5o3CvB8,37
2s8daB8QFag,821
2RpuGq1I_tU,105
2qtTbMNAjUk,749
2qMfchgUquQ,84
2PH7dK6SLC8,23130
2ONaKQxDMrk,116
2OH4X_lUK6c,19
2-NZPmF50MU,88
2Nc21UFMizo,0
2mxMntQ12u8,515
2MCHo2uK_vw,31
2LpiH6q1rIo,128
2-kOXRL8pw4,322
2KBvSXOc0rM,86
2KAD-wTKxn4,11
2k2yDzuA04o,276
2jSWMme12ik,10443
2Jm2BXpgQHg,287
2jaA51GAX8I,127
2IZDD3qepNw,19
2isb4DfBg-g,6068
2in8XqiElwc,87576
2ImJCzGhAbQ,1019
2IhCbkaaQ-Q,107
2I9ZuOfnHCY,3285
2hvQw_B2PTI,67
2HpSqRPffZ8,2104
2HjRnr3AfFo,89
2GxGLeJW0TA,106
2GhCUd6SQdg,1162
2GFdpi253X4,1376
-2g4CBUTP5A,107
2FJXOXSLc3k,242
2Fdx4TcQFe8,475
2eZCxhEpFaM,59
2ETDtXHwBDk,100
2ee7GuzsV8E,75
2-e3RYWr758,632
2byW16U3tmM,2915
2awTgK-tCvI,2105
2AQw7OrDAMw,291
2aqAuDdQT7c,152
2aPpq_GZ6GQ,243
2aONmsu0GNo,247
2AdC21CNuBI,242
2A_Y2qMEZgo,2680
2954-SBCixQ,251
28UB5KzkvGk,484
27HWkL0sttY,60
279eLoYFGpA,1526
26FVpbzIAWY,10
25ofVzUkvPI,6
25Jrs5ciPEY,10
25ESu44R7Mw,2330
24uZR7C4eF8,6
23XuookSfX8,0
23ILq4uxd-w,1371
21vu6qj7gTQ,284
21gbLE2USJ0,774
20DPgRoyQn0,63279
20bpjtCbCz0,70592
202bce4x94Y,1351
2_Jvmt0vU4s,4543
1YyxbNWN9vU,47
1ys2_kcWlVk,49
1YO2j_VYuHs,4
1yNWIkDRr4U,30
1YnF0TBJ4wE,32
1YlDlzlTHZ4,541
1ykJaIhCIWg,188
1Y1kJpHBn50,1588
1xvyVnkcgtE,4695
1xvN1ZgBw5Q,602
1XKSo2mFC6c,98167
1WLIm4XLPAE,1130
1wIzSOhjioo,355
1w3TvKhscIc,57
1w2jGTQ1eEE,44
1VWC5rlhr04,37
1VnY6QILpKo,242
1v7kTzF2Ci0,10
1uSj-rxJtu0,37
1Ui_nkYR7Y0,243
1U9T8mqW8Zs,179
1u5WHgvhqhc,251
1u3xP7ovVag,5
1U1u5aKU3AY,901
1tvLIhEaEKo,498
1tMjeT44JAg,123
1RZYOeQeIXE,694
1rTg3Jl2qRs,5
1qxksXmFHOw,46
1qsRU7C_Gp0,71533
1purAy2MsOc,11477
1P2Ihk16s_I,3145
1OOxSx5QZV0,1408
1obPlj-lna4,316
1oAi0hoJ_28,3790
1Nu_oGucpDI,22967
1NM5Tb_KOYc,77
1ndx3Hl-7ls,4123
1mzYelCS440,0
1Ms4koDDQ6k,0
1m39Ry7mgyo,107
1LXXqw6AIac,195
1lXLGwe_DUU,117
1LvWkMIG-aM,163
1lD9Y8HR1cs,457
1L8mTXxK-fc,477
1L6IVILEdps,22
1KofiHFsBQk,574
1kllbOrLfoo,1008
1KiBhy7Sex0,1982
1kHwMPKjDe0,2093
1khfKEd8018,3232
1kacM0K8DOg,112
1JKGD3PpnMY,19
1izunMw5G6o,7
1IQQGxQI4oc,14
1Ia5RR1uzLQ,13
1hTLGlgZ4Z8,797
1hRj1f_Yvrc,1
1h7KV2sjUWY,4355
1gIBGIcBr28,412
1G4XAByqwdc,38
1Fr2qZGbVjQ,402
1Fef3xaP5Gg,10
1FBDbOl59jA,1265
1emyPmar0Yo,151
1eIIUj7-wII,712
1E7kYV7KDdc,197
1dUPvyhYWGk,13
1DtICsfIJpM,9
1DRJKRbuqDY,64
1CR0QmCaMTs,810
1ce456Nnkt8,39651
1BThwqZtHSk,1408
1bRJDOzTv48,224
1BQbOG9-L4w,15
1B9dseIslCU,66
19ZgFyAiJLo,351
18tgsQEj_Jk,2857
18fxVZI3pd4,489
188yfjWBsKM,92
173wA_UzXek,22
15JHOKXGsFw,30
1534GZXeszY,11285
14wNmoAqPyc,86
13rz0dWZMDs,91
137EH-5jNLI,6675
126Qz0RmFiA,288
103bx_Waacc,63
1_CarLAuBiU,418
0zZ0Y_UZRBw,37085
0YyNLjWjJ_c,23
0y5ptWIDxhw,75
0XROvoPCDNc,1178
0XJQ0o36wkA,45076
0w6rnlRpwvI,262
0VlfItmdxmw,6045
0vCxtscHS8k,37
0uukwNVEwJk,56
0upRoDOG0Cs,14
0ukQpPD0P7Q,852
0uEEklVBlxc,3364
0u0ZHOylEB4,24
0TuYag60_-8,23
0TTOXLtSCc4,90
0tID4qgmils,4154
0SHo9NSpobk,17
-0QvjiG4sYM,1016
0QHzX76Cn9A,22
0qbuZJYTrT8,111
0-O_D-U4YbY,200
0ndumZPtVw8,354
0N6mxM25ZN0,104
0MV7d1_nC88,28
0lVPq2OK12A,271
0LSQepixQ4Y,94
0lr497GhD04,8687
0l35jAGQPOI,143067
0KrFWsvWCS0,0
0JqXITEsMy8,5039
0jKeBSD6qug,4
0JcNT6jYGwI,3669
0JB4jTSFwdc,7
0J5o-gCzlZw,207
0j_zv3xU1Og,16
0iZCPwrMefw,63
0iOPz4XqVsA,0
0IFHXWrSddk,2
0IDhbweLO2k,741
0IbvQB1F28U,12592
0HqLk_ZbHmI,2376
0hmhBU1Zmlw,1283
0hdnQ8EXdEs,18012
0h9WjwuKiJ8,3195
0GGbHtKmobQ,27
0FyAxoFAJbM,158
0Fu-SwnuOqk,483
0fokKxplkw8,48
0fepqIO57f8,3555
0Fb_1pubf5Q,131
0EVKQ6eTRIY,23
0euwv8NR5Bk,1020
0e7TcOFfGKs,1667
0Ciy2I4L1IA,38
0bCq0AwXSkA,94
0aWESl0HGHs,128
0ajDznH1jdE,612
0a1mRBQnTJI,8
09FaAy42iMI,2878
094ndbmijKg,1361
08zf-l3qsdw,22
08Glvoo7SvU,112
07w3u8iLa-s,12027
06CMDDA4l8E,134932
04J6WZhlNWc,199
04aPsalAZQI,755
03oexjRgfho,3
02HnkH92b6k,90
01FGmk6VCMw,406
00pLcnkx7Eg,221
0_Ay0zBns1w,520
0_6JGVdbUCg,8
_zCDvOsdL9Q,67271
_YTG9vTkhGs,29
_YMhPTejspQ,2813
_yf4la-ddmc,1798
_YCEqYyRKqw,564
_Ybm_ZNLu0w,9246
_Y1BS_tY7TA,1683
_XYIqbLWVo4,1792
_xPlm6ZEIDY,121
_xkJvHy2MSk,70
_wNZbgBPz1Q,35312
_w2b9CMKGbw,61
_VUQQ6aeTgw,351
_VKn-jZNUEM,18
_uyIp5C1N5M,95
_UDwKkBxSC8,16
_u9jjcbgMpk,68
_tJgT1IHGOw,152
_sMIQ-LCMsA,182
_sLxAHAvcks,14702
_rtJpPwsiUg,318
_rPgJ_CgiZM,755
_rLzmgZ61ok,33
_Rj2KEuOAbo,771
_qEaDZJAYWk,3257
_pP_C7HEy3g,2833
_PgWto3hJhE,254
_PgMjA4x3rE,12000
_OkhHUXWNJA,2829
_OC-rIHi1YM,8
_nXY9NZfSMs,277
_NWs7ntMRBA,19284
_Ng7XrIFaqk,497
_ng0uIVyAPo,12159
_N2tsJ8p-Mg,109
_lhibYD39Gs,314
_kwsw07w8lU,9069
_kU7IMlvg8c,116
_KRN6cxGZvs,4008
_KkGRT_4its,1114
_kbgrXxbP9U,1347
_JzUfacvbtI,129
_ji5z9NRLQE,335
_j7z_oPTvJM,1745
_j0tK9LQzZ4,38
_iRBspjg2pw,4959
_Ic1Jo71CRc,477
_hrzEzUAGBc,73
_hexaR2X1b0,6
_H3OHSoNQUI,573
_fObMfQnDIM,318
_fEx1_2iJk4,508
_ezMSaHr56I,167
_E0eli9kcFg,2194
_DKPFIYbexw,129
_Cn0RG9xdxs,8
_CcqjgSo93E,5058
_caOKmnb60Q,8
_caLZ8DfV6s,319
_C14eXiZQWo,284
_BxMmAco3Yo,7
_BQpnTK4tzQ,11
_B8bNVPney0,155
_AghmSP95nI,434
_9gY8ovPyDM,9
_7z85ipjSwA,107408
_72EFFvDbSA,38
_5orhzrRL3E,2
_3PRT0msJg8,90
_2YeWEhN1Ts,5589
_2GJHX1iC6g,167
_1LdMWlNYS4,9381
_-1A-Cdq6jY,42
_04DX5zOydI,4414
