video_id,SUM(likes)
zzVFyVNgtsc,7143
ZzStPviPY90,59483
ZZoF-ZHERTY,1299
zZb4egM02RI,113
zZ9cPmJ_v4w,667928
ZZ6ZhLQJ9tk,30028
zz2vrPorALM,11897
zY8BXo688Gc,524
ZY1BFv8qEeM,3760
zy_df28N7WE,42677
zXXxZmwpPnc,9319
zxwfDlhJIpw,4639276
zXQkZFTXT0I,23845
zX9fw8z1lr8,23517
zWxZmLxBd2k,1457
zWwcUXx5jOU,53
ZWvYYkbgj4k,236
ZWrkOm98VWY,13304
Zwmri1KqBLA,4538
ZWHCG4Q-kL4,18346
zWenJ272G1A,1333
ZweA4WKNBTQ,1781
Zw3tdbnK0d0,456
ZVRtKPbZoww,4678
ZVM_V18Tz1s,12176
ZvKS6Gxx5sE,2138
zvFQWPEuNJA,41421
zVEnDaoVZr4,327
Zv7mc3TygO4,6231370
ZUV53Nn3PhA,37813
z-uUOFG59XA,19581
ZUSPD9zOyJs,2774206
ZUs4JxQJAv0,22023
ZUmof5JNCVI,18387
ZuiutGVyN_k,15374
zuGhEnkK3W4,6869
zuFbluehZas,2289
zu9qSzGLU_Q,295
Zu8_7P0DJg0,29027
ZTvWnLhUdD0,2386
ZTQi1Wxz-sU,3778
ZTPzw_-XqgY,11543
zTJsOjFbkuY,16901
ZTFTngOG2bg,174618
Ztel4Tuq_Gc,77522
zTB-wzW54uE,52
Zt8aq-TOk8I,1026
ZT0CCaKDxjg,1145639
ZsptW6Yllyc,18275
zsNUE5lLuOc,83474
zSCCVLkoLDo,1424
zrUl5WgyquY,13089
zrHecEkbcDs,8048
ZR47jsUqUzo,655904
ZQ-YX-5bAs0,174348
ZqVLeJD8qJI,14058
ZpyXA_-nK0I,1897
ZpQ4Xl_v2LY,7487
z-PnNfgIpgg,22515
ZOyY4394fjo,8152
zOrhGrrY6Ps,246
zoPh4FowdAc,61
z-OfSrA7-QY,28455
Zo9rgbn0SMs,622509
znz5h9-s764,17554
ZnvGy6pcGxs,24600
ZNsvGhLM42c,4692
zNqUptqx3bY,56674
zN0r2Yn-UvQ,10165
ZmPpYKwhewQ,1272
ZmD9RkCJgDI,33290
ZLuf8cIAUyA,17250
ZKxW5-HFcv4,480
zkWs4FyokTM,1397
ZKw1m2yr6Wk,72284
zKUtYpUsjjg,9926
ZKTRV4Gq70o,22870
ZKo50h9bJEw,200
zKMtceLC3dc,1733
zKM_EqqJOYc,373
ZKD5f6yaoiQ,10144
ZJs7DoAVQbk,1547
ZJ-aGc4hIqg,8540
ZITBtrVQ-uw,191
ZIRVA_o1Q3k,1196
zipJK1Werks,105
zIkbHeQx3kI,1744
zhousYMIpYY,13168
ZHnSPxiOt2E,12320
zhIg2ou0W_M,5855
ZhEz1cvC1rc,1206287
ZHBYGpAlNog,804708
zH5v0rJeAYY,6077
zgmTj5rPy5w,9067
zGiD886UkBE,12702
ZGFbwB0A_8I,45473
zg4Xg7_u3sE,17745
Zg_IUJwgvTE,2175
ZfUyn42jeqk,80259
zfuiv0GS2yw,7678
zFGDD_Iv2kQ,2920
zFFV2Gr8LYo,25289
ZFePlZ0de98,135
zfeN12n3fxk,670215
ZExPIqL8goI,3573
zetsrXQDlOo,13651
ZesdOBb8b7Q,242
zeP9SVp2ui0,6762
ZEkImgh--PE,8685009
zei8TK7bhU8,2859
ZEDNXm-oGCg,70594
zE8YrZPrf4U,6711
Ze79TNTf-Dk,2996
zdyU4TKSMus,8473
ZdLfErCdykY,1648
ZddIRXUIiFs,1879
ZD8Lj8SfvAI,86051
zD3FfY7HJ8s,4547
zcg58MB04GI,35775
ZCEgDAYzyRw,1022856
zcEE8J2Bqa8,304171
z-bXxHMbi1Q,20173
Zbw9d9avy6Q,153237
ZBJqnZy4qks,32588
ZBiYn0l47XQ,20313
zb_lcTj81AQ,22743
ZATa3PgnyYI,10575
zAL96HHV5to,703
zAbsICypApU,3803
za0qXbofvc0,195918
z9ZGgJ4EjPk,174
z9rzlLXjzPs,7657
z9dyFBQl9Oc,1089
z8ynZbOPPGo,525737
z8bWdO9O1KI,119
z6RzpMajwC4,98887
z6lgH0paRvI,219
Z6jagREDl7k,11199
z6A2LHGx8_A,563858
z5DZcK8bkhA,23799
Z5B_uu9BH44,136
z3SQYfO0PC0,49
z3i5B53LAo8,14307
z3dde74JoOw,1780
Z32UcJG7JNk,1909
Z2qDe0n_XBM,41393
Z2qCAESvvKc,0
z2mXRtgLFHY,3268
z2INxVZzUb4,2675
z2FyAvKZ2Zc,6543
z23zFQnaBHg,21122
Z0z3VxZX6js,22035
Z0IMCK81Ffg,1428
z0DEnq9MGZY,56469
z08WBje5-G8,1364
Z_T5FAZjMEI,33457
z_M_2yBf824,42423
z_g7JHlVqMs,104668
yZUULyCqpM4,4211
yZsP86SFwSA,718
Yz-nc9JCZqg,545
YZFmM4uACZs,123
Yz_VzJ4_OOo,50560
YyWQyvGK32s,753
YywJykbEllU,641232
yyvm8-r-LXY,11926
yYMafWOKdxw,75254
YYimlrucN4s,7053
YYIlweA54GE,113
YXiHNcJXGUo,2400
yX5Euau_cAQ,177
ywVswK6jjjY,87
YwurW_xEOtQ,18
YwTKw76_wPc,3807
yWJkC-ycLUM,7791
YWhj5xe9rr0,816
YwE7Jlo-_iY,3429
YW4GutWsDpg,53972
Yw1YElm1ZeQ,6886
yVY7yBl6UEA,1198
YvTwcX5G8NU,1082
YVqBsBijp5o,1132
yVJtCkKYD3k,20691
YvjhDjUbFyU,126397
yv8-LNajsNQ,125752
YUWq_aBiE_s,141564
yUTzmkHAMp8,5643
YuousNckevI,581
YUKUJ544cG0,3532
yuDGcDygadM,7684
YuCT2r5ALA0,455
yUA9u0vpcx8,108
ytwq9M1Mq8E,286993
YtcBorVkWFk,7759
yTaKCv2ctEU,386
yt4dgXqv7AI,152
ystnJR6XU40,941
ySkGRS1Upyo,71455
YSKF1Ka-qIc,159490
YS6LmEFLhU0,10525
yrPvX1qP7BM,15525
YRcxUFxmU1k,2989
Yrb1dPbaeJw,2826
Y-R3QdTGeLg,4792
yR0EaFyoUSI,270
yQyj7CAGmA0,5972
yPUjtxbbowc,6116
YpU0y6TMGSU,199431
YpTJXflann8,21469
YpphKzmDiJM,22907
yP5wBzf46mI,1738
YP18Zg9OzN4,288407
YOqmEdoIf7w,5577
yoJBr4iOY3Q,41608
yOHtg7u-sAc,3512
YoEdgiT9rTU,785635
yO9snUMvRuU,2641328
Yo8BnaR4xXY,1362
yO0v_JqxFmQ,9207
Yo0RvZZz_ds,428109
YNrrVzdaZ1s,122
ynNdF2L8rp4,590
ynh63MF7-1g,5547
ymzhTiAMeWo,1079
yMxJ7ZCd5eg,2623
yMxFdLEnl40,25778
ymQAkH7B43Q,98014
YLWXjD30SaI,12640
ylo5lQNN_4g,2205
yLLA7xV0xqM,42
Ylfd1SZnoUA,27191
ykzxD3sHaoc,0
YksEs2X1p5o,791
yko-YmuDm7E,8076
YKkp4jZlIfQ,108274
YKISULHWs3k,2037
YKdmbiGuKw4,237689
Y-KArUvOdD8,3663
yjif7HoQCZM,184144
yJFq4HV-MGQ,10823
YjF63t7KFns,950
yjBfVSNhl-Y,214
yIzauqLGULQ,6374
Yiq8YjQC6Rw,642043
y-INHA1k0Z8,1984
YI6Mu4MDJOA,4134
YHYs47eqASw,282
yHIpYDPbOho,64230
YhINec4cH38,14044
YgYkjLwtBME,3148
yGxXUGyG6tw,1608
ygv6qrhNEUY,8982
yGlp6XDmQmk,2054
YgGpPlDWbTg,219
YGE6MBSNHZA,6373
YG32KvBtt90,8950
yFzqP-uGtrU,6751
YFZh96qUGgY,23390
yf1VY1ZiPmI,178275
YEIozlOEg08,14399
yECl6SZnGO4,1563
ye6gt_N7nxE,21027
YdW13DCWCMI,6839
ydRw4zylmbw,7714
yd-Jw_Bpzyw,17924
Y-dJQsFJZM8,857
yDiXQl7grPQ,7137546
yDiAmrGKsyE,172
yDADpXNtEXg,1242
yd6tztK-mto,10368
yCxwmH3psxg,44855
ycTmoIlN9gc,4373
ycS6LjhZHdE,6465
YCLIiHrB6es,657
Yc0Y_TlIqt0,493
YbEos2H8Fww,199
YbdGnEFwC0Q,16956
yBcifGXcBM4,24582
Yb6FFDhojC0,2581
YAxeiSjdzi4,17886
yaUtEtZD8eg,2136
YAPrfEb024Y,2069
YaNA0kOIn1c,4535
YAKx026WMKw,633
Y9Ais-iC66M,108123
Y8qh1yEvFnQ,77
y82iFW1fzpY,2570
y7wXRm3sTBo,992
Y7vCNXMGV5A,914
Y7kWD6HPPDo,1698
y6tXWVqD6r4,267
Y6KIfWMYf1w,12240
Y6HQ0LiU9As,11253
Y5kG6zKtRqA,116
Y5HSR_gUS6E,97391
Y4jDso266mc,56464
Y4bt9wY6Zo0,269
y4a_tk8cn14,2108
Y40jVN8qHYE,73
Y3SIEH08KXc,489
y3SFD9QIoXA,76548
Y3QevFGy7u4,1458
y3in3RdlCGY,7408
Y3Fw-xEFSVA,41635
Y3BA-O0dNH0,2108
Y33PA_mHTHk,632
y2I4sX6ji7c,721
y06RDyNXqbM,5197787
y05LR8KHW5M,55246
xZZStZFIXro,439
XzzQL96yAwE,183744
xzsGcpg5Yms,100841
XZk9iwEcV7E,348
xzHJ2aZR6e4,896172
XzByC_5nK_4,22346
xyVPB4F7iSk,1090
XYQmNB9FMcE,4585
xYJK5wnph0w,2576
XyAM21eOpQM,7409
XY-7RvHaWWI,16081
xy-2h251MxE,12082
XxJ1COauXbQ,2704
Xx1wnRxktPc,13085
xWRffppwE1A,4239
xwkt-a__zZw,333851
xwC9Ctiuje8,856
xVU8nEIsapY,500826
XvpGvVR1D0w,23494
xVGRDPxlS7k,643006
xVg8i92ff_o,96306
xVbbbLMq_M4,4573
xVAhI-vWgvo,18771
xVa1jRRne8Q,72870
XuWHYMDI_UQ,51661
XUwe8LfoyDg,31232
XuJxAaj67q8,143
xU6OqBKQfr8,253
XU69_u7eXa0,78645
XTWXNMOGl08,57119
xTrwT0jSUg0,33186
xTQFTBnaQ_c,144
xTl5WXsxntw,861
XtdVR2_DTNw,100
XT5cvmjIzfA,1874
XSrfg0H7liA,6121
xSqYaWxGc1U,1622
xsI7Dtcp5Rs,434
xsdLXZkforI,13958
xrYD8jazbHI,628
xrt1FUB5i4s,264394
xrMfUeOPWto,742589
xrd5ZcUQEEo,329360
xR8EXsz3wTU,2070
Xr2UE5SQCIU,1105599
Xr2rgT9uEnA,1026824
x-R19oA1m8w,329164
xR16ohPZBq4,1079
XqvDY9u6wn8,241747
Xqrv6skU8Ow,5194
xqLVCuZnhrQ,13539
XQl-r-c7QeY,10547
xqj7XOv9mC8,9375
xptpXSTtgSY,50062
xpK4tK4DenY,6467
XPGuDx6RDlk,4463
XP-Enanb4vU,323
XpdB27CKP6o,270
xPbU8LEK-sY,221
XP09AOI1Sbo,46107
XOw5pEPa3A8,1206
xO5Onm-ERgs,926
Xo3wJWEPJho,878
XNUI8dRdviM,40334
XNqdFxwtuo4,261763
XnKqnoUsl1M,736
xNkLDa3_nnk,624614
XnAE57_944o,697
Xn1L9pvk6sE,18867
XN1e8y_ItJw,61264
xmXMKlLc9Qc,4672
X-MrVZQ0tSU,26599
XMordBAJAas,3026
xMnNQOgeWJ0,12362
XMIc4uTAMh0,15681
Xm9UiMtG1Q4,10474
XlSP9-zxT8A,19220
xLawz89yKP8,1548
XkGTE4WMMko,122192
XjzmHWmW6eA,8026
XJZLDhvZ75w,299
xjxkJmc-fcI,18986
XjpA3mSBhdc,201
xjFZvMFZaBY,16525
XJ3LRqgn7BA,1217
xj2DI-RJon4,82
xIZYxqqpjJQ,68629
XISuk-bqCkc,122297
xIQp3KeDmwU,33240
xiowTm5Tnkg,232
XILug7SKMVM,3794
xihHtHv4jQo,1241
xhyrGhWZZME,949
xHliB3zbdLc,1536
Xh_lMDomkig,55
xGnzflm9Cm4,613
XGM3TX3g3IQ,33295
XgBhN2WHnHg,4576
XG3KzYPxnp8,386
xfwOlwiWggs,359
Xfq-WttsRDk,1796
XfQDgbrZvSw,6219
XfIBGkI5eHM,1131
xffS8n-M0Jg,1719314
xF4VdBmHxJY,45
xf4iv4ic70M,278992
XF4_DvnNeCQ,69483
xeWMCxWJQ-I,7634
XE-TLvYGcoI,3163
X-eRc9PF3TU,101673
Xen6LIywN8A,27862
XekDeXbRSQw,9808
XE2J9bw52RI,171261
xDsMX18qSfE,92905
XdgqqFw57X8,4996
xdGI_JTV9_8,2158
xDc_LoTMEL4,4765
xda5VESj6eM,8319
XD0lxNiZ7mE,285691
xCY9B8POq3A,439060
xclwGLpnbUc,2971
xcGIcsI7g3I,113560
xc9bCfBkZ0A,28593
xC9-30wl1cg,28017
XbNu0Y-62Zg,2978
xBiB4CIq9FE,506588
xB2Ux2Gw57g,42207
xAXh7vSmjRk,23709
XASMbPHl8bY,520
XaKDp3ijSx0,494497
XahosSIg4a4,3528
xaAOiTF-EFY,236294
X9U4hBXox78,80452
X9PumbEyKBM,2456
x9OU0ektHxM,716
x9e_8zRuuO8,90324
x9d6ifFMnc0,1089
X8XQctyv4dY,155437
x8hOuTpzE8o,798
X8fNNCdJvy4,463
x8DZN8f8bDs,17604
X7oHkpVh11c,0
x7HzXlEGaMo,2006
X6mnt4p6Yt8,161
X6L453knWew,1857
x5o9OP9boz0,53586
x4AQvgq1fdk,5458
X43XCZDt_6c,3232
x3zQELlrY6A,531224
x374_Z9P9vU,48491
x2tpb-eX1t0,266
x2l75JEuxcA,13222
x2KAYep8FwI,529456
x24fLYekCGY,751
X206QAHkMrs,151
X1VzzNbfPaM,188723
x1l-HRvwnB4,92986
X1jKI9o4JDw,11354
X0YytGqn7Xs,25211
X-0va7KHiJ0,1105
x0uaEP43I6M,9038
X_juUdYzngc,1919
x_joMJBrT34,1696940
X_9LCZPLhrU,2294
X_8fe8zDtWU,93
x_2VMcH3uJg,4321
WZuerkwFuPs,3308
wZmJonaeWDg,2309
wz8n7C3-1UI,2958
WZ0iTIUN5lU,178234
wZ_hSHMR6Aw,2261
WYz2XvKkDRI,160
wYkpWoBpDqo,4837
wYk2i070I2I,24498
WYfFeh6OqWI,2366
W-YBRFtG_jA,192
wy9JRkTxP4I,82
WXTNngJsBrI,148975
wXqIjmcED0I,174279
WxOPVl3MXAc,912
wXLqyfkZpvM,0
wxe8weq5RtU,94904
wXbsQ0e2awY,62127
wxBB5XjeGpI,13775
WWTD3XduKSY,3876
WwRwTfI8zv4,20187
wwQ-HpqL-mQ,269
wwgjiyXxz1o,6389
WWcONJxujrY,31
wW5-QYmoCgU,98809
wvUNULrsoTg,7411
Wvj3p33uNi4,159
WVHbHzGDs7Q,270658
wvDY67r79MI,2944
wVbjNY7H8lk,3045
Wuxsytdh85g,58312
wULeXeQkqd0,52031
wu5CY5wlmKQ,328
WtPXEAnhYKE,10285
WtOYB2_3EQk,2205
wtItjwLSEU0,1700
Wt2b3VGI-j8,4479
WT0mbNvaT6Y,11794
wT_yPn3LfNA,1152204
wsYx4Jr8d54,21943
wswvNZveNHc,241394
Wsqcudm7lP0,46687
WsOa5zeryMU,0
wR9LmDVDZHQ,3157
wqsu0vtxQWY,6173
WQnOSr7F2Ek,0
WQkV0PTcXNA,983
wQIyyxjA8mk,9053
WQC-8YjPSD0,786
WPZfIKy7LWo,787478
Wpm07-BGJnE,20222633
wOteLmvdQzY,67081
WosJ9fb6Hh0,3071
WO5s0HXcqr8,790758
WO3SVo9FkpM,2288
WnWRaKTkIWo,4501
wNovUNlApko,12432
WnL9XMYo_uM,4839
Wni0G6JMR60,785
WNBGpr7X-s8,946
wNb275Ev8dQ,56235
Wn_wFAzwFKk,279
WmYqDI0HF4I,134680
WmYdrTA1m8E,3396
WmJDpZyVpzs,10679
WMgPEkkgZsg,2790
wm5fj77R8aI,30440
wM0FTIMAu8M,11795
WM_RWCsw5K4,10487
WlU6RRmqrsg,2026
WLqdzozwSVo,9422
Wlj9mVFS_9I,1704
wLgH8oMKz3E,254
wl1Zw7T43TY,1225
WKOQQJvmPnY,503
WKEGJQWx5yY,39449
WjPbuXbFej8,30313
wjj2upnfBI0,2096598
WjeZ4SOI5Qs,6113
wjAgI6Zr04g,216
WJ9lMV8UnSo,27490
WJ0McnuNDmU,11703
WIZ-vjibow4,30042
WIV3xNz8NoM,590636
WIrNRPVpkOQ,10644
wIFlXhEO1UU,17360
WhZxheIcNDc,2506
whz9bafVvFE,722
wHmXwcAOnoM,102425
wh3kU4C_HCA,25634
wgW2z_wXyOA,17010
wGV1Gl18rT0,6108
WgQaoK9OKjw,11239
wGOjfYzw8Vg,266
wGDPML1X5v0,3973
W-FqE81rhqA,14365
wfMan8d5240,2747
WFCanKYtmIU,62997
wfbATXDoX-s,0
wF0T4ipGDdo,18875
WEZEatnrXAE,376
WeX5VO0aXS0,18985
WeujyMmfJvk,2296
wEPxoVe-i9s,43436
wEmetHs9mWI,1069
WemDKlmMAIs,8812
wEKIAHrugZ4,163989
weebcQPRGUE,33273
we5djgQwK9w,2126552
WDnzcWOD4xU,214992
WdNfcn2a1PE,195
wDl6MlgL8PM,259581
Wdgb720PYII,7556
WdFrQjwSSgg,4557
Wd69L0vmaOQ,4141
WCAbXg_4Xq0,584339
wBzlX0ltgOo,59756
WBxwX1myxqc,61682
wbxqYKrYkqo,22654
WbQUT3vNUtE,131433
WbgIREVg2JU,319378
WapBwuNtUzQ,5580909
wamF2KUQKLA,20309
w-af5CT0BNg,4017
WACO9TqZEh0,170891
wA6_Z2X-ut8,20471
wa5eXqjEewE,50173
-W8YzbgV-7I,29833
W86CyDBrDjE,43143
W7Y7Dln8LGE,5824
W7oeROkyPgs,146861
w6ZxTzPDn_k,1481
W6E_Pjayhl8,16125
w6_Gx9Xx6OE,958
W5qRRqp10y0,45958
w4Q7AQkodnw,223
w47K7RqVcf4,2145
W3U9DH_kBNg,15924
W3D-rS-H-kU,397658
w2QTDd1sT1E,810029
W2bov6kY7ko,1233
W1QE7yxiZp0,137314
W1Efx7O7uPA,1904
W16tAWU4hdM,12405
W0RuIZDMBf0,15083
w03JoE3K2pA,230
W-__fOAUomc,992
VZsBRynPXHY,167942
vzOSvIlyoeo,266
VZk9jdU7NSQ,43131
VzaOlaYyCmw,13496
VZ9jScsNtrQ,468
vYXl81Ctwys,1290
vyqCSzFZyXg,782614
vypp5DF-Rvw,4209
VYPoUFKV6BM,0
vyFPQYtL8CM,41
VYFdu7Xo5Uc,8873
VYcxF5mHT40,5963
vYb4_ARPNfo,23241
Vy7NiUfzBTM,1227
vxlXOhEE0r8,181100
vwTPlIGfoIY,75256
vWJI5ck0hDQ,129
vWCvoBw9akA,543
Vw57GN-ALqE,900
vVwaYo-sxrU,5624
vVRKRI1YyKM,1538
vVoEgYAkniI,3603
VviGG5JlvXU,7760
vvEUSUVk2kI,97428
VVCEzCNXLVY,0
vUTI4bPdlgE,21026013
VUrSxS4oihY,120
VuLc8D-e1pA,167
VUJLOlGN1TE,32011
VUiqCH48ztg,604
vUcX6wBPqCQ,12539
VtV4nNeZlO4,10093
Vtq1eQEPxII,284070
VtoG2LTugpA,113797
vtL4d4LHI90,155904
vtDE1zPmzOA,441
VTB_mOAV4IE,1745
vT3FX2paY8k,0
vT_IlY0A4_0,2569
vsup38R_c3g,1240
vSKEcHoouyA,20677
vRYGnP8NdVA,34296
vrniSczvTjQ,4987
vQmHWr9fS80,4773
VqlHBjX5deM,90829
vqL4HWSsdrE,65625
VqgbfZQ-hCE,545
vpZqM6fThdU,9170
VPu7ngulnhM,20940
vpTrUNTUjnU,91115
vpolH70lJy0,5753
vPj0qzPiMhA,6223
vP9IoJZx3DE,2143
vP0MsZf6nEA,79404
VoYLwjHSQAo,35877
voszpcDJccM,2922
VopB3HnOJQQ,329342
voJaBszuk2Q,4164
vOHPXy3UXJY,117382
voG07pt-KYI,3672172
Vo9EGHNAtww,1829
Vnsy7nc9rG8,287
vnnZ7Hc34Vw,2105
vmw8sauZDos,111
vMQYhSwQZWA,3540
VMmdeMzXKMI,68306
vMJoz3xr4EI,6609
vMHtAVW4ayE,40948
VM-g_bkFdzo,206212
vMDwGkX3mAg,875
vmbjMq4SE8w,4424
Vm5vWpeZ1U4,2379
vlPfQ3Rk3qY,1405
vLO5lMmv3w4,13817
vL4kUEGKlq4,2735
VL_yKtzIADE,4621
vkNyV5QRy-U,512
Vk6hYdH7ug8,2106
Vk2691PlKV4,20783
vjSohj-Iclc,1536435
vjI4Alon-3Q,18630113
vJBUJBS78rs,195
vIxs3A0y47c,41571
viLHYoJSIJs,11992
vijZ__dICG0,4160
ViEZJa1JNjE,55297
vi3md3564pk,11724
vI1jSBrkAuQ,2159
VHWu6JvzrJs,5473
VHuaRxpx4wU,1876
vGJ0-ZiJlYw,6140
vG4qJW4-CH4,7799
VFZJS4mvvLI,1090
vfsnozjzJ9I,233
vFsFp46YiEs,4034
vFKQ7GflRkk,129271
VfbCi_7L7v0,20271
VF4VJ0VgJsI,345
vF3y1_r-mwA,11759
VEpP_HWSvKs,13554
vEpHibZWtgI,3470
VEOCvt1AzC4,2773
veM423POiU8,59570
Vdo1yz6Y8Qc,350342
VDhHa4X9m-Q,195
vD7bmadZb24,30187
vD0ww9hfTpw,4767
VCru0f128ic,14503
vcKPjDUc5EQ,50849
vC-7ccIsBWQ,538
vbJhhhc-DXM,715
VbHZG10ZjmU,93577
vBdw8EpCgQY,86
VbAYGsxN7EA,25599
vbaDqD_eBug,19975
vb97DrNDSfM,383431
vAuO3bHxSpc,2815721
vaHfroquhJU,23598
VAFUK1mR-vs,15276
Va6603ZAWBk,713
v9EUmHHhe5Q,1951
V8nLCDRyHWM,65
v7zEZ481L1U,10508
V7iUoq9PZf8,4706
v7H_Or9Nr5I,2546365
v6yg4ImnYwA,5576555
V6ElE2xs48c,416651
V6C8DUQtD54,752
V6_lJjSUsvk,116
v5wiOmKpQk0,61
v5OTAJg7lk0,98
v4AprNac91E,497
v3fvyCzRqfg,8373
v361JdoODOk,87
V2maVleg9Ik,674
V2J_VLSvUz0,101
v20CtqLLWi8,94
V1sADbhm5xE,85828
v1pN6cj8TuE,11303
V1Pl8CzNzCw,3467286
V1iLAJVFuHk,5390
V1FYKLxQ3vo,554
V0KSEfSgstY,10262
v_f_2oTL5pU,3145
v_B3qkp4nO4,17601
Uzu_E33_TFo,57828
UZHjHBjenO8,9200
uz7L9dbYYP0,517
uz7DycAvLtU,64704
UZ4HGxlY77Y,2318
UZ47aQFp2TQ,127968
Uz_sK7cDpRQ,1850
UyTdQLkIwc4,1827
UypNWebswzI,9390
uyn-3kduoFc,1948
Uy7yJdq1yhg,1648973
Uy5ATBR15yw,118086
uy0bF-PFpFI,7808
uxybmhq7XzQ,258200
UxwiXA2n62c,1772
uxNk_ZE_BYU,150
uXGXtVcNJ3w,133128
uxbQATBAXf8,1124739
UWz4LPyoSw4,64306
UWX5u-g28Q0,30172
UwlWKQJxEmE,5455
UwK6_3az_K0,0
uWfe9AOz7LQ,1172
Uw8X6_79pqU,2224
UvQ0tTS8CTo,19690
uvDZYjtaHRM,20250
uVcvhKTVZ8g,2813923
uUXit_nCIaE,76
UUrddqT9i_s,39198
UUQ5Rr5Uc-A,93
uUFwZDaQjo8,209
UUEZHGJqEBo,4698
UtVHwI7MtLY,5268
utKpjcIYSCI,570
uTIVYTBMGQA,3861
ut6UYwbt6Xk,201395
uT6mKW59CeE,22017
USXoINPEhoA,1482398
UsXI9cvTb7E,206913
usWUNuU2fMI,354
usRWa3UtXNk,32862
usmqrgknKyY,3900
uSjwGbBHyo4,1303
UsGlEV3RLbk,1563
uRP4nAGMYCY,3685341
urkiePoszu4,79129
URfaTuNcHNo,294
uReB2fa7w08,1860
urCZz5eMjF4,18053
UrccwiYC4jk,4525
UqxsMrHxQNc,392
uQxh3pAnqlo,834
uQv9_nn4BMI,195907
UQqOrCs03_0,70575
uqNM0yFREQA,18148
uqLy3XHIg4c,8485
UQkBcHLZOqU,1461343
uqgfy_0co3A,413
UQ4SCka30rU,121640
uQ_WMlkg8sI,1981
uPtF9l30uWE,10535
UpnBeiH-tGE,3805
UPDm0WNYgkw,21481
uP2nrsxruGY,5511
uovntV3ZMDc,2062055
uojKF_A6iCA,224
uOfwFxG0yO8,273693
unY83S0dTkg,5079
uNtY6HpiM4M,360622
UNPqnEtuuiU,9688
uNjE_N08M14,6073
Unj1z4BpduA,116799
UMZWrNbvg6Q,41110
umyepFgih88,471
umHGdOZKO9g,181
Um6jJcA3TT8,0
UM3_ki5rpe4,655
um-1fAVU1OQ,1327451
ulNswX3If6U,12555637
ulCdoCfw-bY,3022345
uKvLdybRStY,1919
UkU9AePyxoI,5546
UKserM-i0_A,1270826
uKpvjqDsTcU,590849
uKmA0nHe4no,146780
ukFSWBMQucg,334
uKezML-ie7M,24226
UKeYtpjPaeA,4612
uK9J2Q-IcuE,275
Uk6DChXHNJA,1259
ujyAtyNYA9o,82
uJtIbVkIcq8,360
UJT2bUUgP3g,4219
uJi4hDIvTo8,31298
UjH73pI3me4,2123
uJ9M_7zSa3s,242377
UIwdCN4dV6w,143731
uiV4xPlZNSU,36
uiub1DnUnkg,20262
UiLHz8aojwc,650
uiJr4I0CqcA,13867
UiCyXpDsk5M,82423
UhiXEgqhBWs,175215
UHEBRruprnI,2678
uH1UApCiqw0,151158
ugZja7V601Y,382
UgOEG-qvwQ4,394
UGkaWBMlPWE,3443
ufynqs_COF4,8986319
ufVoxVjsed0,2551
uFq_2qaQiu0,110
UFpGIi2OjX0,67376
UfKmSfgFxi8,9099881
UewgWtJu8xQ,556
ueUaQWcY-XE,183
uETlOZViR7o,0
UeTBJkRe7Cc,2853
UESWGeB9zxk,2336
UEQOhGf21Zc,13555
uefLpz66eJg,3497
UE2ZlZikJ34,72248
udZU4Q84oPk,36934
UDX-bWm-4fk,5129
UDwDF6xgv7Q,12714
UDt05Slnzpg,936
UDlpZJ8EG8c,16532
UDbdAvmCwls,2039
Ud4P3wBVRX8,150
UcwT0n-hUPk,4199
ucVJrja8r6Q,158994
uCR-puautRA,24740
UcrgbGuuJ88,1097
UCjp9ODREe8,2146
ucJlWcSo18Y,898
uch7rA0U9UM,16601
UCdMwyIy3ks,1183275
UcA4Ij_GbAo,749
Uc8vi0gRQxQ,297
uBYzYji4rmE,1710393
ubyAEacslEI,145547
UbTytC7UUjs,889
Ubq62yjY0zo,296
uBPB3MDL0N8,230
uBIj5aIaqMU,9385
ubGZd2vXaok,1792
uB9vfZmrGF4,58318
UB7UpXVYjVM,5397
Ub3ot5DC_iE,2550
Ub_VUzgDWWE,7235
uAUub6LPKBU,11234
UATF8ycfLD0,16582
uaQ8AXpaITg,414
UAjQtgGJ6Yk,13841
UAHuVEBXel4,2546
u9Mv98Gr5pY,23560374
U9gpcBDMRBA,3390
U9BwWKXjVaI,30131695
u9Bik-gAvpY,18029
u8VkK1ydBvI,112209
u8Oh1L1aN8M,5126
u7wMCqbebLQ,16094
U7oUYkbIXLo,108
U6zPDAhXXHg,349
u6WzSygTyVg,3620
u6P4T0hIv9M,7023
U6lTYH1hIKE,466
u6iIpuIdDXI,14429
U6gF3ZwOfBI,7752
U6fx93-Ewrg,87
u6crRYCisF4,998
u4xzGTlZaxA,4096
u4Hc_XpdTT0,421
U3wVDJTOzqA,18503
u3RUG7T47_I,358
U3hh8bLj_3s,620
U3DHuvf-ltQ,9423
U31cQJLi-mQ,41347
u2Zqj4Nzs1g,1531
U2ZLv2LXKPI,3975
u2yGjSib0W4,531
u2u_zC2jUjU,2543
u2qpVH_4L00,5023
U2dRRqfIJ5w,4673
u2-ACwHEVmQ,79
U1LY9QUW-eE,890
u1d64ubRpos,201
U0z-x5O_Jpw,164416
u0wOV2a-Vvc,1839
u0PR11BKrTI,4138
u0feM_2mLvo,175909
u0BGn2WO0lo,888
U_X51QkSkRw,2212
u_nrjjXlO1M,81736
tZzSyVlAINw,18156
TZXxr6BbACo,22189
TzXLOzBBIuY,290
TzV6VAa8pvg,86
tzOgQCDi8C8,463
Tznw53Dwk8c,3129
TZfEjhZVEng,242
tZBNSsm1RKE,1242
tYvqLuqmF1Q,49477
tyV8IWsNxg8,100865
TYp6yn8mv8Q,10637
tyjVu_IFKMc,150307
TyggME09R5o,2409
TY6O9kl7Sfg,1276
tY3KPlDZbQs,187
TxLuifreo4s,0
t-xIHn9GGjk,249
Tx0fhKJRaeU,2068804
Tx_ukvRq5Bo,23896
TwYvJ91OPjM,13165
tWv-VgRU-KQ,98
twqwhFvUqno,633
twI7nrotVao,150095
twi_5o62cbU,43732
tWDK9rK-f1Q,339560
TwCbmLPTT5U,9196
twBLamW8p_8,190
TwaNYTCK2iA,43527
TWA-g2sOu6A,1685
tVqW5oLLSQY,11
tvNVnpPCGP0,259
tVmPvoor7-o,9517
TvmhS0eMLwY,16425
tvLDLGLB-1U,9995
tvJUFXQBABo,98
tVjMZN75cxY,1112
TVIBm8Sovi0,2424
TuE0DWT_C90,110776
tU1r_wQi_f0,5183
tTxX0Wui25c,908
TtW84O_2898,148
TTpmxbzkVUA,182229
TToAcv2q4sU,13268
ttMYkpL03CE,324745
ttKazCRoxWM,6621
TtEhxYAMbVg,824
tte055a3tHQ,187662
TTax_IIccag,0
TT2riD5yPss,378
tstKpwNCkWM,170150
TSSEvvIXC8Q,1171
TsqkpyyCEbc,400
tSDFfiCq-eA,1361
TRyD_cFtPp4,10920
TRY2eQju5nc,164985
tRT7DMk7qcw,21515
trIECHv2fNE,2833
trBXAINoVno,403
tR2TykDOx2s,219
TR2jy8Odou8,3500
TQuiSNaNTGI,1899
tqPub3p3k5E,256155
TqKxMKbtK3U,258
tQHlOjMGS-M,112306
tqfpAYHCtLE,15693
TQ9fk22YIyM,9921
tQ8Yw8k060s,9095
TQ1O0YdH54M,227957
TPZpsYywLEE,72215
TpS_K7cE794,607
TPk3pdL6QzU,3645
TPDv9hgJ3ZI,71476
tpa4kp4lK60,3555449
TOz2s8hODL4,18311
tOUrqvoECz0,91
ToQloh3us1E,338229
TOQfxlO--WA,63
ToPW2xgXW_0,33558
tOoHvV21zcY,177
ToiV5FXHExM,554
toGyA877V4s,62105
todLKPriz3k,1603
To19gdMiUrE,2372
tnr_yY__nMU,33013
tnoe_lxhmyw,581
TNO7pKZ8JVU,3025
tnnfQPoQhj0,4035
TNJdJ5NyNpg,471
TnDp6AyCIcc,2240
Tn7JdGq53kg,3949
tn0hCTyj2Kc,451775
tMazN5uH49U,202878
tmacgSKZJKI,165
tM1prmlMZuM,295
tM0EJGhIGas,2814
tLxSuFGjdhU,10400
TlWiKwFFFpA,5685
Tlu-_31CWfY,366339
TLS837FaO4Y,372542
tlnGZo_onb0,2156
TlGXrarsTZE,273
Tlgr96mhAGc,3470
TlcNNZlj7-Q,20291
Tl6Fdr88iRA,1245
TKvMuJoNdEI,2866
TKGA7MhxPWc,715043
tJYhq3NXTUQ,835
TJu7hiNz2Fw,127471
TJOQYnumxDM,146713
tJh5o-HPhmo,47504
tjA7nAHOAww,1663083
tj6FC33DRIw,2032
TJ1vSS3a0aY,1505
TIyT_4BttC0,3314
tIYJcjhINqA,424601
tISJDc0d0OY,952
TiIC4Nv-BC0,5843
tiFp799aCeA,139
tiF9SzzzX_o,9820
TIcjwj1W39Y,4345
ti1Sw8w_TGc,153
THzHh3RVsAY,345535
tHmAPWOo2jY,756730
tHd0twRKZ9s,12821
THCVReSmm90,82588
THaqB3S7zKg,35740
Th8rBDgarTM,39307
TH6YbrmiYEY,39895
TGxwDXpQ1CM,191
TGvym1bLi-4,53258
TgN_Qs2Z7KA,1654
tGMk5Y_puFE,73564
TGFv5Ytq6yU,867
TGBv8XE3sco,3064
tG4AUQhCQ2Y,976
TfvmgiVFMKk,1594
tfREC-AkX20,96757
tf-i9VkI5Ng,11547
tf2w-xEWjM8,295
teNUR7w_nZg,97260
tEFoSN_pia8,293
tEE3yKGSUCw,102
TedNF0dyQZ4,1168
TeArBlbN2QY,103
te9ZYLuYEC8,81050
te7-G2ybP0c,46593
TE3tEl9S27U,3799
TdZ1OCitz7M,2270
TdKAwPP3s1Q,21176
tdbTYuHqokw,389
Td0w8lojb_g,9026
tcWtdT9ZkQ0,191804
tcgNXuicVNw,4366
TCgIGYZnOpo,629
TcfSTBh_sms,3521
TcfgANouMj0,2730
tccBPKjZXrs,11339
tC4ZDtsi7OQ,2274
tc2toBiJ2Pw,109836
Tbz7Y5-qf1o,8254
TBvehNahDc8,10991
TBjugzF7OLE,3444
TBF7eTSTWLA,226841
tAYZXuuVKrQ,1437
TAy0i0JYCD4,639
TapkR_j2csY,106
tAo9dPbCWYQ,8398
TAHlNhCvYv8,1881
tAde2rp2m3w,0
tab6XaxbXkQ,73503
t9Xmslxcf0g,4387
T9WN2_ikz6Q,2159627
t9QtXGirWf0,22502
T87ukTZ-07A,141
t7klO0p092Y,384811
T732vvf9QfY,18949
t6qU0dXYz-Y,17867
T6nZ2yXrh6A,150399
T3TXncVnEVs,5624
t3NKQna3TmE,173
t3HuWPihmQ8,50050
T3aaJqbjm_c,84847
t35WX3fWDVM,16633
T32Jh3pMqB8,83066
T2wjUnw95Tw,103
t2TtcMh1g0Q,4023
T21RHwNbIGQ,227
T1xI7zYfEk0,9119
T1QMTxIPef8,274
t1PXLMxuiPs,54326
t0mXOsUkY8w,99117
t0bg7SeDieo,9953
T_TUZQw6fu0,4868
SZEhHx8xzOM,419
SzcD48wnB9Y,60861
sYvH7Y16iUM,1094589
SYrKTn9zsto,584
sYRG-QF9N6U,748
syp5Gtin8HQ,6784
sYm45NvpiJg,26178
SygEOblnHb0,1182
sY4r8Cz4mUE,24597
Sy_BfHXmPx0,6440
sxvC647Yi0A,4961707
sxukU0t-dAc,7663
sXt6oikAXS0,13848
SXkxheJ1dQ0,449396
sXCcvPorJ9Q,5168
Sx1VdhgNxFs,159
Swv1il6PpN4,153929
sWolkgKs2og,32741
sWnuTed3i_g,6276
SWiQOnNHvEc,57
SWHNXV1C3N8,150
SWasTZS6HGs,10
svpxNASGFHQ,200472
sV-hQGtsRPk,1027
sv0udYGUzDA,171
SuzlcQc1iks,926091
suyGgHflqaw,5122
SuarlX9EuwM,19107
SU60v2PSK8U,6907
SU_2bRmIswc,1259563
StxsWkeQpjM,8012
STVXHhTdjW4,155572
StvIg60Je68,215
sTT8Zf6-Ugo,2161
stNh_di8OM8,208163
St3SkEOGAyQ,6150
sT1an-dH94w,20936
SsZtA9pOB4g,3139
SSV1NxkgPXM,1191
ssrvOK3zPVw,35
SsR9ohalUp0,14274
sSfNUMy1cPM,133501
SRWS4MKAZZQ,1305
Srgi1OZff2o,673
sRbVX2XvYmU,3246
sqVuypJD7zo,70191
SqNlLDeZcSc,91388
sqkL6D0ScR0,871928
sqewd2OOuuA,879
sqCLVS1GgJs,187433
SPQwSvSkrHU,83
SPpBVB8cuPg,2995
sPOnslz_FVE,29030
spOc_9ZhshU,21779
SPHJcDBwa0s,1273
SpgTL1dNhp4,32480
SpdgahDp2Wg,108537
SPake6Oa1CE,678
sP47VO2uwAE,1087
SoXREYnK8cU,1915
sOt87OMvX8Y,5168
sOmVqjuUHAM,331025
SoKQzAhXkbw,206973
sokPIM7npF8,78991
sOgvkUwwTa0,8902
sO8mlR46M4I,288
SNvsk2RkhYk,86
SNtsvAn7Vg8,24971
SnRXoBxaxVw,3352
snl4TvSaCB4,5868
sNC6lJb4Gbo,56
sn3Ct2_L4OA,1064935
sn_yfWkudY0,1134
SMvZa784oow,430497
SMskIRy-drk,1695
SmqLQgkktT8,14316
sMpLy99O8bo,552
sMLso2du91U,285494
SmlhE0vTRds,2288
SMLgNZYW3XE,26496
sMkYJDDGwtY,1747
SmHK8K35EBc,3189
SM6350PPCpw,61664
SLQwJzVTPEc,384
SLPY-kIECfY,5843
SlOhSRPETNs,6236
SLnekV64gTM,8141
sLdUevK-Vwo,17519
sl_0Y_PmMmA,38343
SKXRMn7sBcM,2376
SKV6h_5XFbk,1862007
SkoVHIQXtog,19537
SkOjuqYmJcI,130
SKLqaySpY2E,2383
sK2-xmjrjJ8,475
sJq9LumJl8c,672
sJH8K6moiDk,1646
siVIV2Oc0Ys,5541
sitxg0Lcz6s,39147
SIR67et5tcs,31836
SI_jjFfJDdM,4555
ShY_Pda1EXA,7508
SHLta_M6chM,64277
SheFDx8d77M,41
Sh2aQc6lrtU,20740
sh_Uhe7Ybe8,40575
SGm_UQuudYQ,14238
SgKE8ZJ7OjM,20914
SgKdKyOQ9Pc,2860
sGF81Z1Kols,28731
SgC1_cbd-_M,370
SfG43DrK70o,259839
SFE8RlKlLCE,2687
ses3bGwKwYM,3766
SEgiPpfNMzE,485
SDPh6Dpc9ww,4346
sdnD09M5uj0,35941
sde3ke1Qof8,23550
SDCEv80uJcc,187
sD0XjmXZ_ZM,3095
SCq8n_hOcN8,12195266
sCpKR0JfQYg,2151
ScmKH30NTxE,2198
SCjVcdHHb84,50220
sCCTaro7d_M,86
scAAkLatKHg,4094
sC6Mg99ATfw,1391
SBrVNM1rMoI,5651
SBRCNIuiI5Q,17234
SbjnIK6VEjc,23850
saVRADdbUE0,26292
SAUjD-DAAek,23640
saryG3D5nJQ,13115
saQSKYSjJ-s,1569
SA83KYq8x6A,434
S8t3Yw-3ZIU,141
S8jISg0eZdk,52961
s8_a5TxpjIk,1869
S7WhwTt_Bvg,365
S7KmEuTmxBc,139314
S5SHiKKd3t4,5601
S5CKjCW9dJw,2812
s4zGDpOTFFk,23607
S4vxoP-IF2M,336548
s4NMR2983KU,1700
S4f03mhOZuc,2369
s3ZxDX_CzNE,608
S3NTG_zeNn8,205
s31XTrGJchQ,1077308
s2yIMJ4iayg,41094
s2N3uNE_o4I,819
S-2htngmviQ,1256
s2fXMPhstyM,107
S1XtMT9ER0o,180575
S1Oud4guyjs,328
s1APv5uO2VU,323917
s12qaVEyW14,1019905
S0RIUgK2WWM,7980
S0fLtwl2s4w,775
S00ZyJ9_-7s,104046
s_PNdnAwtcc,17566
s_isccuw83Y,254
rzWmj8xlGmM,423
RzVsBuyWRE4,124676
rzOWkdVgL1A,10882
rzgw0XldTC0,1076094
rZes3Kp_ZuU,17502
RYXGWpH3ZvQ,16683
RyOMAvYW-E4,16
rYnmrkMizdc,115592
RyhvowVn9cU,20146
ryEcqzBnQgw,18295
rYE39E-_EAk,54
Ry8rElKFF2I,2587
RY0FzicdYD0,1386
ry_jyH0ahhQ,676
rXx-Yxacfto,181
rXuV7AYnwA8,585
rxmtHVSVjdo,6925250
RxlSl-kG3qg,369103
rX633yapWkc,82
RWYGEAXq9tM,52
rwOzhTl4u9k,10776
rWH49-k921o,815
Rw7oqsdExV8,595
RvzEZfk3ld8,5569
rVDKa3lY8To,886
rVBNqmHSGms,25360
rvaYl7mr1C8,274255
RV2kDWjj0Yo,2204
Rv0gLu_rK0U,3910
Ruo0Eg8JP5s,27906
RumNBu_KJjk,10566
RUMjFXKhSVI,83275
RUCXD3_wW2w,25013
RUcn2OhbWb4,43051
R-tYctoKXRk,2210
rTT5RdUVKFM,821
rTMlicdQ5D8,17431
Rtm0P1w0W2Y,6587
rtarxm5EJRk,41689
rsWmrGuuWuE,176552
RsP9Z2kpFQI,5122
RsNcJUTJuzU,2679
rsJlT53jU_4,81634
RRXFoy5LIq4,46574
RrJDemmXpFI,10419
rrhhNWM_Bnk,0
rqlkwo-l_4o,1333
RQhIu6qZKco,14923
rQEqKZ7CJlk,517024
RpV0B1CaflI,25763
RPFozHgFqJ4,1607
RPE3cglo9o0,83390
rpCAGMryJZg,864
RoVFJEP98dU,5087
Roqs39twX2Y,17584
RoQaS_qUM-g,1932
ronlPwniTTo,46708
rNZepW-0GUs,2950
RNX1x6-hCt0,16352
RnSxU8uP3_k,2525
rnsv4xQvICA,38
Rn-iAfrK7HU,28300
RNd6-PJ2U0g,9246
RMWTNik9i_8,690816
rmGOcgfurT8,6136
RMe_BE1_IuU,2849
RlCwZFrQvAQ,5393
rKH3G023Xfw,43918
RKedXWFkQNA,1920
RkAeu05MotM,950
rK9L7t0Pl-E,169466
rJOMYEXK6cs,673
rjO6tTN-NrY,12931
RJKdrsWCgus,39816
rJ1K2I7m60w,17527
rItv9i6c7AY,85021
RIQiH1XnTbA,299
RIBYaGontkk,2244
riaA0GW9jeI,17371
ri0ZjpEr03g,18695
R-HRxzkL9H0,39083
RHRPK2O9R4w,205882
Rhpuy2DIrmc,194
rhGRZ0pedY4,21897
rHdCLMxifAM,801
RGZIZu_C3Q4,1775
Rgr8u4iAjTk,2337
Rgr20ZbEPvs,4382
rGJtj8HxQ10,2248
RGID2PnYLHQ,10098
RGGyTO-VlUs,133827
rG7fLWcvv-4,331406
Rg1X1WFNxsA,1245
RG1BzJ0fqsw,14949
rfx3eaJWIvc,18587
Rfcd7Tc1QgY,4019
reY5VNR4b-Y,6433
reNmoaScYvQ,682
rEJQ9cOMaKY,4820
rEdl2Uetpvo,675445
rE9bzUgfAgY,87
re6HE4kCQY4,1059
rE_GOkeI3Gs,7809
rdu9EVRTUaA,14222
rdsABjAP8Yg,237414
RdJpxjewJvc,6602
RDBprxmdKRQ,1330541
RD8bai4hNBw,6696
RcxurS17eJo,4112
rcWN6yIV26g,45961
RctDticEAN0,193
RCsdYGuJxSk,10364
rcNWwVsByJQ,2293
RcguYPx9IOk,122
R-CF9NylKVc,34318
rCeiTvmUvQY,45977
rceGFDm9Duo,64243
RBWw1S0dX08,136929
RBJgpXyezgA,2261
raWomBGbxfs,817
rATXIoXITrY,150
RaDHZG0FeJA,5015
RAD_HPsfHbY,5849
Ra8KcWLI9To,1152
R9YYmoJjBxI,89692
R9tGqDgGvDo,74246
r9lQggOQGvw,188890
r9kBJeq_Ixs,15953
R91SPn7AqyI,417
R8JbyUej3tc,1967
R7UPth2VLEg,6552
R7gfutHJFPU,267
R6VeXe2L0bE,9402
r6BUF5Zf1H0,32818
R6B5Zl4Oakc,2054
r5VMpj0GLJw,2792
r5Vk-x4sU80,225
r5Q1S3vbkuM,8594
R5MS7JpU5So,6706
r55Ha2CI1f0,1839
r3yduJ2B-4Y,81972
r-3iathMo7o,2198765
R3gYYWIAaM4,3699
r2ys-AimNbE,1111984
r2PxV44-mJ0,18807
R2HmZnrxckA,135
r2H8Oqm1eQ4,123141
r21uCHCJllY,26032
R1TSiB9OuVM,1725985
r1NN0_jZUbY,279
r1l3cYVRlnc,14626
r1jLNrh_coY,1189
R10qTLfwm8E,476265
r1_H7Va8D8w,898193
R0Qv_nl3WaE,423
R0GXusPBEgQ,24958
R04I-DurRCU,7478
R_5Qfc7APQs,136187
qZs6JSLeWj0,3103
QzOvgs-svOE,85
qZnge-xDI2o,15798
qzFqSwIe7rM,1088
QZCyZxhUtpI,700
qzbZdQqYCAE,196
qZ1vOS1cnME,24325
Q-Z180ynMsQ,416
Qy1oMgf3PHc,1264
qXvmUdZGNFU,602
qxt2JE06PYw,16853
Qxs8fauXxLk,7748
qXhlLO3bWsg,1542
QwzaB-1vp2E,177
QWPiQ9hDd4k,124
qWoLwjAvpxg,1746
Qwj_iP6SAAI,1017
QW8whgmyTNU,17644
Qw8MCIH2ON0,2834
QVklmYejCVk,1075
qvHirdMiebE,85946
qvbjnPzD_E4,41
Q-uUyMYs7Do,34532
QuU4FAnrrGQ,68
QUTjUG067sM,37
QUr2aiqGyzQ,77
qUqhzXRgg0k,188524
QUfzH3S3hn0,189
Q-UcuSIyFk0,1393
QU8g0XNyHRw,53794
qTYCtgOr_8I,5325
qtXFK8guvUE,2243
QtToyMb1DUw,122472
QtNvvWsSsoE,167599
qTJs_9Ckc60,138003
QsZF-F4LbYQ,16810
qSKvRDz9iG4,4532
qSKOPBVkpJk,721742
qsfUCkWREb4,977
qSE-MFxj1x0,1106
qs8xStp6RhM,1719
QRzR6bvnvD4,13561
QrTAA6hCkrc,3360
Qrod1e7OCIk,121785
qRcVQpaYknw,3744
QRauyA_CK94,8315
QraD9ZQHMOc,3808
qR9fiZ__L7A,42984
Qqzx1xryfkc,154
qQ-x1_Y7d8k,68987
qQvzZYVQ6rU,4001
QQpCG_IvUOo,52669
QQmjP5CqSxI,15108
QpyHrQYeoIE,326869
qpy6L2L8Bw8,2645
qPTG6GKEbGs,2431
QpFcf7uBacI,186181
QOVlrmtkxkw,13728
QolW8xNeq2Q,65807
qOiRbwHPJjc,20677
QOHVIMUuOPk,4157
QNZ53Cpl9B4,950
qnUzFcFNU4U,165
qNOq46L1joQ,15296
QNNF8Gz6KCY,68
qNmHRTXjUeM,200
Qnko2SJa1Wg,278
qnJbsddPc6o,908
QNFSFKcDmJY,2252
Qn4ctBaNI00,2539
QMR5sYjCJdg,504
qmE9mGbItuA,2180
Qm06dledGaQ,2253
QLVqFKufbvo,4867
qLtYowQUdl4,3677
qLqCUAQnmwk,37306
qLaGCduQKGM,90115
QL8voe1u7Ys,11776
qkM-tTkUbOw,13390
qkjQBSu2FAo,8288
QkCnix1Iroo,90
qKC5BXSqq7k,707
qKB_7_ZzKvs,0
qk74eFQemFY,427
qJzPHFWhBvE,31311
QJWTqI-uor4,559884
qjlNtbyf2Rg,19
qjKxo910e94,1258
qJJTyBOAzsA,162
qJfCBLR2YkY,2128
QIYQPaWf_3c,95371
QIycmAPvXpo,3787
QiwtLBQrjG0,14528
Qil63kgj0pU,183957
Qi7t_g5QObs,563860
QHG3ao_5Hl0,236333
q-HeLZ-QIFk,23449
QHDRRxKlimY,7323
QH3SA2VjaFo,8347
q-H07Tph8qE,1060
qGzEwqwYYY4,667
QGdcNjbSTCU,236
qgcenfc6Qbc,104923
QFjQzn2zChY,957
qf1M58b6n9E,1372
QEZxdt3Vb6I,39274
Qez7nNPfWXU,208
qeygNyLHAcg,2289
qeXPYFM4FI0,25416
QewLyBBiTAk,833
qE-TOMON-04,58
QeGCFnwTSNM,22086
Q-efs0g13tA,14085
Qe7i6OQwF4w,3596
qDwZ9GiKVxs,12418
QDr8ubnxHKE,113
qD-ofY9niOs,29967
qdN91DG83lM,484
qdCC3pKban8,291
qd8zeIIkA5I,1210
qd2YK46r8kQ,15840
qCn0wYNxKHw,43436
Qcj15vHJTtk,645948
qCFb7U2s8cE,6951
qcD1jSlPciQ,4572
QC2O3piOdXQ,12051
QbD1hz7jxl8,7255
qB24uIe2Q7c,322416
qAJgoIizU4U,0
qAionjJ239s,1161
qaESiZ-yVVg,45
QADvOpwK2Mk,14902
q9wIJTGN64A,7841
Q9Ut_Nh1lQA,536
Q9qzzuMoiLc,4522
Q97U8K_YlOo,126057
q8v9MvManKE,833498
q7wPq2x-u5o,8774
Q7Ry9eLCpPk,1648
Q6M255BZ0HU,898215
Q6LV7jdwqZI,1442
Q5Su1S4ZVoI,21395
Q5KmA3Xbmqo,3032529
Q4lVJZHTvK8,3574
q4Gnc_EpTK0,4470
q3ySxUf2XhM,1796
Q3I4tIMNLLI,2585
Q30OBUVhxPA,30939
q2sI-T69sjs,286972
q2NxXZBjekY,476
Q2hqcPnIWiQ,11055
Q289WrcIA00,6023
q1WdBsXS3oQ,3015
q1jzwV_s8_Y,235546
q1fZfG2b1c4,1149
Q03sMbGR9e8,2837
q_Ir1I4yr7Q,24203
q_Bk9oZrphQ,30793
pZYJGAWc-R0,14228
PzUPNN7VKYI,403
PZqRgT85E0Q,188470
PzqCBKO1QZY,17262
pzo-98z40OI,565
PzIoCDKX4UE,1547
PzHwMHPJ-CM,17110
pzHCd2X1GaM,35444
pZetLdtFM14,2146
PYimOnyCknw,14378
Py8VDZKrWEA,4333
Py24xhrpeNs,202471
PXxOgslz1FU,2117
pXpfGJpmhNI,698213
PXmF16_QzBI,26081
pXAxIFB_ucE,1319
pX5i1bOue98,70350
PwyJwn_DKxM,8861
PWwvR6cSH4o,945208
PwT7v5phmX8,2050
pwSALZzLSnE,5797
PwJNm2Qr5C0,1196
pwj_SZHqiSc,451564
pwGbwYAfSmg,47797
pwaWilO_Pig,20010
pW_Z67R53XA,116276
pvZsBIkm6Ro,6679
pvYHfdsz1vE,586
pvviFTjTEPY,89219
pVfJbOZShu8,477
PVbQrvlB_gw,12563917
PUIxyLRnzDc,72958
pugZJuZubiU,2506
PUBAZCAy_SU,196
pTysrwci0pU,3257567
Ptx-burAzBc,2158
PtwgCeKMhhY,2723
pTUaJWDxNok,138
PtPKCIGBRNg,7062
pTBO2f55aTs,137
pT80f-O4MpM,1103
PT2fxswWSpQ,14419
pSZhXWXbZ4k,196
pSz4jfv9hlo,3216
PsiEt4y13J0,5976
pSaZHLaXLv0,586
pRTpsCsLdno,21946
prpFIbl2ZQo,274425
pR5tq_CrXlg,489
Pr4YFtTigUI,32501
pqYnmLEj_O8,24450
pqXdGKJsFJ0,279
pqWQ9l97LB8,8570
pQSID3EaIYw,438
p-qRaIPQUZk,2163
pqKx1DQI4Mk,55567
PQGJYfo0cg8,2116
Pqfs9Ksn4CI,128705
pPRKKoJJcJk,466
PPQ0par6DK4,113342
pPmUCViItQM,209
ppk4zROkg0c,565
PPg0OsXZiW4,226
pP1SPkt753Y,12291
pOsiEsIoePk,3475
PopMRNU-i20,1695
pOlpmHygRG0,1109
POKHs_se3QM,1701
pojXEFDFMw8,38564
pOElLN37Lrg,6825
Poea4TaJVoY,50
poCosRoSUeA,4771
Pn-WVb0q3fg,4349
PmZ2QvjzpFs,105630
PMuH1Yqc1Hc,1782
pMQOp4sxtjk,6302
PMPfkGusPBM,346
PMP9gmLSYCY,56902
PMEkmiQP5bg,688754
pLIRpF5ZC4w,16334
plecEcRYBkE,153698
pLd-rqYP0lc,11594
pl-DjiO8das,9768286
pLCSJEW_cEk,20363
pKVppdt_-B4,13374
pknIu7Y3BvU,4986
PKffzHbEdac,9111
PKc7Sxem_Fw,14265
pK79gZkJnAg,0
pJXdDKRZ10E,1032
Pjv17ALbzvk,2147
Pjs0vzEy4q0,2398
Pj-D0jc17D0,514782
pJ3yba6Z3UQ,70590
PIpgfgWIsPc,7400
piOoxFzkoG8,3979
pileakSsa-Q,19277
P-i7MX2fdbc,489
pI4t2QvPUvc,4833
Pi2oPZWsU48,72
PI2_HS_7r3Y,269
pI1F4HrbzT0,319
PhXzG1FGTkE,1451
pHPEHPiPHUc,18371
PHNN1myzcm0,1541
PhfKS6o4FKo,73
PHE4lWolTWM,247
PHdqLE6wC0M,24429
PHDAg_pbkA4,6915
phd5UDdFBDk,12461
ph86NrZDQkQ,0
PGRcxXLfWrM,1465450
PgNAmWjInGk,215242
Pgi3Gv9uqjA,1087
Pgg-UrXaZ1g,6154
Pgd_Tgi-pbQ,6155205
PfwXF3Gss3Y,5130
pfwEn3Jy8l4,1387
PFOekkKGkpM,1648
PfLCyR6Efvw,1764869
P-f9U_YUums,4789
PF8Dfgl3Wx4,16717
pF3YAu0peCk,894460
Pf_vGjefaXI,193923
PErWWvlNXec,355
PEoZLGHKvy8,72390
pe5btRg4jVw,3237
pE1VrkLpZvI,4226
pE1Qk90pxE4,53255
pdX586m_aGk,49
PDrEK5OuDbk,663
PdNvCRoM2EQ,1395
pdL8LIcrNDA,2973
PDGBsPalpRY,10165
pdfLAcK2FbY,262
PCQtI7foDis,1231
pcMGwToaD9s,5987
PCk2T6tGrIM,2766
pcJo0tIWybY,2272818
pcdMx2YgqKk,2470
PcCU5NVeREU,1772
pC8bsjPzJEg,5619
pbzDC2vH9oI,10274
pBn3o9HVLgg,11226
pBaCzdE0jaU,23471
p-BA2c8T8vc,79698
Pb1YjPlqZZg,8449
pAZOKbDGoQs,1695
pAZkLzigKqo,1446
pAYZYraWyyI,19946
PaYvlVR_BEc,1095562
par6mkSJ2CY,65087
paMZAxeeIOw,32116
PaLnoNxtC1o,222
pADsaOFDCO4,32642
P-aBTNB5nh0,8530
Pa3BbcTmIVo,1764
P8UTX92vUWI,6726
P8on1lB_VQc,127
P8LzhJI0rRk,2643
p8hgWIyrgns,5625
p7CZxCfdC0A,10133
p6VarEsEmQ0,112
p6cInZvsPPI,102999
P5sJMDBZy0E,6187
P5_8exHtmdg,71380
p4XB3XLt44U,1137
p2YK6rNDIXc,1198
P2mKlngatoM,14097
p2KN2hw_lww,4940
P21a5Uty-uc,61537
p1xTuY7-Fw4,38013
p1GOYs44fRU,725
p1DAEZNyJ8E,1893778
P1_OxXNhdgk,2800
P0RpG0HVsbw,45413
P_xXvDNZjHI,1623
OZv7qYZ43xQ,261384
oZCd0v6wfmo,90142
oz2L5rgQt0A,1061
Oz2g90wMsss,30890
OYhGxfP37us,10218
OYEwSNe0mTY,8145
oyEjTfZ0-II,256
OYDziOoK_FQ,3020
OYcv406J_J4,74742
oyBfefx7I6c,95386
oY9GVZKwBhI,1704944
Oy4ug04-eLE,18584
oxy6U8BPXF4,113
oXR1SdCJpTE,2616
oxIRIrRggOg,11048
oWw1BcFhk-k,11089125
OWpy7rOllXc,460
OwnCVA7I-J0,1387
owL8X3SuurA,25294
oWHoDJz7N-g,121
oWEMLkFkXHs,9073
ow78ktpKcS0,1084
ow_c_aRJHsE,98
OvYv3tmi4AI,8645
ovAwxEOZ5ag,7667
OV6uZk_IInw,7531
OV3zjWJUqMc,4065
OuTM9ClTs48,2052
OUi0u_hlF2Y,17196
oucv9fd1hbM,149827
oTxbeE2Knwk,22822
otoX-ItI_U0,3385
otMd4YiQsg0,3678
OtkMzh9lilI,1732
OtHrg9FHZiI,4821
OtfuTyyB5H0,2008
OSXc85VoQGY,4427
oSRvR0rH67k,118614
oSQn4QK8QDY,337
oSEeK9yDNQI,5155454
Os4MTTzTKRo,1869
oRzwabAUU3I,57615
orPQ74toO10,24
OrnpSe4OChM,2297616
OrIgds8GREI,273
oRexsyztGS0,369333
oRdCDpzxl6w,4837
ORBx7J-BLpw,0
OR80P8kEccs,439
OR2qX1oQd2g,4006
oR_e9y-bka0,317808
OqJ5S6G5J5s,890
OqInPOy50p4,11350
oQi-mpjTOlc,52569
OPta1DBLD90,43254
Op81YCCo69A,2303
op4B9sNGi0k,12725215
OObI7GpUduk,4030
OO8bo_fpoQg,0
ONTeBgnM70E,404
oNrWuvTTTh8,5323
oNpzeIdOtlk,95236
o-nGPNn19vE,343978
ondQYFBvk6M,16768
oNB2UPdSxW0,52141
on4ymPRD_-I,2362
OmnhPRNBlek,554
oMMVorVONYI,88734
OmKL2CuAgGo,1097
OMJCsytmfnw,72917
omczdd9JoQo,13437
oMCijY1XGlQ,340240
oma676XmhCg,933
OLuPM50rT4A,1534
Olpi7IPi8vc,23453
oLDbO545aKQ,1550703
ol31UX20hBA,2216
OkxCkz1KCZo,8175
oKNc7bZJQN8,111735
oKKdCiiF0N8,54848
OKA-3wsJTs4,157955
OjwzbELflHw,6973
oJWjAOVBspk,864
oJveN0UHsaA,4386
oJv8-q60n7Q,529
OjkfOX-g6Js,104471
OJj7uOy38hI,3104
OJfOsoUYPts,70666
oivaC14YgzQ,130
oiSMMFXGgGY,2326
OIS8VxPSoQY,671
oIRS30FRQNY,0
oipLbJoV9pM,102881
oiA8psXap2I,197
ohXoXtxpOqg,21757
ohp9UTnlXzc,29
OhHyTPl30pw,230604
OhbxQyX7UVY,9829
oh0k_4SAXpM,255040
ogr4dQmd4B8,20
OgiY3OR3jlg,8678
oGgzXrlF0m4,1785
ogfYd705cRs,415055
Og7NUPoS9JU,14224
og3aFSeEm94,750531
OfYxZ4DJj2Q,2039
OFWudk6aIuU,40747
ofItGhNiIig,3708
OFbbfdThPWk,577
Of9GOMM9HPg,2801226
oF7FR7TjnME,123
Of_ERZE21hw,908627
oehWsVdYPCg,25206
oecKB9QZwxY,24904
OeaDBJ_7IFA,2564
odZ9GVuyfkc,30674
oDYKUGSl9m4,4818
ODl-DYTyNyM,5096
OdesAn1J3yI,1728
oD9PH5GPR6Q,8126
oD_3wMh5kLg,69521
Oc-WHctTBMc,3925
ocK2UnGq_yw,5505
oCG5S-31kmE,15707
oc06rSC_Xk8,98
ObyEoWBYk0g,35442
oBVlbHaSoz0,5403
ObRqWRfC5rA,333410
ObM6qdQcP8I,3845
oBAlEGWDLXQ,66365
OasuaUVjZMg,892
OaqvfQ5ggas,27457
OAqQ-rziZ2k,9839
OaM6Zl0_O98,2242
OAlRH-4qN4Y,336
oAG3LsecJwE,3785
Oadf4KNYz-I,58401
o8-MBDmr7rM,35755
o8KtKp9v750,68452
o82er1lRkj0,1536
O7qCZ629im8,12697
o7k7euAt-E8,1249
o6T9mUq9Vgo,34189
o647TcZXs0Y,8245
O5RTJn-JsEg,3484
O5ROSS9ReUY,1892558
o5rGhVbQQBw,1866
O5GhCbhGWQ0,190654
O4rAMou-b0g,27296
O4_JNAFClFk,18985
O3wWUFDxAy0,11192
o3VS0V6qi2o,15047
O3tY_fE88Bg,18987
o3lohh-TVJA,61761
O3IJCCeNMVg,110
o2wbtFXvu2A,327
o2pPZCjUc9A,3822
o27M0gXjUqk,55737
O1PywJ0yYRQ,2143
o1nxhR-dW8U,599
O1IOIQeOdD0,0
o_Ud5I3mko8,645
O_0xBep91ds,12681
O__OPJ7J0jg,737
NzxNSF_yS0A,16490
nZqIhsnCUr8,13945
Nzkjy_9LvFM,393
NZE_0kYIHE0,3639
N-z9PidYH4E,401276
NyZlG2rlSTg,686
NYMcACJLqJs,686856
nyjBKQebbF8,959
nYHDj2sB-rc,189459
NxvzisNwyQI,39187
nXki4u8JNI4,3120
NxhtEQ2IWGA,1588
Nx7AO9wBwxA,300
Nx3sAIrYWRQ,2929
Nx0H1dzMCq8,74
NWYoRNepves,451
NWOz3OZ6J9M,255104
nwMVv7ZzSSQ,484
nwluATd-HQc,33150
Nwl5GcNh97k,1345
nvOrYzltjb0,8431
nVOb3RzS5t4,23671
NVi5VHxdGBA,12096
NuRDxWpb2TI,1517
NUoSKOMwFfw,11291
nUM5WgmNTPE,16403
nukwmfb8bII,113329
NukmFF__G-g,14660392
nuIoxlJYCXI,60106
NuGCYvShnjc,1070
nUfr195i_54,2987
NUCjnkwQ-Z0,54285
nUbVgEYyeSo,52
NtxavjjCpcE,1737
ntvVWzdhGjQ,12288
NTKBYlFO8Zo,36113
NTb2Cpd6ktE,64593
nsZvmFUXkrI,7975066
nSzLLGC-Jjc,1415
NSy7KsgPvzs,1028
nSlTm6XDT64,1650
nSkUOhX8Dc4,694
nsf2bDnTwcg,1590
ns4DIpKOGFc,131906
nrVNAq7nSTQ,8602
NRnnnihFpTg,6783
Nrj9Zhek8Oo,31989
NrFgj3L9DXo,13891
NrAz1fjxzNY,3119
nr5Pj6GQL2o,142210
Nr3oTmIvHz4,1077
n-R39jiraak,2718
nqSWTSJdTJY,25098
nqOPXtjy4VE,5350
NqNbqfFoMVo,8817
nQICjaXhwM0,24
nQI1SdMIfbo,1431
Nq8zTHhamtE,5615
nQ3yySXV26k,271
nQ35CkmNjp0,309
nQ1lxgv7mZ0,3929
npF7u_uG0lA,374
npeCDLsyJwE,46547
NozoigcJWHU,2361
NoUcOismOww,1505
nOgq38p_5eE,1652
no3puNSK6BY,2880
NO3k6kqbKGs,20111
nNZrc_XvF30,698087
NNUgF7IARsQ,2281
nNTl0TivaRU,192227
nnNR_HubOAk,141
nNBp0hev17Y,28297
NMz2aVBdKJQ,97
NMVKZCdz1ZA,1884
NMsLN42McLU,555
nMQkLiBFKOc,4724
NmNrwIOrZ-g,2022
nmKifG_pn2o,2267
NmgFS5ApQVM,10858
nmazBxBNffc,660
nlozE2m-NMc,580891
nLhjbuHonSE,2454
nLaQO1rYFLo,188053
Nl7BG99Dnvw,28
nl0qCdE5cuo,8095
NKmGVE85GUU,372319
NKKPrHgLJuE,18034
NkeKzCBtIKY,3566
njZMg2m34SY,4283
NJsXHH2FWvc,509
NjhAKnorBYE,124884
NJF604CUqzI,27478
njF1S4oQbgs,1066344
njeN8GCGnYE,9877
niviooakBLs,801735
NIluMdWhOx0,121
NIf8LjND67Y,151782
NICK8lK3LGA,82638
nicFpVJ94gc,49532
Ni7kJQnmsS0,57
nI7_5OJLSgI,1027
Ni6hvVkajME,1901
NHzzWv8FzVU,110
NHZr6P1csiY,3214956
Nhwzgz0l_ME,2126
NhVKrJ3uTt8,89033
NhTLsNawGKM,56119
NHEaYbDWyQE,854402
nh_eZnSZCLw,15958
ngpGwE_k5E8,50605
NgloGi5xEa8,372436
NGjnyAZmDvg,124
Ng53Cyj3hFY,43207
NFuhfByeWM8,249
nFtrpKTRtxg,140
NFS3DFPLRvM,29628
NFQCIs2PUdc,18501
NfbpLYEXOM4,3506
nF0mrB1eOsM,0
NEoVjmfYlJ8,164208
nElEFdfrxRE,2097
NEgvPW4L3bY,0
NEfCmplXP1I,11276
nE7wCyvCXS8,11278
NdVkyJqM1XU,6404
NDMeBosqXjE,1537
NdgYbM63hjA,81163
NddFnmCVeCM,137
nd4cLL_MP7M,289609
ND_4oi-CPv4,9033
NcsGpDFKCgY,211271
NCR9CWj4fRo,1137
NclJj1h_MW4,2650
nc7kLdyyn9g,3620
nC0u87r3koc,140
nbSeMTCc7QM,3080
NBOT5jigRy4,106176
nB3HAxCS3A4,5642
nayIT1jO9Ng,1852
NaY91YjVbEM,956795
nAsrsMPftOI,54224
NARgrkbz8BY,8378
NACktuQR2WI,4137
n9WjhrCrHVI,654
N97f_OmwCVE,4208
n95Nc8rB0Rg,6613
N8TBDazO53o,2303
n8j4YjBKqno,848
n7h0Q0Mp-NE,2557
N6ZYJ__tiXM,189179
n5LoVcVsiSQ,312551
N5kSFvMrWmQ,11864
n5HV8l8dvWY,27479
N4MtzsregT8,344312
n4LQjFGmdUY,142
n3xuHPQtZAc,2195
n1huCzPjAfc,3744
N1HAMUAXzbs,792671
n1DLaN4a-Qo,6613
n_YIMsPzBN0,0
n_W54baizX8,6122143
n_MMwlrz4W0,1237
n_1nPovdD2E,704
n_0g1lNxBbA,2606
Mzv07QF0nt0,13559
MZrq8Kco4rU,655
mzQuIBpS-jA,1136
mzB1VGEGcSU,2657719
MzadzMPY3U8,3431
Mz87tLToSVY,23603
mz84yXla96I,325
Mz7BqPJzehA,2910
mz5RgPjl2LE,42609
MyPvWIwrIGw,42428
MYnO9Gfh5ks,58233
MYf-Slm3hQ4,3040
myeqG5B2Voo,11547
myCYM45xemk,1082
my2VuDkeAPs,12830
MXcngbOxn1Y,5014
mx4IpQFniIE,9575
Mx2SwK9dKjQ,18931
mwZbW2dS9tc,4616
MwpeJnNUlGY,6879
MWFfrdfbIQs,1820
MWbQdgjsvJI,1984238
mVYnijQaKvI,86296
Mv6IKzGrEA4,9
muq6HNVOY20,51787
mUMS__cvcFM,1774
mUiu3hDlGEs,446
mtuukMeEO7Q,410
Mtu3MMUph4A,103078
MTstD7FHcBw,230622
mtms0FLgMKo,162
mtfHKj82PZY,497
mTf3Dcj5NPU,25196
MSoq8jlpBic,158
mSnGDYVVOgg,2670
mSGhHCadA0g,120
mRNC2JySCbc,32
mrJE5AnEzTc,3819
MqY-o3uuemo,8201
mqSMgp0G0bg,1858
mQpSRve0QsQ,2937
MQIvV800Atk,171459
mQHczM8eBLU,20295
mQ055hHdxbE,756994
mPUeRu6NU-g,9368
MprG7D-7jg0,34229
mPGk2Ky2RKA,22445
mPg__kEZ6YM,41495
mpbVUju-YEQ,2605
mormLRYvJEQ,13872
mOkdDJwRUT4,922
mOIYIutWZKk,4400
moASLrr62EQ,2634
MNGL5Ktbj1c,796
mMZdC_-Y2t8,4055
MmbBkGL-tK8,5539
mM5KRGFOt7I,874
MLxGllP0x8M,34417
mLdWLWvgl9Q,14024
MlaLvnBANuI,3009
MkO9ZkVkfLw,247
mKlFjWRGu5s,19981
MKc22HuE_94,22360
mjTSwmKqmuA,544616
mjtn3EEG65Q,5429
mJq9UJG7EUU,8332
mizpW1j8fsE,11936
MISVkrFAiFk,4381
mi3Uq16_YQg,20581
MHiQbMv4H2k,81980
MGyRE1JDzKk,3551
MgYEn_h__-E,6101
MgvrkdxG2cc,68789
MGeIK0uxkgo,2649
MfvMq6dG00Q,739
MfVetou0ERY,494071
mFtsqERWiCA,5766
MFssIe5b-Og,179148
mFLBNNYGDjE,4648
Mfj_A2uuJNE,1097
mFiKA1QRtN4,1759
mf7MlxZ7VSo,21253
meWP-7MAqis,79181
MEuTqoAKyHU,404
mes81YSx_X0,5776
meIe_v4RtNw,693
mEgkIxTglCU,70249
MebiAf-7XLE,349
MDYiTQDJSlE,327
mdvMt2Orv6k,28838
MDRX4Zq57mY,136739
MDpEy9ajlCs,783
mdeXijHgyyA,3808
MCQYL7uAK1E,4721
McJwniEP1XM,1315
mcJKgG_lP9Y,14036
MCh-Gt_KbmU,895
MC5ChT_D894,17948
mC4E6DIjnQM,1470
MBWUJbXyaCM,10841
MBR2kxt7RK8,1600545
MbN0NEky-Tg,22336
mBbY2axJcWw,10188
MB1nghZ9JiU,1568
mb_AvfW8p6s,2828
matqiDFKMnc,542
MAnuBR4CsEg,523
maJHt3YM_0w,6577
mAfkkgw_-68,112391
maffMTyMBfQ,1441
maDPbJaiJy4,29868
mADNx7EZWdU,877
MAc8B58wOoE,37113
Maa3YRE-zkE,301
MA271ViruBE,4108
m9zakT_UDY4,2115
M9yeYipLIv4,12627
M9wPPp09Khk,2992
m9wLuC-4Il8,1394
M9-pSLZwpmg,7168
M99i7dkYf1E,1415
M96hIcntDg8,391
m90xKemHDus,32
m8rIhOnP5gM,2881
m8raCLcm8Ew,0
m85ywFMlfBs,23600
M83IkWAJiUM,192
m7lFyINZlBs,116319
M-7Eur0G17Y,7102
M79zcP113Lo,19381
M79o2UejYKo,917694
m6vrhyWDTiI,554
m6VkfwkXvJM,50083
M6uNQPmqzkw,77
M6qkKTifaFI,1759
m5WKCoS3fDw,4712
m5SWt4wge48,30930
M5RsnRRvDs0,7412
M4ZoCHID9GI,35595867
m4xa3C0DeJk,6333
M4MeK74bbvc,3545
M4GON29PrKc,5911
M4_0z9DEDpY,1290
M3NVzE-dwZk,7691
M38aWHxwtXE,19108
m30WyhA3CG0,130
M0Tth-0MNFk,42058
m0mPveAOR5c,4730
m0LSRUTmVvw,189503
M0kcLjxoYS8,1426777
M0FoR4Dzuuk,10231
M0DJx_EqFxU,80896
M_YO5q6YB6E,72264
M_ThtCRAySw,291625
M_KmEWGMLsY,31942
lZP7CZNzR7Q,5130
LZhSKwIrzx0,16174
lZfgmJRkjto,83087
lZewQ-1uLjo,1205
lZ6iOa74QhE,4266
lz5z3AtQtbo,357
lYXZ6gNnOmg,17055
lyUNWpne9CE,47568
ly-umdSmy64,31315
lYSUyAkm8EM,2041
lYRUGtSesXk,79416
lYrqvYewUIQ,4830
lYJFwXw1ZIc,23177
lYE3-nKYmBs,111294
LY8AE74jGl8,129
lxoMGsY7GAk,910
lxlmgsfVUhE,4689
LXfGuxvIpUk,0
LwuKUQXL8Ww,286
LWHhWHxtujI,415
lWEhXAmTskQ,410
LwdPfLYQTZY,3538
lW9XzU8l0NE,140
lW_1hgOkvjY,8917
lVq1SrDhkMw,15111
LVPzYHk5VW8,150751
lVHSru7zM3A,2699
LvFeKDmA-20,13485
LVDZu7nbdcs,32973
lVCfrktNJcc,4122
LVBN_QnLXCc,24794
luU2o5o1vPA,128486
LuMNKktdNz8,1806
LUjzPWj7pyE,979
luh7RLYn1Bw,14289
lUgosf8LufQ,3787
LuEIOp7hj9k,109
LU1I7PtU3k4,9452
lTPGWqkmeXI,3049
lThYfJvudTk,6723
Ltgp2lE281Q,101
LtGhUxmWVKs,15777
LtdSjLXsBSY,122127
LtCZJI_6np8,6392
LtaIVfVaO7Q,15622
Lt8q2RMX2uU,531
LsC1C9OgviY,44422
LryQJ25CnKU,6016404
lrtQq5lLLTM,13264
lrRFpYOoe7g,691
LrmcPfpH7jo,13478
LRF5QkqLSSw,2556
LQKwr6wNa9E,340
lqhg4ETFaXw,673
LqDGzgzbkVQ,19337
Lq7on1teg70,42489
LQ2TukBvccY,88
Lq_GTQGM0MI,51658
lPuwEd2PMUQ,689
lPqRIjjlcTQ,117
lPiIp5QuTRU,198547
LPHt4dzHnV0,362
lpFEpDPf490,218087
lp0IM5tQCOw,43664
loWpbevW9xg,20659
Lowe6bwWIwg,3958
lOD2ZuKQnRM,18827
LOALnbOcXMo,2137
lnbUhE7PzbY,3025
LnAaLsiJW7I,581
ln6yZu03E18,15417
LmVHsM25NcA,91582
LMPrCnzP4gE,385
LMDr1kdX2Dk,2912
LLvAGwIJzvs,45107
LllNSnDtvQc,19810
L-lJ4XJOCP4,71133
LldkE6x-uDo,10965
LKylGdpm9VA,312
LkY42cH_EZw,22258
LKs8wjbVY9Y,1660
LkRtWMTQN0o,10432
lkJKiDYx9rs,1262
LKHzIM39gYA,476
LJuYzh3UDGo,79740
LjfZAerxNeY,6407
LJ7k_dO7unc,89161
lIW2YlQla-M,80107
LIs-okstf-w,543
Li6thKAtFLo,5327
lHNmUUi6LzM,20273
lHGTQiWhI4U,848
LhdkU1C02XA,11082
LHcOOkSvmO8,502217
LhbdBcDCd-U,16528
lh_XC4Vgfdw,1334
LgRqI9cxB14,54
LGR0hZqBEfU,2823
lGLXvsihT6M,33
lGLiISr0ij8,47004
LGG68HqtBbc,421
LGcVTXyKOOM,7090
lG7_wZVAwAI,1187
Lg2l7zxa2Go,287
lFlI7Y1M4X0,4788
LFkHSaFCBiI,7297
lFjwSP4zUR8,30320
lFFKMxBDx0c,8001
LFEUX014xHE,10771
LFe1I7sEzdI,782
LfbpvnzQ4pg,991
lFaNj05m6T8,781
lF56u4ednlk,1217
LF3v1GI6APU,10979
leVFtWgdOWM,6534
lePGkfR8gFI,6440
LE7QEIy-6NE,146933
lE0eWRdSrY4,139750
le0BtRt794k,8637
LDzYM1_hVh4,8013
ldPfoynz5Qc,161111
lDG2yFLP-Kk,177
ldELXsrL1ao,1294
lCZC1WvgSLI,97
lcNWVfKo0P4,574
LCK5VEyQBmM,18896
LcGUoZLVuU0,40
LCcagCLlSxI,50811
Lc9j4Mzeuj0,530
LBrHuzJSzlY,4084
LBr74H1sC0E,111
lBpkszdYt5Y,185
Lbly-z-klMw,489
Lb7eCca1iAo,36709
LB3bJPyTVF0,5780
LawCDqeAF68,479
LaUDwaXThjY,31132
lApXfnRw51k,10899
LACbVhgtx9I,684773
lAaSh9DogM8,385644
la9Jy1iccGU,103050
la0zsV6e7H4,3458
L9z8TEd4Hl8,28
l9k-iMdAzZA,2020
l919rsqOU3I,24893
L90R6PtxFKE,376052
L8NfX3popgY,34257
l8911xlXv6g,7683
l87WLq-fhv8,7923
L87HuKmGwVQ,3198027
L7rj4-HnBQg,87
l7N2cZqltuA,1439
L7jc9jVJ7dU,2700
L75Y1UT4Tgc,29885
l6xo2cjAJto,169
l6wJr5tmn-c,10647
l6Bl1vn32KE,5058
L69bdYByOR8,1384
l5jKxpjz_8s,10367
L5e_favPleI,892
L49qJ951wyU,642
L447qGEMmxY,13959
l417TgQTLpo,12825
L3ymBk6Vb04,1480875
L3pCB1RWx6Y,5867
l2P2qbr-_Ps,332107
L12eRKXz2lw,8042
L0WolaMs9qk,14555
l0hMNP6_ZR4,19053
L07zzjmxpYE,1826
L_vxiLDaqus,915
l_hOJc0Pzlk,103
L_HeU5jd30o,763
kZYKnREz9Vo,110114
kzuOQ4Cyvnw,9064
KZmV6b2KLn8,170
kzmslcVH8d4,36277
kzk4SId9Ab0,190932
KZK21zOnpos,2874
kz5nCpbNE68,321
KYxIC5wQw0I,50477
kyQTARyyfh4,2184
kYoKcaPZnCc,198161
Ky9aIxiGzfk,179384
KxywNVLAf5o,53527
kxYBEnrtgEc,132355
kXIF2FQpgjM,704895
kxe_Rd1Qwj4,23110
KxaeCQ9g7D0,1470
kX9gW-PagCs,2188
KwsMBGm1zBc,8652
kWS0HBZNLho,2374
kWolKH3zwkY,944
Kwg28qjdwQs,37918
kwDGCTZhDVs,5665
kw9LUFreF94,308829
KvYNjjBnY3o,2597
KV2zuSTwl7w,1054
KUXd7p_vd3w,210401
kUosDBUjq5A,322744
KuLttXDQBSE,1854
kulPdl27Ubc,54387
KUCPuO9NpkA,25404
KtM2vZRvxnE,41824
ktjv9D5aZQg,89820
kTJkXy4BeWI,8623
Kt23dO6mX-o,32324
kSSDtBFnVuM,1150
kSkjtFuEH0A,647
ksjWPxFPsos,150848
KS0d8Zl63-Q,433
KRzkMujxXEk,14847
krtY7SOifr4,342
kROZ76fTa_4,331
KR8vKBRIKS4,41017
Kr5VraiB0-c,1475
kR4RHp94HYw,4523
Kr4cqhytZMg,10404
KQRq9FZqNj0,8709
KqMPr9TcP28,591
KQKtSekSi94,78774
KQkhtB-Rwos,98
K-QGEWaJct0,85
KQfJgInTdI0,633
kq7JjEz_5H4,41986
KQ0W7wU_YRo,10798
KPwH26EBnOI,19813
kPu7_3IWjkY,45001
KpHP8VmxnBo,192513
KpDwFdp58-Q,33950
Kp9jpmDZYYA,602
KP9JelGZg38,5251
KOt5Cd-ZwTA,3330
KObL442PWhQ,447020
knYQ67Q9pG4,985
knDEcS1y0Lg,5005
kN6Diuq3lF8,12804
kN0kAoCENIQ,18734
kmwk1iQAWlg,808
kMRjwo5uWKo,82587
kMM4HIj0BpQ,1322
KM38OFDKU20,217938
km0ael18Dfo,8348
kL-OpT8jyXA,3614
KLNVa72ZIlk,4340
kL4bTuKJe3Y,20879
KksXbA66RQQ,150755
KKJlefSu2mg,1742
KkGyHdyoW4o,2076
kkcQijn739k,474
kJzSzGbfc0k,924620
kjXIL7-1bFE,26030
kjiUEuCPEeQ,4575
Kj-AtSIFwcE,1906
Kj_0NGEFdbQ,225012
KineHEHZtEk,4055
KijWxl0MpeM,1654
KiBS-dbv_x0,759750
ki-Afm4arC0,149207
KI9e5T8X4DQ,291450
khqC2UfSud8,43208
KhnE8H2eEz8,13750
kHmvtlILO98,7961
KhGyqT58vEY,191229
kGRqkV1yZfE,15315
kgp8yY0txjQ,2994
KgMxMavEUVg,75517
KgJtajDBLI8,84
KGGoFISHqq4,299
KGE0x5dIpxA,146865
kg1QxSffWHc,4125
k-fOPhVfOGw,75259
kFEka86Lrrc,7555
kF4AA-186Ow,3727
kEX1h6vAUKk,214
kEnzQ-zz4V4,217
kenOml-GB7k,5496
Kemqo35m8gk,179175
kEI1SiT7yAU,729
keelOjhE59A,16855
KEcbCaHlNhw,30721
keA5xzqTBBw,615303
kDZDYgaonjo,6263
KdRPiY2KE8w,132325
KDl8SPzZZE8,5435
kCkuuzDOKwE,136171
Kc6CIwBVo5s,462653
KC3MutXeqHc,3186
kbXofasY2sE,116
kbk4dxVvxmc,2176
KbJytn-AQik,34
KBdrj31cUTA,1047
kBbKITdm3Lk,2270
KaxXm0nS8N4,5822
KAKkmkL78_w,9108
KakhRFRBNV0,655
kAhXAk2mh5s,24424
ka0owW3i2tA,58748
k9vQ5IIhiV4,3568
K9tw0LPYuFw,1591
K9sJ-yhI0qE,874
k9K06dCP-lc,1837
k9ixzuob2rM,3922
K9dxueVOZ7s,41354
k8UmX17DXWg,489089
K8OWx7q9Yzw,217
K8jLEgPsXKw,96737
k83oIJUlnkg,126
K7OX1bm0Ecw,8858
K7imG4DYXlM,152139
K71R1mBqgck,5447
k6VdVviZFRg,75123
k66mz_kyLqg,152536
K5Q-ZJyhckg,43128
K4N7F73XrEc,17797
k48ID5sB3Ig,3933
K3WXjoo2cjE,81223
k2yZ6RyuWjk,23640
K2V7YQhsFo4,28312
k2SBRD73Fz0,1312
k2p9gsjcfQY,359797
K2AbwVxrJ9s,525
K26hXCw3GRs,432
K1Uq8ehrOUk,475
K1mxzhZZZzA,821
k1KAJRWfQEc,6325
K1cPBahx7zI,3200
K0s6lo3268w,42368
K-_ojrQCk-4,576
k_BPFzUI85w,21846
K_6B68h_Ihg,1111
jzyEO2JRwS4,353
JznDbHT8SQM,1242
jzLlsbdrwQk,1287027
JzdRrsGqZRs,3199
Jz5BW8acYv0,21157
jz0-VqHHAn8,168
jyYTaucW3EY,2235
JYmrLUeciAk,20005
jy-eDZkhljg,168827
jY1Ka-NyiZs,506
JxLywSHYwDE,29393
JXKb6xtqC3w,156719
JWZqIXbO0C0,2602
JwsWpnvytB4,344
JwIpdVvzSTw,12842
jWDot7hdnuM,1727
JvzZboNIRi0,124
JVw5f8231P4,475
jv-u3c1aeCY,5022
JVro7EIrjGE,86
JVDpRGKZb9s,1955
JuvHVmmR9sc,733
juNbfZW_Ntk,4034
juL35HqyNY0,11308
JUi3psxB3QA,43366
jua2rmJg7hI,9306
ju4MDaz9IBI,6022
JU3WyhOoli4,4500
ju_inUnrLc4,6653723
jU_5oLpG6bI,912
JTyZeMPOP18,13975
Jtuv4_WV62c,1952
jTtTAsx8knI,3083
jTRvTt2LrOw,4668
jTRC_FMzLoo,110570
jTpFbbBfHys,152
JtIY1Naxg0M,253974
jtHM8yGVCTc,115478
jthJeHp8evw,99522
JtCy-eI57Tg,45371
J-tcQFTdHmI,2840
jTa3wtRaEvk,1010
jt0SbL_DMmI,5075
jrXv7WNo6No,23250
JRXKF3nytBw,5814
JrnSfMggWIQ,994
JRHG1E42QBE,29738
JRg5psqNN4Q,54534
JrbY3ayiOvw,92
JRArkJQfW8E,47
Jqs5EaAaueA,61395
Jqh-XJovVJg,101505
jqDYqSQeulw,33905
jPzC_jqrqE8,58014
JPyTVxF1YZw,5621
jpStWV2GHF4,24721
jPQ87J_5qyw,6824
jPMJtUpiTIQ,116187
jPEYpryMp2s,1104785
jOwQnez1CkI,93
JOwj_5yrGn4,2476
JovqVQt-caU,281
JoVcuCChCSA,16165
JOtiHM7XYMk,7388
jOS3o7kY8-o,17
jOlxfguZUAc,799
JOCxEgfea9g,6599
jO7Ysq0m050,44163
JNyZ49q4vrU,1089869
JNuVL0l5Ofk,23193
jNTyQPUoFHs,6023
JnoDYbheNYk,272
JNLE9_lv_hw,4407
jnjSquL9cW8,133157
jNgKSbrfOX0,6959
jMwcCqB3qWI,566
JmmpGToEEsE,10755
JMgzvpqzdTU,186455
Jm0Z-igxYD4,1356
jlxoMbXGcD4,1642
JLqmKXMocm4,4195
jlklGaS6uUE,1606
JLJYTkV95rA,5072
jLjSSXv-beI,397
JkYJQdjTX4o,4100
JkmyO6vtY_8,12695
jkiUKB6RwLw,24253
JkhdOkdx_mI,121293
jK8txVPAPas,2152
jJeOHnCBIHA,199
jIT84V56JAY,3469
JiSCi8x_les,317
j-IDQ2Sl0w8,43
jIdHWKNUal4,334
Ji_4dH_FXzw,23418
Jhyz9ZHXn5Q,1818
jHBQDOabJLc,12996
jGsE7y46Eqw,20035
JgQ-07VgJuY,100332
jGOlGq1ftdw,19587
JGo_a82jfj8,315851
Jg1C6KVz244,5797
jfyDd2s1uS4,18994
jFROhmtKg8w,3055
JfQ3W0wjGh4,477819
jFdf5P13wRo,176054
JFBudC8TEmw,73106
jf9c_NrNnhc,3961
jEvsCK2oNss,7458
JefYnYIXY_8,83794
je2FN-j8AhU,79097
JdxW2UU42Lk,12390
J-dv_DcDD_A,41593103
jDmXDp6bwAA,147216
JDmse8M-3-Y,923504
jDHI8oQ_Zu4,12220
jdH2Sy-BlNE,920518
Jd21e4TIw7I,107
jCtml_r7c9Y,102906
jcSkWjhgg70,10606
jcM_Nd9xWeA,21973
JCJb2VSAMEg,1593
jCgOX8OdIVI,33111
jce4fWYXJlw,3104
JccdF9l4HEA,6644
jBVjuXSpTIc,93
jBRUonZ_YI0,8377
jbNtrN1UpFk,6282
jBGmRaOSe4U,5498
jBFrbme17jw,1876
Jbds3NtyQHc,4592
JBc2_AsRFBU,27156
jB3vwW63dpo,28561
jAZZTE9t7g0,81649
JAZTcpADZRc,26943
jay5lU3lElY,12583
jAxrCPu7pXE,8232
jAq9RV3k9Qc,82505
JaOFvO5rpig,69
JaA2o9aOGC4,12269
ja9BzTROxio,10824
j9zADkyQgTg,1339
J9Hwwcb5BFg,55951
j9Fl_eVVIXU,497
j9cqnZokCr4,989
j9BsPYsqTc8,94
j8gXtP-oqmE,32176
J873mKAKCB8,184
J7q7OS9xEpg,2728
J7iuXrfCDD8,4006
J7E1vZvMi6U,82097
J75enyWdbBM,3540435
J6TRJ5ShyK0,2282
J6R0X6NTnSw,1231394
j6QXooNPFd4,412
j5s-s1oGzVM,584828
J5bxdl_GOeg,12967
j4OHuUN9AZs,48628
j4KvrAUjn6c,2175955
j4jaYFNwEbc,3156
j4bCgjJUuQI,2966
J3KdH_dg8Ps,549
j3dm1G0cRiU,529
j2MzGn2Bu_w,6916
j26WyjSo1dE,44620
J22oKQEE03Y,3352
J1w51DB4LZo,5160
j1v2A5pyGlY,379058
J18itfjNOQo,1619
j0fB6Cg5AAQ,4017
j_C7WC46IP8,2032
iZyO31frTJA,3296
izO1aZnHOy4,1824
IZNAp5g-nPQ,200059
izjXOS6FnPQ,11101
IY-rI7KcHZw,1831
IYoZJi42Tt0,1079
iy21pjp5GiA,2216
ixZJ6t9jMSo,5560
iXTFY80QexE,2973
ixga6yB1qiY,2149
ixeJyJtDcgE,191742
IxD2NbXzgpQ,358737
ixagtnf7Ne4,1570
IX6gYfA6l88,58546
iWZmdoY1aTE,42881221
IwSYVyIFCXM,183
iwrOIl7hwQA,19881
iwiULjXUxIc,340
iWFXM61A7oc,94336
iW3Than5jrs,36862
iVxptSKVxa4,2621
ivRfH8-tOe0,210
IvfQ-hJ3cAs,20831
iV3wgDoWGY4,262141
IV17bu7vQcw,3059
IUsFWiE0d20,149593
IuPABtlr-rM,15696
iuG9R6bzm14,3987
IUCVzXvCZaQ,143
ItoLIaCnvf0,1813
ItCfrTopoM0,16460
iSSiKEF-ww8,37471
ISPadKRsrqE,23598
IsNqBMqIVMY,1390
iSHAg6vclvg,3709
iSallxKpm8Y,753311
iS7vBk3naNU,312
irXTPzJThKo,10253
iRf2PUdsOxg,7029
irdFQkn59rM,29303
IQvd2J4TCyo,19134
iQp1_GfDhwQ,1168419
Iqf4Lamnd_k,2771
Iq6gCapM9gk,431980
Iq_MgclrgzY,60393
iPWIULW-joE,15842
i-putUPpHAA,1342
iptUNUFdyas,32014
iPKc8GEdTY0,780
IpinzeTlnqU,21061
IoZ5qDUuPV4,106200
IoBruZ-GwFo,572
ioBqtGUcEPM,4601
iO04CCzoHCY,534
iO_tfamaoV0,17349
INuUE7dQ5os,6014
iNogpbJa7-g,4560
iNAJOgo5_Xg,8730
iN8zmmCRqUA,863414
iN0rb1y5XKY,9057
IMhxZkdKqqM,8804
iLXt4OXc4Vk,20488
ILN_1ELontY,17
Il-an3K9pjg,5427095
ikxUWWzrWpE,960
iKRk0DrsM6U,1194
IKI0tlXPCFA,1942
IKCcW7d1tlg,9069
iJz5jURaEBc,451281
IJp_TGxfTEI,71796
IjK5TzQHuTU,1681
Ija8gz5YRX8,7221
Iiukq_ilT0Y,31362
iILJvqrAQ_w,1873368
II553BMJ3sI,1239
IHwzfKq_NxQ,32375
IhnI1geDce0,6248
IHmWhvjoSds,134
IHlEsRilD3U,96929
ih8ex84QoH4,238544
IgvAN76IneA,5897
igT1QKKm2GE,570507
iGLEzh7N0sM,119
IGg7TJvTRRU,296
iGFgMQkLigs,2609
iGD4bBgWPcY,171398
igczJLuaelg,1081518
iG-aeBik5DU,49
IG6VTRJNe1I,1872
ig6rSqTvJLk,953
ifFSX4hLVM8,1370
ife6ImdzZVA,39339
ife5Zij94_E,121013
IfDu6zY2_VU,157853
IFDnJeLgIZk,18985
IfCYeFyR-yk,171
ifa_SGkGoP0,3929
iEyMyMA3rAI,41128
iEOLAqksKak,843
ie5-9l6AF7M,508
IDVxubAYBWM,3496
IDQ0f4n9aAo,18117
iDk6ExMXLxQ,1932
iD6or3kKsUA,1667
Iculr0LElws,44131
i-CR3q-E5jE,79734
iCMEMuJFLR8,14406
iCHX2KZHdDw,1501
Icey1kz5qWk,74502
Ic4Xo3BIHzY,14736
iC0WbIUZQGE,18210
ibQD3haB0aY,207
IbO0M3DTqis,318334
IbJwUqKgHkQ,92946
ibh_G-pHRtk,41910
ibewMM7YiG4,24941
IbBSbdcTV7Y,7005
ib8ETHsMT9w,973
IawKU9nOwHA,207434
iaVdSgyugKw,1063
iaL3EEWspLo,48794
iA-fY2dr9jc,8963
IAfaZUZGuGY,5470
ia_QG01Dzk0,2828
i9T2Cw9X4nE,282
i8OYerdcmCc,26776
i8EJkbADR3o,23537
I85lSZVF7_M,1447
I6YQz96PYvw,23983
i67S0wJXgzA,48849
I5yLNzUPcys,68
i5qOzqD9Rms,11541656
I5cu5Pg4hOk,673
I4PzRRZ_8B0,2476
I4Dxya2XBUM,2182
i3U4CgbO1Uc,1648
I3Amrr5k3WE,3721
I2lQ_gFO3I0,22139
I1SaQFR_QbE,2442
i1mmLOPlkDE,22
I1e0PQL8K9A,2311
i0p1bmr0EmE,41165773
i0BtxkCInqo,2851
I_ZC3B1NoSk,5161
I_YATAIvd4g,43504
I_XyUvQtABs,24880
i_WzT6fJHak,14813
I_nLiI8dkUE,27908
I_0GgKfwCSk,15471
HZTkMpr9Kf8,4095
hZr1u-zzejU,141636
Hzk1bM2vVFU,895764
hZ6eNWwvLtA,312
Hz4-LvhISYg,103
Hz0VlUVjYfI,0
hYOa56nwx5Y,19481
HyNJ3UrGk_I,40987
hYirFqEc8Tg,4350839
HyDSFU0pX_4,4877
hy9Uo864i5g,2481
hY6NByWnGys,1445
hy6KpYDVjLQ,526
HxuRKqGx0Ik,52081
hxCpOcskJ1o,1794
HX3tKAcCcxA,97314
h-wyXvCD8rw,185
hwWCt4_iA8Q,8647
hWQiXv0sn9Y,194897
HwOGPU6hEqk,19150
HwKleiTytiE,1998
hwExMRQ6G3A,15342
H-WEhug-up8,1312479
hwdIOJ9yE_8,36407
HWDELTsAZOg,5502
-hwB-0DPK0E,1173
Hw8k0dW3Drk,143469
h-w7QZo0XSc,532548
hW38oCItJqA,859
hVxU5ekXB8U,5802
hvFbmImsCc4,74651
HuWLoCF9rWQ,796474
huuKJlw4-ho,1556
huRPUAeS9qA,1794
hUNv4xSDdl8,16584
hUMIhe1Id8w,2392
HTTpDGDAxtg,166514
htSvoCwZA9s,720
HtN-tzq7ZhQ,0
HtLbE_SIuxg,33383
HS-IGKUksog,258928
hsciWLqg0vc,1326
HS9fcQfAeDc,22022
hRzbHAUS2KM,2085
hRWxAN6JOZE,154
HrRHsxepb5k,2669
HrQNdClwMs4,103087
hRi0OXOcH18,7287
HrHhmnSJhSk,9842
HraNmhX3By0,7779
HQYT0wZojYE,4038
HQojvhHfdZo,881
hqOcrEyOR_0,39837
HQMcsutabmg,4004
HQiDKE85P3U,487908
hQe4R9cSmtE,10883
hQA0oWZpgAQ,244893
hq9RhnpPG3c,1052
hQ6-boBoJMg,19975
HpTcnq5FbzM,6712
HpsNMeomQgY,401087
HpRCdC4Q7CM,5231
Hpm8O--mNTc,3330
hPftq7ppMe8,3
hPfeeb2pHyE,0
hpEjxsHT0Zo,17053
hpchDSh0b2o,702
HPaoh3aVCsw,5871
HPaKuqsNuCo,165524
Hp7o9oG9Gis,676
hOzo15P9Aq0,4058
HOyOVbQGN4Y,530
HOxylh5runs,256329
HorugBalutw,225470
hOngcvbzf30,164
homtQ43rY18,20252
hOiHshb3BKs,176402
HoB7u3UAqWM,22561
Ho4zPMlmb2M,6817
HNyNfCZJn7Y,502
hNxEyg23KVk,38705
HNvX4pY1TLI,66855
hNpgwz8wvE8,7091
HNKY3MHRejY,5370
hnKvVZhZ2sg,12417
hnbX4Ygo4sY,234
hN7zAz_PX6Q,578
HmvOAH9RN_g,56904
hMvcKL07R5A,298
HMp2PyhJmhU,94
hmes-Q2F0Ho,1923
HM8Ba21aRqI,5294
hM7FB5WrXLw,20868
Hm3_IxMw9jA,3323
hlyAERk0Dfk,996
HlRd9Zy25zo,54094
hlcXgyk99Qk,7325
Hl36Ax4JCC8,76889
HkxeDrsLJfs,2361
hkuN0VCJ_d0,171358
HkjOQTjnLBE,51130
hkcjlimFGL8,784
HKc7uUl3StQ,2903
hk7_CG2ejEs,2771
Hk5dxn5dj2M,5464706
HJoamS1QNxU,160685
hjFV2f36A_M,81633
hjf-h6NMj7U,158006
HJEXMjEnMyg,35855
hjEHKvB77oU,9523
HJAr65M4Q24,7620
HIWxQH6EiYA,516
HIwirSk4RjE,432118
HiQHcbFJv_o,1123274
hiM7srHmZeY,3536
HICLZAMwzLI,29430
HhXxwJVnYac,13686
HHuTrcXNxOk,53997
HHodhsY6-m0,38737
HhoATZ1Imtw,443778
HhhWIeCp8Ks,129537
HhEPgqqUckw,388
hHaUQh6Gx-Q,165649
HH6M5tPZfdo,48381
HH3J-sSf6RI,49528
hh2tbZt44sY,7870
hGU1ytRiG1Q,1043
HGTR3N4kBsA,2342
hGSIbCtDsNo,44363
Hgiu9cqph5Y,2114004
hgdtr4yvV9E,4016
HG6M2xQZvj0,829
HG5BU_1RMSw,14467
hfmYlHD1Dm4,2172
Hfmta-9Rs3A,346371
HfIgfy0HJHU,6281
HFGzgtMyOZY,1167006
h-fBZgIi5Rw,2007
hF0VjeUjl4w,129
hf_5LZlmSGs,271809
HEryVq4bRos,4411
HEQfw_v51wg,4293
HEO5W64Rulg,9514
heNYBivbt-M,663897
hEnWzvzVMaA,2735769
hen_Mt2ogLY,38563
HelJMVjKc5k,209
HE1NXHr4VBo,1256
hDYPVhwULCc,203338
HDYJVmoWoyA,259024
hDxJeWnQEOQ,295
hdWK-uZ3JTI,42090
hdoLeKGoSjw,317247
hDm-OuV_Xnw,1395
hdmjscyogQo,8046
HDfCYNfzo7w,2767
HCYcUolhGPE,3109
HCRefZ1_yNY,8109
hcqqHwlc0Dg,4382
hcM7UBal4M0,99
HCKxQXaNiaE,1401
hCEKHpHK60Y,889
Hbxdid9XvJ8,34046
HBvPrh2yMik,175759
HBUh1kJvqIU,11522
HBfXWXIrHCA,78061
HAw3OuACUaA,4917
hARjT7uoWUg,23012
HaqqYqzjZwY,6726
HaJ8MABF-r8,9877
haHEgx6pj6g,1866
Ha1WASsssGo,419
H9zGeEiDnp0,1647
h9MFiU-EqmI,37555
h8BMqjEF4ko,957
h7O1WOkFS5Y,0
H7gh2fmdjCU,1453791
h7FFVi3ZI8M,3745
H78P-eAvWqg,18165
h6kJ477ixNk,26
H6D81MEXEEw,49765
H5g3AiMQz6o,1909
h4XkP10BQNo,21773
H4NjcO2GAMU,4817
H-4nBYluSOI,3540
H4Hb6HcCm_E,1751237
H3PKipRZKv0,63719
h3jTiKv6oII,172
h39fZdU7174,44269
h2lfKH-FBds,9410
h1UBM3UgAlw,765
h0Z3XZMk-3Q,308
h0lb4XdkVqc,33824
h0GU0iU-8Fs,21896
h_z5v4KpPXM,366162
h_-TQShNW4E,62405
h_O8ZvB3uEk,2495828
h_GwO10HroY,50154
H_6ZJrg-E3Q,142519
GzYRQA-eN5c,803
GZUv8ivnv1E,36822
GZPuPoQe_3Y,810542
GZlCYNxt-Jk,99200
gz5t34056G4,4603
gZ1XyZF8b6U,56877
gYXnsU3k6cE,5216
gy45HWaFhhA,341
Gy3aKyIlNB8,2488
GY2eAWpW4_U,23320
gXsgy-L1BcY,22396
gXq_OW7ws18,157815
gxofHLuA1oo,9319
GXfLAZbFhbY,409
gxFACdXlD-w,1509
Gx5DV5zFKlU,48407
gwY1SoVp4mc,12130
gwqFS9Ld4wg,103
GwpZKy05D-w,67306
GwpdF-zXVDI,6256
Gwi_UN-w0x8,48381
GwENimJ9zdU,1788
GvUm3aaOpM8,1726
GVREuiXxu_g,200
gVPAB9bvW5o,27143
GvJtieRgDy0,107430
gUWDiXBNohY,1378517
GuRl_sUUIUQ,16278
GUKrboAyiLs,353
gu-g2U5B1Rw,5727
guf1L6HmeOc,92802
Guds5zc5YgY,29274
gu5phlkEINU,16727
GU5aK9UYlww,3410
GTXXt32P18U,18275
gTec-EiU_gI,13405
gSxkueLTOXI,583945
gSNr8ZRYYyQ,161
GsguBTTNMHA,23096
GRTGJ5bgV3M,2946
GR9pZuk3sRQ,3287
gr60GYwc4kw,14188
gQRxNOA93Yo,9390
GqKlALVKsXc,27166
gQB1O3T4jug,4937
GpxCT36DxKg,988827
gpwlBzralds,15285
GPv28j6S-J0,104
GprSy35gXoY,807
GpLGLyag9P4,11559
gpH9clmXx20,5710
gpeXPasXfJA,21239
G-PDcK6RCQk,544
goR9iTdflso,677
goKi8zLga4I,35
goIXAFdlcUw,1257759
GOEQZIZnHiw,589
GoeP0MA-M_U,1599
G-O9JkxoLqs,2754
Go8VUAZWhpY,185129
GO7idCSKOPU,523
GO76u6fzP3Y,914
GO-6wpLxgVk,20607
gNyVxirAkpU,10077
gNXoxfeyzmI,444341
gNvNMWiMxUE,474835
gnqSLf6PQM4,16576
gnDVjDTXE0k,2557
GN3lXh3HwIg,13660
GN1lWxbVEK0,1762
GMmOkoAsfUA,1063
gm6eHtqXtio,0
gm6Cm33h57g,64174
glvJ_ToJaLw,7088
GLu3p97En1w,13680
GLnsth67ExE,3567
gl-n1SDjXds,571
G-Kz_WlA0V4,657
gKyysb8HdpY,4684
GkOfLHJFQ-k,934
gKmaD7QpPtM,1513
gJPDqGNCaWk,2176
gJNF1R4EDnw,9167
GjjZacZSWT4,13649
Gjc0gXDE3aU,8095
GItpj4vu0Pg,33106
giIYz93IyVQ,1386
giIC5vtVboc,24457
GIgB8i8o2No,35817
GI9RunycNQ4,2546
gHHyqoU8sQM,23800
GhHBfDK4lE8,130347
Gh88fu1lr38,1187
gGuT3MNE_QQ,19435
gGoSQ-OAFHI,5933
ggm2Pvj2QHQ,99761
GggvcOwJoMs,24191
ggDsYF6XsGM,349
Gg6ULIThWus,210
gg0YAsBE03E,178
GfUIsHizsis,27148
GFte3Ypipjk,5032
GftaTqipYas,7052
gfIrR7k2JNw,15936
gfARYwVMoZA,198333
gF0bvI9vLvI,502
geZGGYxZtWA,1520
gEQD59-0_hI,1811
GEO7BS4CW9s,2504
GeLtA3D5hjQ,13952
gEJGADrL5Ss,3417
GEIvFfeSjuE,42935
geh4R7kp5MA,440
gEApbNU3zU0,89
ge9_JBZVTIY,42766
Gdtw2DQsxTw,18838
gdkdm2z4atI,52
GD8zim_L35g,57357
gD7MOR4CfLE,4722
g-D6uvx8N-s,2882
gd0bB-5X4o0,19987
gczHz0CPum4,11577
gcFL4vaFrO4,104
GBr-RXZD400,1248
gBoUQwFAkGc,33337
gbMXWQPZ-qk,53
GBbXSZNIYJg,5851
Gb1Am-33gTk,341233
gB_7KBTfaw8,6746
gAZaqhNxAm8,16343
gAmGK4zwbqA,3866
GAkkKjds00o,2452
Ga6Wpb6feSo,4673
Ga2jTgSW3kU,38
g9kT9_18za8,111713
g9-Dnfs6t68,21522
G8mVjYzQbko,2450
g8fUVpgUHgo,53984
G8cmgjTTb1M,912
g7ymWawG5A8,10297
g7kywh1M6SE,23391
g707rqFzPdE,13706
g66Ht3zT2BU,17845
g63BEa7LEtY,380
g5wVhaupuKc,17027
G5jCLidjWH4,2961
G4M3DAJNEvI,3335
g46T19sztLU,43431
G3TweWz_5HU,3057
g3s0--LcgQw,175824
g2Dak59cq4k,901
g24Qhn-8_zA,132096
g1Vag7OgCXw,38766
g1uh6yq2VKg,1796
G1IaHrsCjqY,2503
g12U-0zes9Q,136242
G0EPegHoHXQ,88368
g_c79qjMpVs,2196
FZCutVRTub4,10294
fZ2OBZ2JM6k,175
FyzXKLL4fMQ,127
fYyCSQAqZk4,9415
fYwRsJAPfec,27485
fyrwbWIJd48,3105
fypz5wVS5T0,1765
fYphTLCAXD8,1277
fyNcJlwXurk,27002
fy2XDBbDrAs,31256
fxVO2OKEht0,3269
FxJWlwzRA_g,1864
fXf509_xRKI,24929
fXEmvlEeruI,5538
FWxEqphFiwQ,10419
FWJkl9vjptc,4540
FWFMPkU0hKc,13212
FwBHy9h2iPk,79135
fw_6qHCQ380,24897
fv-RdJ_Yo2g,721351
FVpTr92g51o,3170
fViHxVwA6hk,75585
FvedKSaHCBQ,663282
fV6oZmYG6fA,146702
fUTyUjYldqg,1647818
fuAHE-V_3lA,433
FtVCjMAebq4,15683
f-TtQ6jR1gQ,27302
ftqeN3mG9e8,6623
fTiujTcfksY,3109
FtewbwIZ_-I,676
ftDgp2aFTt0,3049
fta-oFsi74U,5035
fSVfCJ3v8IE,12206
fsO3HlLfn3I,2096
FSKvQBKADJU,47849
fS37K3Lcf6g,21310
fRuxM15O0yg,7373
FRsUxR6VWhc,74988
FRQL_CXrqzw,42200
FRjOSmc01-M,2825929
FrHfRa3AADI,2548
fr-ftl_CyQI,1694
Fr95MPLCvrk,519
fr5fRoOVSSA,524
fr5aMI0Whbs,1084
fQjGRb4-IQM,145106
FQEhK1SQlRk,111051
FQDGXMdiAHQ,35145
FqCZhSIXcv4,14760
fqclK6rn9ZI,37307
FQ5564CZlqw,1907
Fq35Mmpds6Q,295
fP3qT3R3M6Q,288
FoxwmWaS1J8,3946
fOvKYX7ZlHk,206
FOLM38CnqhY,27077
fo6ZIeXPK1g,344
FO6My1joJVc,523148
fO_gK-R4h4Y,210
fNVUTgd4pio,2122149
FNq7Psh3zEU,682
FnaVcsLz3Qo,9853
fmwZwixkBiU,6363
fMHfRqP0KSY,11347
FmeVHlJOpzQ,162384
FME8rJzVoSA,2545
FM7x2VByEfk,732461
Fkph2WF1ep4,1203
FkOt19CUC30,573849
FkiQ67FtycI,774653
fkBYn3QkgpA,20270
fKb4UFjfotE,1480
Fk9LLmBN8nQ,5549
FK8Afzl3bcA,288
fjz4CtKZYAU,101
fJXWRFizc6E,2920551
fjsirJ2YMXw,4919
FjqBekVMwjQ,11766
fjK3lt8AQoE,498
fjjSB0WzxtU,4264
fJDvVXeFNXg,602132
FjcOT1AD4F4,60
Fj0BikeLT_M,0
fiTzPD6iuy0,48986
Fisr4YY_2L8,8993
fIQACebF8pU,811
FI0Rl2ePRoE,28935
fhzSSW__ZTE,29405
fhOlHaBoyWU,14888
FhllRWReNEE,2539164
FhhlMSpvCQE,22728
FHGUJ2qjVC0,112598
FH7wH9doJ9Q,67655
FH0NCnqKwmM,44121
fGXgayxAlZ4,233
fGMHhjuI9mg,14317
FgF3ENGluoI,68
Fgd0RrJBXGo,14263
fgasnlX9laU,8078
ffxKSjUwKdU,97998082
fFuQfcAbCIA,1706
FFpIQSCp1HM,133094
ffnTZdgUs58,2185
FFL3h6ZTCFw,7680
feYykx3Fq-k,345074
FepIkIILumA,6259655
fEitujHoYdg,785
feFX57s_qro,23215
FE7lYMQR4Jg,1078
fDRrqJU4-Tk,1702562
fDmnFyug3Vw,43
fCvg-qPJSDc,999
FCEN-hbeoXw,7134
FC8kxOe4a1Q,125
FBIkUV4I1aU,260010
FBhVIhmh_N8,48962
fBdx0CdSDJw,2350
fbbaFFpUMDY,5619
fB0ZhNYSqBs,7763
fABSffnIhrk,130968
fAAAZqFmDfA,91869
fa3g4zx78cs,863
Fa2st0GbJFM,164
Fa_wN6O-eQo,8903
f9ZY3k7VYfs,49429
F9qdxZvP3Kg,1445
F9LeYXYJICk,1039
F9_NFkukTQg,222
F8LYZT-FyRU,684
F8IFzaqeKdM,7962
f8bgdZsVuwk,2935
f83MiZnkWts,2530
F7n8Szu4m5s,21204
F7cz430lylE,84325
f6R4W4UKC7w,289
f6NJvg-kWJ8,2068765
f6Mtsuj4z7A,12249
F6Hzna55ztw,5329
F6HVgrg92Rs,73424
F69ULBih45E,1049
f5XvBNg2Y0k,418
f5I79eakR8E,3843301
F57oEkHaVrs,6563
F56g6rfwDiM,11163
F4TjzbiB6_c,33993
F4QqFhdFj2w,36153
f4FuOi9rvKw,1354791
f44NvLRFWaA,10658
f3WsOp6jZQo,87
F3m9yVlJDtU,76612
F36O0KExI3s,4564
f332DVN3EoQ,50888
f32EIDxONWo,39
f2kesmAO8VU,140795
f1k7FAIVt-Q,179
F0rYqvRk9r8,272066
F0b_-cH5ZcU,2560
f_U-hMer1cE,62184
F_thvMnIxEM,27014
f_R9_xdhuNw,613487
f_m_o_uaMfw,5801
f_0duM9EQx8,63011
ez6Xdf_p7Yg,4239
EYqVRLKBCrk,759
eyPRDwsjCJc,2068
eyhovIu-l6g,8598
EYeIEou-5kg,39390
EYBGrkSh7EQ,1759
ey3r8jOkr70,102019
eXWfz4Mpe0M,4435
EXv1EGgc5WQ,13736
eXmL-WmysCc,4267
EXk7GQB0ico,664
exjMt3v81tA,45519
eXiQgPm4hmc,867
exdrZa-k0GY,248520
EXDb2GaUKZc,21701
EWX6O-OTwZA,53086
EWTjiJM9IQI,156
EWKh5wkFzHw,2466
EvYtTEIcBWs,72
evvcZnY__q4,10468
EvUtLH8ck9k,416
evSfOassDBI,20838
eVmxh5Uft0Y,9981256
evKZGQ-qwEE,296859
EvGCQN7s8vw,233
evfM1QDfleM,24297
EVFHlNC6Uv0,77081
Ev46fHxVe_A,362
Ev2aExZffQw,42600
Ev23TV62k08,98144
EuUjTnv3oqU,1259
EUtaUM0mfc8,27083
euSYwqmrlqc,198
euRUiDkBGvk,68419
EUnQnf8mfW0,190691
EUfZCJtfAYA,92704
EUFtVAgh9vM,859695
EuAuos3Zxbk,13419
EuaK4wPMIP8,21618
ETy0SABmtak,2118
EtOnTE9zvQA,35273
eTNm7nrDSpg,867
eTMQAKK1tNI,35680
EtMbDY0YWds,2121
etJcrUZDcL8,15257
etisfLMUagI,1797
etHvp3_1LnU,10540
eT9QeDqZbWc,23938
ET9ee2XH7eI,17057
eT3ysRMqcS4,62
Esy__nIL_pk,2588
esVSw_vMLz0,818
ES-s9KQrUTY,177984
EsNtFuysX0A,8293
eSdQZWCbqbg,7574
es9-P1SOeHU,12422
Es9CfWMmPRU,327168
ERqixcGaK7g,21774
EROqrFqHegs,14462
eroexhJFTV4,2562
erLNU0cJvkY,15890
ErlEqdAyvlU,23116
ErKz5mD61q4,1227149
Er-hGFBcosc,52612
ERGgkBjqUaM,12193
ERalk1IJSg8,1388
er6Nf6GlIwQ,12150
eR6l5okR-X0,436
EQqIiTk2fy4,813172
EqeIRzY7hIU,263370
EQ748TZcuqs,139693
eQ0dGohz6zk,2043
EQ_kjEjKrys,5126
ePZEEe_F1Yw,116
ePXc-hGI05U,513
epOIU-MvQU4,979
ePl6Y1nSwq4,58
epHRVoTFuVM,14666
ePbfeslgzDQ,1051
EOsgViOeS5w,2323
Eonq7PRPIqY,67520
EOc5sMSsZu4,134308
EoaxAjh3RJI,588
eo9rNMv9gq8,2179
eo53TL8P2Cc,16708
E-O4dvQha8o,131
Eo3YNYw9DjM,6343
eNrA2lorN4g,357
ENnNNLSkdb8,17048
ENDfYD-4giE,9329
EmUaWk5HBSI,302162
empFDYhJdYE,12871
eMkZ8GEVgUw,136169
eMJuMB1asf8,1326
EmjneOzB3Dc,0
emISpWXVuJw,15344
EmEF22qxqxo,495
ELU7iQIhQG8,388
ELqeARqjcoQ,1386
ElPJr_tKkO4,272601
ElkmMsTGvRw,53105
eKR_n4alu3o,172063
EKQhd-CnLJA,313
EkL-7WX87uk,36534
ekkqzUqxyoM,104143
eKJziZJ9uFE,225
eJU6S5KOsNI,10734
ejmd5GcJppg,104
ejFccNmL15g,160905
Ej9hjQvaPAk,106698
eIW6fO6a1r8,1950
eiudTjsGM7g,124490
eIOE9TpkQBM,1238
eImcshbklK8,25052
eIHlLUcDkas,1108
EigOCOwWxRA,506
EiG9idSXuB8,185
Ei29qEys78k,4443
EHUYNVA6hF4,87617
EhuK6otBZKo,600
Ehox9NY79JE,61592
EhLHNpGgBoQ,1426
EHcLF-tNwr4,92
e-HBbQI8vpY,409
Eh5eWMn9mJM,107267
eGt_iBDVces,4094
eGpYwRxd71U,1075
eglWMdvnrBo,154
e-Gkb8KHd_4,83772
EFXZ7tONrRc,4412
EFwa5Owp0-k,350357
Efn3et87_jE,221632
EFid2otZi6I,48216
Ef4PLSqqg50,3182
EF42EeBNwl8,1227
Ef0wj2gFDEg,673
eEqa7NSg3_c,9032
eemoOV1qnwg,1169
EeghAmB1W8o,13689
Ee7tKhzSuik,1818
EE5IVJOTYkI,1956
EdM8n_3iTb4,85959
EDcSeoO8fC4,5922
ECSZ4ygoC0U,110
ecQoW45bzB8,276
ECPYUxs4aaQ,965
EbYulfRzt58,8636
eBStdVvB4ik,252
EbSOKsFHwU8,4164154
ebLxWffaQF4,20651
ebKNe8e9PYM,3707
EBD48hQiLjw,9423
EbbL8NhdTQE,286335
eaXmIPHrHmY,33855
eAvZLy-mFdI,5315
eaVSN3coQM4,1578
EASMgCZ6A9Y,28164
EArkDIKyHPM,12602
eAMu2dspxTo,10405
eAmevSQbaZs,3516
eakWxxHKvho,93
EaJnYMQ3pkg,5206
EAGf9RiHcWY,305
ea5EDMX0ong,4270
ea2FXcjk3Wo,246130
E9WVV0J1qJU,20
e9NOwaiXqqA,40843
e9ANXePp-CY,2326
E8wZqMHARgY,88875
E8qN0ibe5GU,8007
e7X5RZO0eRU,2102
e7sIvcYmuk0,122104
E7NdrkKD8Vk,26594
e7dqJm4_9D0,6864
E6ZvwETGbv4,5377
E6IUMKMpdRo,331050
e681QNbHloE,12513
e5ILfB8gmKk,2217
e5bernQdWiE,163236
E58zy3jxsJI,51
E5_7kQpLvM0,1561
e4LfNLtVQqE,50967
E423pNvi3W4,221
e4_JQ08hiyY,6203
e3J5DXwvzXs,1572
E3hBqn14zSw,21296
E2qtPth2W6w,216845
e2kzGfupQ4k,10281
E21NATEP9QI,111150
e1YqueG2gtQ,768593
e1YICRn14UU,2447
E1Rodjtmdqg,5848
E0XLy8iZu7k,9458
e0eYfsEq8UE,12220
e04pTwZdLhg,5377
E-03HiCIqVs,1123
E_YaXDDbOQQ,15413
E_wwvIA7tDE,7628
e_FmQF9yVIU,82912
e_afEVYUESw,338
E_1d1_T8KhA,11340
DZJod5hUqx4,61199
DZhZJlrCegs,2914
DZAiRufPx9A,366855
dZ_leiGsEjA,6388
d-XW_qraBIc,2736
dxrXljtonEg,439
dxqmbhJ4GVs,34
DXOt_dwp5Gc,148
dxCTklQc-P0,1976
DX5_o-mumvE,1248655
DwZXXTCh_Cw,3016
dWVHJR6Jg44,9856
dWuYBb0NPd4,62786
DwLVm_M9O9E,6093
dWLDoQ0Kus8,338553
dWJY3wjG30g,4729
DWg7yN18YKM,18095
Dwc27Lsr1EY,5290
dW08GoJfdLQ,28685
DVlIn5DFYOs,282
dvha0v56J1Y,2920
dvB3EAzboXc,2036
Dv7G1Oe_3fc,243
Dv4Ph97jv44,174710
DV4-6BKyWcI,1775
DV2_A3iuTC8,13154
DV1OqgHb3jc,3617035
dUXW3Kh_kxo,12429
duXW_wPTw0o,849121
DUsZQa6dZfk,12253
Duso6KEWsQE,1667
dum24Tw-JbI,1741
DulNakuRwzg,881
D-uEEGyX9jU,1350
Duc3F700lgE,238114
DUA3qIpV3Vk,1956
du2glBYfpNA,68541
DtZd5liS4l0,435
DtViGHOUJpg,3682
dtUuooSOy7Y,5049
DtcsmioM2gw,175
dsvd87HpkFs,4351
dsu3aHQLkB0,509
DSQG0zvR6dk,91288
dSNCDu9pXEk,453
DsMp2NZYIog,75321
dSkb7O1-EaE,177929
dsk3iy6-QNk,389
DSD8tNN89Kc,120773
DSAsdcDIYgw,154714
dRxMcpn6g6Q,16720
DRkOTThZun4,44
DR5H0mMDUOY,377
DQZT9nDJ588,910
DQlgZq-AWsY,9657
dqgYnF4aygA,10400
DPxL7dO5XPc,8143284
DpqwiUcLDms,1137
DpeCc2DXdDc,631
dp6z35_rj5s,19594
dOw7C3vnYMc,1163
DOIlfn2IfTk,5494
dNxF3WUUB9o,34354
DNrNMg8_gEs,1663080
dnpVNfHMlY4,25880
DnN6YdsqCRU,30883
DnB81w08KAM,62154
dn55MazaNA8,99
dn_aaxZIA2o,134600
dmYghbivxWQ,509381
dMy3vgg8dd4,22807
DM-q4pEbxFQ,95436
dmohxy_bvZA,1670
DMKcO-T5Y4o,153304
DmJdWVj-tT0,73968
dmdlKqW6zII,15223
DM30XULLz6Y,62735
DlYpTNewuXw,1335
dLRMA_lWsDY,72525
DLpU9Y9aN5A,90
DloLoFd3Qvw,9376
dlkC5LNR6OU,2869
dlipekkPXmo,17654
DkYe6YqQjUQ,26738
dksF_qYn720,94256
DKPCBAlDw2A,11568204
DkKwNB7oGjM,82656
dk--eGYUD6w,3857
DKe8fCPzPQs,15293
dKccvk36atQ,321886
Dk9uitzdGXQ,2745
djYSkBzSbdA,10218
djIIs2dkaX0,37239
dJHNMz31G8A,650748
DjEYuhGGsf4,2762
Dj4M3AtpCyY,510
dJ2cDEcfpKs,1273
Divdlh2vbMQ,3626
dIjms29rFA0,87595
Dih07hIWMUU,1528
DICeQrH7Q7M,518
dHxT2hHPUsM,52683
DHMBJ2do1XU,123431
dHjU9hGCC8c,1810
DH0ln0xzjfg,37720
DgSJfbQyAlw,4928
DgljcMqPG98,48578
DgehKvd25lc,24661
DgE7Kmhqw4M,5254
DGdSlnw4D_M,240696
DgaC0ytqdv4,89711
DG8Vpj3jDMw,1758
DFRTXc_q-2k,16134
dFOyWOswCmk,534
Df9UP6_7P3U,3972
df7PZIVe1lw,2920207
dF3GkNR0Of4,365
deyqAURzQtY,5223
deVoaRTfVqs,109213
Deu80xFFTNA,19340
DeNgwmA8g68,10193
DEgdp6ODBPQ,3688
DeCoH6dPPWU,16205
dEazp7ujljM,82757
dD-YA5GXp4s,50559
ddXpg6XKME0,11960
ddvX9eaUSgc,52003
dDqwlCuY6Z8,9553
DdLYSziSXII,13431907
dDbj70y-tDY,22868
dd8AdqB0FBA,75
dd1wWudeQHE,1509
dd_T2tPt-RI,1050
dcN4jh6Nmqg,338
DckdRgJipL4,29454
dCIwep2bbo8,60007
DCGyLjBjuGI,40359
dBzdibsvyQg,17103
DbYe6U9Dljk,59452
DBuC7RiUXhs,17180
DbSHS3Oh7uE,5911
Dbq50gCv7dk,8706
DBPoV2ic6pU,202
dBmTP8GJKuM,517
dbhT0P2N_FA,7739
dB2IV7ub2-o,118
DAzCD0jmHvU,41
dAXIpqWtpnw,4529
DawIo2PCqBY,28128
DAvFRzrMsyw,40271
daSjH5l9o_4,11119
daSC7nvgGw0,56
dARAN1z2KqY,7134842
dAqJ8XieEV8,1788
DaP-Lp3Tgg4,100508
dAOZa7JYnsw,47499
DALnATGj_pc,8387
dAHolupCEkc,65387
DA_S-OBJvQ8,15823
d9vndsVbNW0,1911
d9bshi0kwBc,230311
D8OQSNYM1Zo,11073
D8EM9YKi7kg,1923
D7wmMZmMinM,42275
d7LKf15ZJaU,6796
D7cEJ9pS7to,269
D77x5sSrx8M,767
D76GvEcXttw,557
D6zNtypqNLQ,5329
D6Jxzu5-J-k,105556
D5U-XWVBvAs,87
d5TsR86ieJA,15044
D5tett-Kb6w,57202
d4kDR5dresE,10220
d3UolEbsH9g,176
d3bsd8N_KGo,45881
d30TB_-BpxA,2098
D2mxKEa2xmA,60673
d1ZCzfubAT4,512
D1WWGHcJfyA,50011
d1D1SJ-KqaQ,16407062
d10jHS8rxs4,6161
D0bT1CZn0sI,17426
d_nrbj5jkz4,178682
d_KFQCKkmgI,7551
D_CZ8v9uZJY,686973
D_8854p1MCI,23135
cZYNADOHhVY,1930230
czXHwPO28OM,267
czx3jnX0UYk,1444
cZjy88qbEqQ,1402
czjHxTc3eUA,1535
CzbXiHAQ8Ow,1127
cYyjhQonOLE,23354
cYxzLGk2NcY,1783917
CyXUjfSZqzU,19
cYtxt20VXSc,61487
C-YQhpZ-lZo,11676
cyogin3mHLg,35444
cYMWdoV7HLQ,125
cyIftAPf7kM,819176
cyA_FAtB9ZE,147
CxsJqu3Fr_s,444
CXsE6SlLa58,13743
CXRDMkpC1_4,4560
cXQYsW4Jfg0,18287
cxQskZkthv0,8910
cXKhqqk0RaQ,308015
Cx1kgLIznUI,2713
CWstkticDfQ,18186
CWsPcytkQwU,47588
CwhrBYuSuHA,6055
CVYG9TkUz-A,3226
CvqtJTrsKCE,424577
cVQqJaW1P7U,2208
CV3SaepBEYI,157607
Cuvwtp6ai2A,6089
CupbRr2m_sM,336246
cUKZJ4PPxOM,4147
CuiRsOF5JEM,216
CU46qvyNw7o,9918
CTmRASBwJkE,858
CTH_cEmp6Kw,61601
cteUDkurv7E,111347
cteGBaWrGZw,28447
CT_al4KI-V0,69774
csv2nkglvOE,17282
CSsnZJ1En7U,6196
Csnsq9f_ZkQ,217206
CSMgPq2JakQ,7789
csM9QlkwFx4,190
cSjlzRLEVlk,3983
CSfLsAqTQ8o,3476
cSFfxxVYpxk,323365
csDI2JtSDUU,1343
CrZhGI_em2Q,2312
CryTUJO-mMQ,8640
cRwCOm_p-2o,4470
cRs-wBddqZk,13092
CRSsa2o6PDQ,183515
CrGC6WHAspY,2362
CqyGi2rJJFI,16909
CQQit01HHLY,2793042
CQPVMxQOh-E,285887
cqItYQIFnWk,1646
Cpzc5vcf61I,16245
CpXaNIT8P5I,12386
CPUnmyF09uI,1188
CPjWgk0UXps,561111
cpGA0azFdCs,1092898
Cp9CxCQ_m60,855
CokyUUrx18w,181406
COkL0XPnCOY,5085
cOdsbKnxsqM,2306
CNR6poEZYIk,685
cnl42-DbH3Y,2241
CnhvlYvkvGo,9106
CNCUXDzlfGM,32428
cN26ESa3IQk,5104
CmO2143BzYA,15696
Cmcwns8jCpU,4918
cM7HHCI1EPc,793
ClTZ_gbIqPE,24831
cLovJeESCUA,12717
cLBHUIuJq2I,22279
ClB2C9_6CKo,12997
CL7LNzokn48,2426
Cl4zOn1u7Vw,1671
ckA7nmvn85I,27237
Ck4xHocysLw,20851837
cJzOUbYrQiY,0
CJv0I-xYuC4,202113
CJRw18MtRPg,816705
CJmQALQR8_Y,9946
cjKc4tW4IMg,170
CJjuBWhCbL4,1930
ciYXvWbyl00,33858
CiyLBVjAQC0,3672
citnBKXWli0,2695
ciiwjn8jyvU,66557
CIbeYjQ3yGA,82693
CiaoTcPpbDE,5587
cI8yyjCHy3g,3518
CI2zVegJBWA,3783
chxxK7DQCDM,276
ChT54qKAs4Y,11075
ChR-EWwLjOA,1381
chHbIaJzugM,5420
chD_HxHwEcY,1703
chbbXmLIIwI,5482
cH4mYC91omg,122358
cH3fcmHMb7s,18145
CgZdQ8hejUE,275
cGxocuX2dnI,633
CgpE3M9J0uo,1273
CgobAvfsXWQ,3227
cgmkBofq14A,1445
cGlK6L47ToM,78
cgIbzjjbdw8,20377
CGGQmKpBGIM,4026
cGeixjMQOm4,5730
CG9EGStW-nE,972086
CfSOKs6iZ54,3561
cFSIwV7JfPg,79
CFNMg_ThBo0,7354
CFatEWNx5RQ,44036
CF0eXVC6Tdo,707
ceVPIov2iqU,1739
CEO5EELFNgA,106184
Ce4EbZ9T2vs,398793
cE48aIevjK8,2980
cDXzQvjP4wo,155499
CdxHwWpB3qw,9919
cdVrQWiZOvI,115592
CdPklwIesXQ,174
CD52PSexCO8,2810
ccxqxHpYHIg,1547
cCx2f3GFE7Y,400
cCWXE0QN9p8,46488
ccSbPSJwsCM,3577
CCKgAkhjsjM,958
cc4YxLKgucA,4518
Cc4Sb8VZuRA,15437
cC2I-II8xnw,47715
CbyWLzWRDMc,1319
CbWP9nvnRhw,2826087
cBVTghAXTMw,135044
CbPnSy8OmvQ,2323
cb9yxw4LIc0,253
caZsVvKE9sw,1082
caShahlcxko,508
Can3yR1ogDY,38114
CagwvHRMPGE,9806
cag6mg-mZQ8,6588
CaE0JD1X12g,1459888
ca6fuwmrNUw,4918
c9jJ-TkCFJw,2173
C82cRDUZ-5s,45697
C7qzzQJqBSg,2220
C7lQ_jqSqKQ,454800
c6--PeGfMEA,7522
-C66-6LRVHE,109617
c5XdpWATDug,674
C5Rm6rDbF20,362288
C5qDGp1g4-w,4393
C-5O9KU8xkE,19858
C54cHGCwBdk,238361
c4-ZDcGSITk,470
C44q7auvTEU,1878
C3wUOQiVMvk,440531
C3vEN6MY82A,25
c35Os2g1-E8,727
C2YqFvjTG84,16344
c-2excR77E8,606895
c24ayn0-bfA,0
C1SkFGgX8Pk,1932
c1g3x_VGW0s,418
c0K68agMnvU,669
c0bsKc4tiuY,995096
C0ap0ytimSU,8052
c06EsrtVrok,9815
C_ijc7A5oAc,2183521
BZt0qjTWNhw,270297
bzMiBV19tio,128909
BZm8nSz19pM,1090448
bZEO0D6HfLQ,21053
bz91MAdY6FQ,259
BZ5xqoVCYZ8,1429
bYSRPuDEnTg,3798834
bY5tNIoGxOE,1150
by168cgLmw0,600668
bXSNcwes9R0,203
bXJvAgy-b8E,1616
Bxbc4VR4cI0,16635
BWYA0CYJV74,15769
BWXClOrijO0,4126
bWnQevBxYYE,12835
BwcDWgNweLo,7430
BWBS6w1kLKg,10786
bWamTJ4QQt8,601
Bw5fAQBGHEg,3729
BvoDi0PpFPo,578056
bvh_H0LsXpk,68051
bvfyGK9-PH0,9136
bvf5DlhvJJE,76090
BvdplXxv3q0,5499
Buml6KaNlcg,101546
bu0m_UdtoaU,95029
BTzW1ol5vkc,6188
BTyhz6DpMi4,10158
btQY_vY75G8,14196
BTlRZGyTEHM,2327
btG1nqRLSz8,1790
bTfJa_Qb5T0,1196230
bTdsp9EV9F4,90228
bSYNEkkuhoA,85030
BspHjvU11y4,713327
bSl9PfRX7WY,69514
bSJ8mpWBVeE,78987
BSitS67ZQMs,5519
Bs-Hr-gEJAU,14207658
bsgqSDfO9Ng,96
bSFix5Q0y8A,37
bs0BXAptu78,3140
BRUvbiWLwFI,106538
BrrL8FHL25c,8583
BrqFTswejpU,149681
BrlpU99lGzI,38948
BrcBKpE9aQg,23510
BQTXA03PWA8,15179
bQsLPQtS9f4,105244
BQJ2IAkUGsw,1586
Bq9G7z3c0hc,2326
bq0GBNcwC0g,12285
bPZFQ6i759g,45833
BpTFuBSYj1Y,214
BPs_wtbHIX8,2166
BPQHG-LevZM,114636
bpM_uqLecyk,92217
BPGspKxSMGY,3582
bPF1R2Wf61k,570
Bp98B1KFf4M,1093
bp36yP-xm3Q,315
bOZT-UpRA2Y,221351
BoWDMxi1EqU,33758
BoT-6Z597Tc,1670
bO-s7sss0vg,7010
BO7yUdPHeo4,7515
bNuSXqpycIk,64988
B-nSef8J524,0
BNqRuomquHo,295
bNjAGGFNDxY,16174
bnFaPCN85bk,7185
BnbqfptlJco,2213
Bn1mBRcQ9Og,338
BmXu_dLxgIo,170
BmqSkGEWDvA,398
BmoeYztkzBg,11100
BMmYvfKS7Yc,6296
BmkSQ-_1oTw,147384
BmJUu5GqdpE,33446
bmE7p_kmvsg,86
Bme0ERvp7w0,16034
Bm8rz-llMhE,5019112
BM0c2CjomSI,4690
b-M_HHrvg_8,21521
bLzqrXXR1ys,104
BLJWJ9iwBeo,862
bLBz6N2dk_U,8804
BLbmipYjHR4,2602
Bl2sg4URbig,5164
bkSEd5CGSoM,6563
bKk9VgxTLY4,0
BKA45tJu9RM,3180
bK0TEqDtkK4,674569
Bja0mPXv0rM,5830
Bj796-0HDR4,1533
bIvFhSL50J0,18989
B-Io3MoRO3w,505
bILf7MfRf-k,175
BidS_rcf7UU,8908974
bicN2JBRc24,4373
BIa24aOCYak,35192
bI31WqFDxNs,451052
BhxL46ykB2w,166
BHPa8x-2iuw,22986
bhHAzUcCU3o,333
bGW2eZGnznk,21687
BgR_HJ7aGDY,3610482
BGOJfnp40h4,132
BGgPwJxAdTA,1539
BFL7u_EZU3w,1986
BFkTu8Y1KLs,573678
bFIB05LGtMs,77469
bfChLrKb4WE,10726
bF5qctebcVc,2720
bepFvVY9MuM,6676
be6cSuicB2c,4007
be4EY2CH2dA,2325
BdwJ0uXIV_U,150767
bDk2gdRWB0A,3649
BDhBBAnSZU4,4755
bD3k0-W5t5s,240
bD2T_YuVhrw,38575
Bd17-v8DIq0,1672
BcZTeKvdeRI,3842
bCys42hGcoc,417088
BctGZyN3tv4,94
bcSFnVQg47o,7691
bcmJ5u4Ord0,21148
BcEhlXQfeSE,1423
BC7RkUQjUKc,100952
bc5BnTYRgx8,618835
BbZwk1FZ4XE,2498
BBYCVYqS4T8,42283
bbipJTTstTM,1046
bBDk3acUtNQ,1589
bBbDCS0u9a0,5363
BAUDFaMMAWg,1135
BAT477KNGfY,45914
bAnnrjVIFzI,283
bAhxSr6yY00,5235
BaDHavq8W6Q,3604
ba9zAwXnY54,4059
Ba0F45y4D9s,18548
B8DpuJdBmZY,23928
b7WdayQ2HeU,21705
b76Ln35cHDk,4997
b6nV1heycCY,4060
b6DPdaGTTRg,9426
B6au87Phorw,760
b5Vmaw4I55s,11755
B5vBuijQgfo,4634
b5L6Bc3MMFk,114531
b5itO3Md1AE,4354
B4C10LKAcZQ,339611
b3VEQWXIX10,16061
B3Of2f1YzRM,3151
b2txBXQGjJ8,28904
B2IcBO6TEbA,2895
B167VjLt_bo,34
B0q44JHGYYQ,75
b_lULj6v804,203904
azUbCdcAeFM,367488
aZp8DglR_8E,39935
AZnNiAl0YNQ,238
AzHqv4wXghI,23930
AZDgH6LyiZE,345
Az7Evhgbc7M,10278
ayXHGQtX-so,204225
AyqCoftMjvM,58073
aYd0YIlgzxg,43685
aY-0uBIYYKk,205418
AXR-9tYJsOw,3504
AXM0d9UfkY8,369
awu9I7b4y8I,2705
aWSQhP_ukD4,346
aWIsQ3aTV54,1483
aVm5UsSjTII,1291
avh8Nb2GdKg,26854
av0zbCcbXL4,9643
auUvLsm8zhs,7144
AuQkjFfVho4,25950
Auj5tAzoadk,3138
aUCeQdu-lM4,1360
au8QGTiPhEw,441442
AU5xSHQpbgE,17515
aU3zW0KDB5U,5721
au_Ab4TP6lo,21220
ATZ2UWflVQM,13595
atymeurvyAc,9648
atpU_6zbsHw,1253
aTMPc5INOHc,167470
atLL2Yzi3bg,75471
ATLBlsndu1k,45768
AtBUA4HLvBM,2365
ataGEEHnl-k,138386
AT6jS_X4NaY,50614
at1KGBXKSyI,2047
aswtMEpn1a0,13515
Ast2Hm1u5mw,299
aSozR1GKefY,36690
AshvBTw5Z84,1692812
ashrS6GKcUo,801945
asHFAPaiVlU,293
ASgsMDz17SE,16457
asDHD-wN3BA,221691
arXusSmobfE,11601
arvCGPBSixA,644
arPFr2IkQWU,8804
arAWVdxkD_4,3939
aR9PM1Hj2fY,2857
Ar8u8HHGpv4,10427
aQKGkdvfpaY,111
apwYMFh2_PM,1104
apRvFNM5Vps,8039
AprlXwXJo4Q,139
ApR772WW1iw,6271
API_sR_IpbE,2448
ApBYaX7EY-M,799
ap9JqXgDLKA,3319
aOXk6usydDU,17696
aOTh4d2L9t4,7930
aoPP6tRYD4g,10701
aoo-XYANh2I,13755
Ao9zUac9VkY,5149
aNXN4i_Sn1w,22330
AnU2p6Maw6w,5473
ANO8D6GdAh4,7819
andoSTM_ihU,15239
An7KvQrofcE,60
amnlAK5hJhM,13671
AmLiNgwdAcY,5536
amG0MQvvo6w,4234
Am6NHDbj6XA,700395
AM_ijxzt3hY,1117
ALzHBOnQOC0,7487
ALXiloyym0M,60177
alum_EIfzn0,395
altHQp6NMoA,1972
akZkOb_g7qo,31015
akv9jJlYwcI,65246
AkUgf2jIPyI,46206
aK0s7LK9WkM,6800
AJvSZr96vTY,566229
aJ-V590zXPc,6465
AjTzoCYkIqA,2722
aJI10flBibM,360
aJhmfPZ60DA,12542
AjGQMM9-YVg,1992
aiZYzq0MtL0,10830
aiWJ90YHjbc,496
aiuqv564v8g,51
a--IRRuuwbE,3296
aHXCm_QL39k,1607
aHUmy5PvPjQ,1660918
AhPRROnPvN8,898
aHDknYXnw8w,279
Ah9mtoYrXfg,48887
Ah2AceojeLk,361
AGUHfHwH-DE,298
Ags38CisHog,428
agqD8aupf1s,11657
AGPMMAjBt6c,8295
agnGIJlcQgs,11282
AFW3E__PruI,164
AfujSunm7mw,245
AFOB6NRugTA,942856
AfFX2J3MkoU,612
afDZi9I2tkg,214594
AFbIFS9PkvY,101018
afax_Vpe6XQ,4356
AF6z8-eOZxM,69113
AF2O4l1JprI,59691
aEvItEpMly8,16938
aEq08BWoEyg,6981
aeNu7tt2E3c,7912
aEM2kOrrNJI,1653185
AeL1jubdEZw,1778
Aeful-nI3ao,69228
AedUDwR_TD0,2614
AebsJPV2ZYM,10322
AEBB8FpPZwo,486
Ae8huV-T1gQ,990
AdTCSCreUTA,5731
adrQcRwqwwk,12503
AdrLcOlqmVo,5239
aDMiWI2EOTs,1743
AdlCk6UgZLU,110
Adg-A5tY9lM,15292
ADEn6Pyon1I,311
aDBMVKtcG2Q,58433
AcVLMtZglhk,842
AcS2aoeSSKg,59027
acpqOUqHCeU,4798
ACmroZiNrmA,63051
ACI-srWORZY,21024
acGSWmLiKC4,2996
ACda_qqgF4Y,26861
AcaGVrt6jlQ,56953
ac4IbzPqLcw,213
aC1_55Ifr6w,1968
abv8LlYBjqA,1151
AbS5X0amW9M,138
abQZUEHiY_I,695
AbfqK_-wg7Y,6111
Ab5aV-wekP0,143468
aavAcDpbjkM,1548
aauT5183_Y0,2203
aAUQwXW0m7I,31
AAP-CATczV0,769
aaO-mmm03LA,4329
aaAyvfLpViU,455102
A9QDgSTVhyM,135432
A-8N_RyDlR4,69537
a87btDiR7YA,3907
a7JQzSn8Ptg,238975
a7D0q7xwq-k,63
a6zM-jOPEqQ,1806
a6Qoe3F4Ibs,351
A6fyRilq_X8,5866
a5v-2Qa69K0,1263
A5QjR0Z-gWU,8447
A5mLC8oKUEc,423
a5bWbyw2bdw,43741
A4y6odAa2F0,6459
A4woiybs_Hs,1938
A4uzQabjtLE,2268
A3U8O8Yg76g,18305
a3k0p1lOsuk,10064
a3EIDwdfdQc,12178
a30ZOQscAcI,1263
A17_GLxFF90,78982
A0sM0oPp5mk,1162
A0gRHq_6Xa0,5168
A_N-gGy-ORs,33228
A_EmgT2lz7k,319
A_9f93tIMh8,7082
9zUHi8ON6PI,297452
9zFLxKvU3So,2814
9YlO4wLatBM,1956
9xXb-0b_IuM,11705
9XaUPRA6ZAI,49195
9wfx7EzxUIc,80716
9WckC-6Hc4o,341262
9w9FNtpcBjU,10782
9VJ46xvxlhE,735
9UXehF_PDXg,176
9uE26-rqVDQ,2860
9UDQmNCPf4k,442
-9u52fsYRkQ,308
9tz_sP9MpmE,50792
9TUBf6l7FBg,0
9SYsGet9ul8,0
9S9O2T1B6xE,1034317
9rYBTegfzBY,637
9R9polnSmyU,5354
9QojtREFuFU,241491
9Q1WSQ7R8U8,27357
9POblaMln4Q,838905
9pfjrlYymuk,0
9Otxt5fXS5M,1367
9oqkJlRDdfA,126229
9OJVboZ3sJc,624
9NUBYNqNazM,25084
9-NU7yOSElE,164160
9nkiqSX9h1E,3517
9NC2saE5MbQ,78658
9mwNVKxKu5k,11767
9m9oO84Q2fk,3486090
9m50v0718Vs,34838
9Lz4YgPHrKo,923
9k2sr1CA4Uk,746
9Jc6Ml3BoME,832
9IzMT6pOgI8,24455
9IV13gJ811c,16146
9ijDB9_Vjmc,84
9hWnbI2dAbw,10584
9HRGdgkKzOM,19839
9-hPvngJNrs,21625
9GZMX9XBb7c,412
9GRb81n7euY,2174
9FSnKxvqGMU,6536
9fKALFSxX_Q,193605
9fgNLmh4msA,57585
9FaxMOL7lO4,2917
9eNC7sME5lM,1101
9DqoL35Lspo,46909
9dD2pl3mzow,364
9cOvhuGcYYk,72662
9cBMAOWednc,2031
9C4u3Byi_bw,9038
9AAgNN23k_Y,129
9a0EiOE8OiQ,1813
99w5BCDleKM,234
98Nr51dd7mU,545
955Hg90OkjU,209
94My_TRwWRQ,4276
94k6kEVGZzg,784236
94ekHQZQ89M,2449
94D6NQPT0XQ,3398
90KU5GtAPTg,6023
903QDFbbeww,66756
9_uOHwKTYik,136
8zSRkr1nQNw,2193366
8zoZpcJgw1U,1979
8z-iiyzchzE,345
8za_4g5zCOM,26231
8yJTsKT5aSY,122
8Yg_esdb8U4,1817
8XPrQVoc6dI,508
8xc0m90JtLU,1241
8x8SlG4pKuk,159
8x7UtZKwfHA,399236
-8X32zNup1o,6414
8x_yal5th6s,444
8Wop8U6ok5c,9473
8w3gL8qPOig,98603
8VxofPqi8BA,827
8vCn190ti9U,203038
8V_McbM6DW4,2654
8UQEflSb6kQ,43
8UJ0DjBQOMU,37076
8TKPzVNLViY,2428
8TH-8xJDWLI,4766
8t4CSM11930,19
8SLbbywPZVE,321
8qz1okKV4_0,2519
8QJzBqByzUM,276
8qitxIJAdLU,12174
8q1VGptW_oA,24731
8-P-sAYBT-Q,1720
8pAvJF6ukmo,5
8P_-pE5PSoQ,10994
8OpvyE2Hobs,309
8obPm-Zkj_M,24294
8o2yaqECGc0,9394
8NoLdPm7Al8,26732
8NgKZ9fEoVA,942
8mrlP6Eaxp8,741
8-mloCL49vs,212091
8MeBSUxfauQ,705
8m4O4xnLeoY,22414
8KW7DDfXx9U,5789
8ktvlMD-O8M,3041
8kQDAbE7Gx8,24437
8k8jYlml_Ik,1892
8JxvP4bzvFA,1716
8JrkJjNKIs0,44
8jPSmOpuq94,992
8jgLFvWWFDQ,13748
8JfMdhrbehY,662224
8IuEZ5l7VwQ,3574
8IKbTHOeBCU,2578
8IdJCVD6ze4,478
8hYTPl7MkiA,156236
8h--kFui1JA,5708355
8HgybmaEvFQ,16040
8g-VjqONplA,94110
8gPUNOhsp5M,5184
8g25pr9jrnQ,27848
8fbyfDbi-MI,1694420
8ExgCZZF5c8,7856
8ErpN1_XFYA,765
8EkIKtHQz5Q,13107
8Eio2RK2rh8,1114
8DY-JJASYcA,969
8dWaDiMvY7s,101
8diVDS4qW6I,58145
8DFpsC7VrpI,61447
8-cYttwsTz0,1190
8cxfxujQI2s,144111
8cQGzbu98HU,93204
8ClKOv48UBo,1231
8Cgy39KP3N0,5237
8BXdwl6ATG4,596
8bNu6Ktj858,98053
8BDmhTh3c-g,2046
8b6dUkeQQMg,838
8b--4r5-jIw,11605
8ApKpqgZDbs,966
8AB2Uu3Dq0s,62
89BLQbz2Qf8,506
88ZuNZDZEvw,16269
88K-Ah1DUp0,922
88-AWKZzH7I,113111
883Omd2YqXE,22418
86ysRAffCpI,440815
86sFN_2kw5k,3436262
85O9M2EFTkE,932
85NrYd3m8BM,0
84XbqptJD9k,5298
84Lj5v6HrOA,83736
84LAkIevfZk,4992
80aUCMFohCE,20913
8_cw0qT6Ybo,41287
8_942GMxf98,28689
7zccrlD3M9M,3002
7Z7xbelZI_Y,387588
7xkPdmPjplY,7401
7XBuexwNyUA,4638
7x-1n4cqG7U,19045
7x0S_ob3h7E,5407
7wNy9QrY4t8,1582
7UoP9ABJXGE,237011
7tm6bhXE5mQ,249673
7snvaAmSHo8,332765
7SAisWFutbw,51785
7RVCdNdUjgo,1529
7QXssPVCCT0,8475
7qriHqE3XHU,214
7P-PNa0bxQg,215146
7PmUtmfTmbg,952953
7PB64c237QM,7332
7oSwWJedjbc,9542
7OGvlKUtZB4,10954
7NzT26s8qZs,2131
7ntjq6Co67E,3285
7NRl9Dm7Q_0,32333
7nQyBdJVd_I,1139
7nAZqPqlz1M,19997
7n3pP7-O2Xs,220
7mz9UKbGyzo,218690
7mXL_xcPaA4,3831
7mxb-a1xTOU,578
7mpABg0ntV8,14771
7m9dAbmtchQ,64975
7LXLlngIjHU,21224
7LnZEmi6KXA,84385
7KolfbvdcLI,61406
7K8L0SaD-dg,48767
7J3LhLvKGrc,244595
7IS-wPfdIG8,346641
7IfFxocc3kY,111382
7iemlWX_wI0,5070
7I_U476cTbA,2788
7hXLTrQmoEY,268285
7hWcnKVEGn4,144
7HRJaUxUQxA,167558
7HGCE6-LMBg,3122176
7gg_6jxlpDc,11819
7fxWWpvv6Q4,151
7fuGvyYZ9wk,13903
7fgZD42pGDo,22264
7fEhif3PsXI,10373
7F8nk8Wp8WI,242
7EjKQdW8yFw,636
7EByMB51EpE,214
7DTpFz8QJoM,27253
7DOk1KMtd9M,11060
7DbslbKsQSk,628108
7ClIWeGAWWw,528
7bH51yHAeh8,142
7BffChqYEPo,16254
7bCHs672sAw,1115
7BakcCZemXs,2770
7aRxsmfBDI0,87889
7a8jBxovU70,8874
7A7MbP-MQRU,85
78SzvIF5qa4,253
7-8EmrquzVA,236
789NKyQHFh8,20043
76hhB7cnnME,104
75mvPqnu9d8,40399
74q7o-l3sxk,23497
74pX6-3u7uE,32185
73X4It_ziP4,2090
73FJ4rfAKL0,23181
72GrDE1zeKw,1353
727zbzhck_0,3817
71X7a8eu73k,263806
71Es-8FfATo,4946335
71AFCDqpJFI,3860
706aMBYQkME,80807
7_C5v__scfE,3036
-7_ATlZ-zMc,408999
6zz0YUY0-QI,27593
6ZlnmAWL59I,4033
6YSyGkvxSqw,36399
6yr5gT16_k0,1321
6YNZlXfW6Ho,6303794
6yhVuyE0e08,5270
6Xw8i_N5ShU,12829
6xoSKotMHng,36
6XfZzqh1kws,1099
6wixAPZKR7s,4780
6whjAQ3Q7_s,3264
6wGj89GE6aQ,805110
6ULbkqAuo48,34463
6uGQ_ypTw08,3285581
6u0_tD2XewM,5468
6sqfiBoksqw,151831
6s4Yq_y2BFY,2779
6rwuqarFZUc,1322
6RlQcWrbPl4,43871
6RCoUYexrHg,7424
6qLUFxwwErw,2765
6QCF8tVqM3I,1281
6QAY0qc0u-4,4293
6PuOFUwqoJc,3578
6phhyKQQDVw,3890
6PcDPCUUeb4,1449
6OkByoPMOo8,1768
6OJ-ZzimP0s,27835
6OJTr6CeXk4,411
6O2Pg987mQk,134
6Nxk2zldFbQ,422
6nuiH-gzmIM,64821
6nSUQb8YGaY,11309
6NlPMPYWzDg,46
6nc2adIb51E,103
6mYFtDLKVEw,6284
6mkLWGy6Y3k,583132
6kVkfbK3ELU,749
6kUCDT6tG-Y,110
6kf-DGnGv7g,1728
6KdANAT63Wo,147
6Ja8DHXByqk,22373
6ijnv-jNhUA,70899
6ia8dZnUh-M,339086
6HTggNxOGWw,1203
-6Hs7ayaSaw,250
6h7psEH0AGk,1826
6G7V4w9bqJY,53676
6FYXWS2AFcM,26829
6frT5wN6f5o,831
6eF59X5auFo,3543
6eBLMDVkcxo,9158
6EBCzYq9DSQ,28198
6dfFf3Je6ys,2080
6D86fOl58iE,193
6BF7IWpaZoU,93761
6Bbvl_MjSHY,889
6BAQtrbK6d0,195
6b5DBQeh1cU,14175
6b_niiD-xiY,186
6aBMlZFu-BY,2454
6a2bHgANVro,76542
69Akkon2ciQ,3423
68PyBpxcpWA,2724
675huVVM_10,142627
66VxjEgCS3E,1531
65XTRkeCOTg,25423
623Z3GC2Mmo,10338
61SE5nVL82o,19
61pkitfytRs,3366
6_Qnc_P1xMQ,13830
5Z2p6Vo3S-E,4877
5YVoiSpnXJU,509
5YP8oadAWpA,715
5YgluF8VTWg,45197
5y3nN0mD8_4,396
5Xto50rT_DI,339
5XqmMwjnnTU,805
5XLkPLmKrL0,117
5xBS6LxsIQw,84
5x9w49y6mz0,2673
5wX9vrxUJ78,471
5wpI_Xojat8,1053
5wKh99xBLgw,6581
5WeGNZgmIxA,85983
5w30XgACSAg,32479
5w_XWFajGvI,25828
5VGxDEh3F0g,50185
5VEvuGLguvM,3104
5vC_N5bD1Q0,800
5UwjIy5bDCM,1134
5TkalDZ7mtI,180
5t9fbH7yVOQ,278
5sYoZZEFNYA,1187
5SmAinYwkOA,10680
5SKHxWlg9Cc,46280
5SCJ21Gqb3o,52987
5RuR-ms6Y5I,6864
5rOL5O7YFQI,52812
5r7bIXuGrlw,106
5qPrZ-6ZChg,11164
5qmXGQh-oUM,28982
5QjqbJWNQZ8,682
5PR3Hn6cQ60,507189
5POae63-8cQ,474
5p-MHALEVTY,511
5P06IBig80c,224
5OwRMmVsUHU,2636
5orrZxSjLQA,1448989
5nun8qvVWc8,26817
5nD_gNcSCrw,1472
5NaAwSpswJE,64336
5MJpurZ9ShI,33026
5MjIk6reuqE,1824
5m8W9Qnq5mI,13596
5lXEfKf_MAE,11956
5l3In3mfnAw,153
5l_D9c6i8DM,13693
5JYqTSSH6IA,113171
5JxqSNpB6-4,716
5Jk13pu7zKs,1491
5jBhmiq9ZlE,646
5iPGis0k2Yo,7548
5IMGDaqgfzc,602
5HwvcV4UFbQ,10046
5hNMaaM7Log,354329
5GHXEGz3PJg,3587941
5g8fE_o1ASc,816
5g2UZr5RGgg,286207
5F0UeG-Lsxo,1387
5eZvAKJy6BU,26876
5Ey1v8L_pEc,8496
5ek2W8hUvGw,479046
5egJEwwIcuk,0
5eCj9StLVPQ,4005
5DpvCOebmo4,68155
-5chTN98WN0,118
5BZKBchoZ30,19277
5BkRoshQKpc,1539
5b1qspICid0,11851
5auYwaVOmj4,14
5asNqv1u0oI,87916
5aEtCkWJ2Gg,39
59xJ2qxKe8o,36864
59Wqsj0lQ84,10703
57nZ7LaVAH0,651662
56XbwQ59GbA,78670
56ewGBKdQ0Y,53671
5-68CTpYtIs,4362
55oRa7u3dGo,9644
55aZh6pOHGM,320
53MMklb-sUQ,3159
532MxrRNJcM,664997
51skKoJIKMw,1487
51r5VLj73pM,1675
51NsxPMXaqk,10390
5_NtyA1SiPw,146997
4Yy-0M8BzbQ,3209
4YHhMz4QASs,20629
4-y_QUlaCJY,1834
4xS0QZsCb9w,9568
4XF0FSWqZcM,197
4X1Jqx6HaQs,228
4wJwHLWDHUw,14170
4wAu7KaMYPg,134000
4vY_HsPmIX4,279
4vm8HBJX8dk,256
4UO9E3Tb1Qc,151237
4txf50mqhMg,4087
4swif8r4z3Q,16709
4SMMf-nvg7U,18486
4SGbmahrw3M,6393
4R4YL5f9U80,2344
4QRHef34UiU,445
4QAkdymQb5c,41738
4Q38euqDJaA,257804
-4pwKFtdKgI,1956
4pGqb5qJB8s,1941
4PAAaFNEIXA,669
4P0Tcp4uXdk,72108
4OuQxk5-jNY,10583
4okp6jgPwQ0,103
4OA_2x5FNfU,98471
4nq0tT_SAD0,1616567
4msQW6OUPmQ,13636
4MG35bk8bbs,17974
4LqZdkkBDas,116085
4k9bXpi1tU4,2517309
4K8A3WJnYkI,1702
4juJXyLX510,2841737
4i6ZNrGmjcA,5279
4HX6R88QZB0,668009
4HWCZDUQAMM,2225
4hQRFSp7m8I,1316
4-h7AMClI0g,20691
4GcU9LjuVOo,24524
4eZxvnmnrvk,16792
4e95xV2cMhE,324
4D0gImMi02Q,483
4ciwpi-8f84,24845
4cfoKV343ew,4314
4-C4fGNVhwg,24031
4Bwbt3nCXqk,44
4BQ-JqoTTBY,5081
4Bq93YdgI60,925
4BHBcsj7mKU,3036
4atZDLKlHJw,582
4aaDc_mJ_5M,415
49W8bOJUGVQ,16577
47kbnGyZrEc,834
476ji-mhUhg,165629
46rOzctIXX8,896
46QCjuzqp7M,1698
45WAhpRs5Yo,32149
45tSUnisIos,101165
45GaTIIdL7A,69355
42ZE4DCJkEo,681217
42q_QzozuuI,9537
42o0tcaoCao,2370
42FRgdjveGU,270355
41ThRwO1mDQ,12535
41QTrSsLuok,17776
4_MftEvuQTc,67090
4_jkeWgtZ18,362397
3zwrW4r-bY4,1783
3ZnMxabk510,2975
-3ZdI0JAq2I,1239
3Z8sA8VUnRk,89292
3z3OlgndskI,97
3YWONOIRNg0,104678
3YWgrIcp4qQ,23626
3YMQxmNWVkI,4518
3ymJlfxU_dc,16991
3xphwBeQ4cQ,5370
3Xn_zts3HPM,10313
3xlqv0LLacQ,1795
3WrupYPNFkU,20971
3WmYvvEYZvg,11
-3WlpoJuII8,260
3WlhLmh7uiQ,537358
3WBXSUUTODU,796
3VQPKe4w_O0,174
3UZQoZx-0SA,332
3uRSDw6sawI,1543
3uLXSGTECJc,13700
3TZriA5EGKU,413
3TsZfNzzxIM,377489
3TIOqgFOq0A,37023
3TCcDE4fi4Y,2109282
3t7o0mHRt2A,3603
3SqtO2VXsPI,6045
3sj9qbCQ3l0,712
3sdhucgzWio,289
3RKsPYaBDs0,188721
3rK4GKlJm60,5484
3R-E2U5Orf4,131119
3rApMBPh15M,101834
3QU2Vvj9st8,99976
3QMKdZ1D_4U,25030
3qB0fwCwvX0,9908
3pg9pUSIKtM,4046
3owpHUbyvzc,13969
3oWBH6QEySg,3111
3OrLH2A1_YE,24207
3oMNoTubmNA,953
3o4MDP3563A,20970
3nPEkZv0-OU,509483
3nKPXqiTy9k,5910
3N3c3ZX6hoM,6215227
3myUT-yR7cM,450
3MU9h5wCLSI,12669
3mDDtCSC7fU,1894462
3lIwWs1dkdA,210622
3LfBvHsNB3M,10319
3KZx37lcSfE,24513
3kvjACTjN_U,11698
3JSh0hGA3_8,47
3hurQUvEHac,5144
3hd6UJk4yHQ,695
-3h4Xt9No9o,81728
3gZQOJxptyc,2108
3gsw36ZryqM,777
3g5O-kT9m8k,443437
3fPbWYWZ8gQ,0
3eY394uqk9Q,346712
3ESzGBifAAc,6287
3ESqmVFVC1Q,1999
3dO497VdkSc,1744
3dkR3quv0Og,81
3dckH70S_o4,1697
3d25EBfiNns,688
3CdpaeAE9p8,2175
3byMRDQKnzM,2456
3bVJ_Wf2RcE,154
3buv_2PfMa4,13976
3bLa6M2jY9E,6161
3BdpPCcI91g,695
-3b2Fov6iQY,1446
3b24Q8Bz7b4,251973
3aSIX8SZo-I,1491
3aMMshj-nJs,30846
3AjHvtUhTxs,279047
3aFxvR-EVxA,145
3acymP-ZY0Q,940
3A5BJj78QA8,129
39y1BFi_iA4,10928
38wsRavv4ns,143005
38ScUpuO7v0,727508
38dVWh53jXY,18083
37StRy0LEbI,191045
37R2_bvJjGM,198299
37ONBy2ovz0,220
36tggrpRoTI,43896349
36PDeN9NRZ0,9869
35YAia_IJ3s,14427
35hJIfpMAco,207
35C_2GQtyws,5541
34VkCQHhdUE,54176
34fHgqmuzM0,11626
34cHO5_LX9g,156935
348Fi-Iy2LY,590
348CAkrGy34,1610
32mT4S2viGo,22000
32_kC-EioI0,71621
31OMf1H5Rk0,13408001
30HOemteiKQ,18121
3_dnepWDMPI,109281
2ZKyMkoO7ko,20771
2zC5AL7KJM8,25414
2YWyTROT7Ks,339
2YLOoph7TTY,2640
2YhMqPuNnCM,1582
2Yfi8XxI6fw,12545
2xWfck5Eieo,78264
2XVJ-qVWw6I,18989
2XQPTtTv_O4,43047
2wL2NeyR7_s,2101
-2w_b3FfYjo,367
2VxpRal7wJE,9059
2vxDqHrXLzs,4061
2vPw8QbzFTo,105192
2Vp0J_nH41c,22855
2uRl5hbMhRY,143
2UfZ8ThANiY,1035
2-tzlBFotjA,1177032
2tY1WuFbHq8,6479
2SN78FcSjPQ,394437
2Sk3C2Glo88,11841
2sH9C2v7cg8,4874
2sDc5o3CvB8,10840
2s8daB8QFag,17229
2RpuGq1I_tU,10423
2qtTbMNAjUk,3263
2qMfchgUquQ,5703
2PH7dK6SLC8,1206405
2ONaKQxDMrk,2539
2OH4X_lUK6c,903
2-NZPmF50MU,21099
2Nc21UFMizo,170
2mxMntQ12u8,18470
2MCHo2uK_vw,429
2LpiH6q1rIo,6160
2-kOXRL8pw4,41275
2KBvSXOc0rM,168
2KAD-wTKxn4,272
2k2yDzuA04o,14210
2jSWMme12ik,50051
2Jm2BXpgQHg,6718
2jaA51GAX8I,5997
2IZDD3qepNw,269
2isb4DfBg-g,95331
2in8XqiElwc,1847067
2ImJCzGhAbQ,40259
2IhCbkaaQ-Q,6034
2I9ZuOfnHCY,40513
2hvQw_B2PTI,3438
2HpSqRPffZ8,20533
2HjRnr3AfFo,4490
2GxGLeJW0TA,10251
2GhCUd6SQdg,20735
2GFdpi253X4,37270
-2g4CBUTP5A,943
2FJXOXSLc3k,13573
2Fdx4TcQFe8,28871
2eZCxhEpFaM,4285
2ETDtXHwBDk,1454
2ee7GuzsV8E,1050
2-e3RYWr758,12764
2byW16U3tmM,48487
2awTgK-tCvI,136162
2AQw7OrDAMw,25880
2aqAuDdQT7c,5054
2aPpq_GZ6GQ,51005
2aONmsu0GNo,5384
2AdC21CNuBI,21853
2A_Y2qMEZgo,23862
2954-SBCixQ,2635
28UB5KzkvGk,27229
27HWkL0sttY,411
279eLoYFGpA,15700
26FVpbzIAWY,2349
25ofVzUkvPI,180
25Jrs5ciPEY,95
25ESu44R7Mw,25191
24uZR7C4eF8,246
23XuookSfX8,0
23ILq4uxd-w,59907
21vu6qj7gTQ,4589
21gbLE2USJ0,5503
20DPgRoyQn0,1029781
20bpjtCbCz0,6600697
202bce4x94Y,78086
2_Jvmt0vU4s,465952
1YyxbNWN9vU,980
1ys2_kcWlVk,563
1YO2j_VYuHs,1338
1yNWIkDRr4U,1379
1YnF0TBJ4wE,73
1YlDlzlTHZ4,19832
1ykJaIhCIWg,14914
1Y1kJpHBn50,40697
1xvyVnkcgtE,60965
1xvN1ZgBw5Q,22865
1XKSo2mFC6c,1835551
1WLIm4XLPAE,24170
1wIzSOhjioo,16429
1w3TvKhscIc,1002
1w2jGTQ1eEE,143
1VWC5rlhr04,535
1VnY6QILpKo,2445
1v7kTzF2Ci0,246
1uSj-rxJtu0,1180
1Ui_nkYR7Y0,26694
1U9T8mqW8Zs,4601
1u5WHgvhqhc,11189
1u3xP7ovVag,98
1U1u5aKU3AY,5009
1tvLIhEaEKo,91276
1tMjeT44JAg,3805
1RZYOeQeIXE,47815
1rTg3Jl2qRs,884
1qxksXmFHOw,2606
1qsRU7C_Gp0,149667
1purAy2MsOc,1428127
1P2Ihk16s_I,37420
1OOxSx5QZV0,18316
1obPlj-lna4,1903
1oAi0hoJ_28,97167
1Nu_oGucpDI,1602545
1NM5Tb_KOYc,5265
1ndx3Hl-7ls,44209
1mzYelCS440,78
1Ms4koDDQ6k,0
1m39Ry7mgyo,26733
1LXXqw6AIac,1482
1lXLGwe_DUU,1963
1LvWkMIG-aM,7863
1lD9Y8HR1cs,1869
1L8mTXxK-fc,9696
1L6IVILEdps,1396
1KofiHFsBQk,14821
1kllbOrLfoo,45334
1KiBhy7Sex0,22739
1kHwMPKjDe0,37257
1khfKEd8018,63283
1kacM0K8DOg,2061
1JKGD3PpnMY,292
1izunMw5G6o,289
1IQQGxQI4oc,26
1Ia5RR1uzLQ,281
1hTLGlgZ4Z8,109964
1hRj1f_Yvrc,158
1h7KV2sjUWY,724818
1gIBGIcBr28,958
1G4XAByqwdc,2238
1Fr2qZGbVjQ,20863
1Fef3xaP5Gg,448
1FBDbOl59jA,83010
1emyPmar0Yo,30584
1eIIUj7-wII,10134
1E7kYV7KDdc,5484
1dUPvyhYWGk,207
1DtICsfIJpM,455
1DRJKRbuqDY,3964
1CR0QmCaMTs,155854
1ce456Nnkt8,1577171
1BThwqZtHSk,13987
1bRJDOzTv48,3622
1BQbOG9-L4w,91
1B9dseIslCU,4656
19ZgFyAiJLo,9175
18tgsQEj_Jk,35474
18fxVZI3pd4,70391
188yfjWBsKM,2706
173wA_UzXek,49
15JHOKXGsFw,59
1534GZXeszY,198361
14wNmoAqPyc,2566
13rz0dWZMDs,3109
137EH-5jNLI,405474
126Qz0RmFiA,2211
103bx_Waacc,5176
1_CarLAuBiU,6566
0zZ0Y_UZRBw,2750230
0YyNLjWjJ_c,741
0y5ptWIDxhw,7871
0XROvoPCDNc,5679
0XJQ0o36wkA,1299789
0w6rnlRpwvI,1654
0VlfItmdxmw,54238
0vCxtscHS8k,1404
0uukwNVEwJk,124
0upRoDOG0Cs,650
0ukQpPD0P7Q,22937
0uEEklVBlxc,99820
0u0ZHOylEB4,810
0TuYag60_-8,3696
0TTOXLtSCc4,2655
0tID4qgmils,72950
0SHo9NSpobk,165
-0QvjiG4sYM,3453
0QHzX76Cn9A,284
0qbuZJYTrT8,389
0-O_D-U4YbY,23837
0ndumZPtVw8,4113
0N6mxM25ZN0,366
0MV7d1_nC88,933
0lVPq2OK12A,5247
0LSQepixQ4Y,15690
0lr497GhD04,448266
0l35jAGQPOI,10373051
0KrFWsvWCS0,0
0JqXITEsMy8,226862
0jKeBSD6qug,125
0JcNT6jYGwI,308630
0JB4jTSFwdc,480
0J5o-gCzlZw,652
0j_zv3xU1Og,148
0iZCPwrMefw,6824
0iOPz4XqVsA,458
0IFHXWrSddk,96
0IDhbweLO2k,9669
0IbvQB1F28U,84749
0HqLk_ZbHmI,42629
0hmhBU1Zmlw,23627
0hdnQ8EXdEs,286393
0h9WjwuKiJ8,23138
0GGbHtKmobQ,2095
0FyAxoFAJbM,464
0Fu-SwnuOqk,20513
0fokKxplkw8,1136
0fepqIO57f8,85404
0Fb_1pubf5Q,3981
0EVKQ6eTRIY,2516
0euwv8NR5Bk,4482
0e7TcOFfGKs,65148
0Ciy2I4L1IA,9803
0bCq0AwXSkA,1389
0aWESl0HGHs,6695
0ajDznH1jdE,26956
0a1mRBQnTJI,183
09FaAy42iMI,273463
094ndbmijKg,84533
08zf-l3qsdw,1270
08Glvoo7SvU,1147
07w3u8iLa-s,195878
06CMDDA4l8E,443620
04J6WZhlNWc,2407
04aPsalAZQI,27629
03oexjRgfho,44
02HnkH92b6k,15274
01FGmk6VCMw,2901
00pLcnkx7Eg,1553
0_Ay0zBns1w,10952
0_6JGVdbUCg,601
_zCDvOsdL9Q,5133343
_YTG9vTkhGs,5286
_YMhPTejspQ,121376
_yf4la-ddmc,7764
_YCEqYyRKqw,10972
_Ybm_ZNLu0w,332477
_Y1BS_tY7TA,13756
_XYIqbLWVo4,116850
_xPlm6ZEIDY,652
_xkJvHy2MSk,3648
_wNZbgBPz1Q,329262
_w2b9CMKGbw,480
_VUQQ6aeTgw,14223
_VKn-jZNUEM,158
_uyIp5C1N5M,8906
_UDwKkBxSC8,394
_u9jjcbgMpk,8391
_tJgT1IHGOw,22446
_sMIQ-LCMsA,1138
_sLxAHAvcks,143304
_rtJpPwsiUg,8986
_rPgJ_CgiZM,2388
_rLzmgZ61ok,491
_Rj2KEuOAbo,7075
_qEaDZJAYWk,90085
_pP_C7HEy3g,96068
_PgWto3hJhE,37106
_PgMjA4x3rE,642323
_OkhHUXWNJA,4479
_OC-rIHi1YM,262
_nXY9NZfSMs,3249
_NWs7ntMRBA,1106486
_Ng7XrIFaqk,5011
_ng0uIVyAPo,177465
_N2tsJ8p-Mg,368
_lhibYD39Gs,26504
_kwsw07w8lU,429522
_kU7IMlvg8c,19258
_KRN6cxGZvs,13156
_KkGRT_4its,33713
_kbgrXxbP9U,13304
_JzUfacvbtI,5194
_ji5z9NRLQE,9095
_j7z_oPTvJM,98590
_j0tK9LQzZ4,426
_iRBspjg2pw,120341
_Ic1Jo71CRc,2800
_hrzEzUAGBc,2709
_hexaR2X1b0,281
_H3OHSoNQUI,26321
_fObMfQnDIM,20056
_fEx1_2iJk4,4768
_ezMSaHr56I,573
_E0eli9kcFg,191357
_DKPFIYbexw,5219
_Cn0RG9xdxs,166
_CcqjgSo93E,29188
_caOKmnb60Q,630
_caLZ8DfV6s,31838
_C14eXiZQWo,25095
_BxMmAco3Yo,1629
_BQpnTK4tzQ,112
_B8bNVPney0,1118
_AghmSP95nI,5417
_9gY8ovPyDM,217
_7z85ipjSwA,1919902
_72EFFvDbSA,98
_5orhzrRL3E,566
_3PRT0msJg8,643
_2YeWEhN1Ts,52370
_2GJHX1iC6g,2406
_1LdMWlNYS4,280580
_-1A-Cdq6jY,2358
_04DX5zOydI,201089
