video_id,SUM(views)
zzVFyVNgtsc,193851
ZzStPviPY90,1557473
ZZoF-ZHERTY,483251
zZb4egM02RI,6644
zZ9cPmJ_v4w,8800453
ZZ6ZhLQJ9tk,557660
zz2vrPorALM,215621
zY8BXo688Gc,48065
ZY1BFv8qEeM,143843
zy_df28N7WE,346095
zXXxZmwpPnc,172102
zxwfDlhJIpw,228623530
zXQkZFTXT0I,1110423
zX9fw8z1lr8,878745
zWxZmLxBd2k,77738
zWwcUXx5jOU,8852
ZWvYYkbgj4k,53310
ZWrkOm98VWY,475125
Zwmri1KqBLA,314178
ZWHCG4Q-kL4,396186
zWenJ272G1A,8910
ZweA4WKNBTQ,233042
Zw3tdbnK0d0,52152
ZVRtKPbZoww,110526
ZVM_V18Tz1s,392596
ZvKS6Gxx5sE,76204
zvFQWPEuNJA,2181308
zVEnDaoVZr4,4944
Zv7mc3TygO4,73695031
ZUV53Nn3PhA,2603472
z-uUOFG59XA,259840
ZUSPD9zOyJs,84108546
ZUs4JxQJAv0,1145985
ZUmof5JNCVI,155970
ZuiutGVyN_k,87675
zuGhEnkK3W4,899656
zuFbluehZas,34990
zu9qSzGLU_Q,35869
Zu8_7P0DJg0,279154
ZTvWnLhUdD0,52532
ZTQi1Wxz-sU,445775
ZTPzw_-XqgY,178439
zTJsOjFbkuY,267299
ZTFTngOG2bg,2692559
Ztel4Tuq_Gc,1856151
zTB-wzW54uE,22295
Zt8aq-TOk8I,79868
ZT0CCaKDxjg,32207818
ZsptW6Yllyc,150405
zsNUE5lLuOc,1377196
zSCCVLkoLDo,186626
zrUl5WgyquY,880287
zrHecEkbcDs,82311
ZR47jsUqUzo,6461832
ZQ-YX-5bAs0,16636389
ZqVLeJD8qJI,316257
ZpyXA_-nK0I,466103
ZpQ4Xl_v2LY,392220
z-PnNfgIpgg,452164
ZOyY4394fjo,628200
zOrhGrrY6Ps,42954
zoPh4FowdAc,43920
z-OfSrA7-QY,432661
Zo9rgbn0SMs,5996419
znz5h9-s764,262983
ZnvGy6pcGxs,1868236
ZNsvGhLM42c,237623
zNqUptqx3bY,567117
zN0r2Yn-UvQ,89407
ZmPpYKwhewQ,165295
ZmD9RkCJgDI,721418
ZLuf8cIAUyA,254242
ZKxW5-HFcv4,3821
zkWs4FyokTM,17658
ZKw1m2yr6Wk,8392188
zKUtYpUsjjg,120018
ZKTRV4Gq70o,284449
ZKo50h9bJEw,94074
zKMtceLC3dc,132392
zKM_EqqJOYc,139998
ZKD5f6yaoiQ,261467
ZJs7DoAVQbk,383086
ZJ-aGc4hIqg,240014
ZITBtrVQ-uw,3938
ZIRVA_o1Q3k,128641
zipJK1Werks,8488
zIkbHeQx3kI,27418
zhousYMIpYY,826673
ZHnSPxiOt2E,313851
zhIg2ou0W_M,1255413
ZhEz1cvC1rc,41415636
ZHBYGpAlNog,11536610
zH5v0rJeAYY,668745
zgmTj5rPy5w,890083
zGiD886UkBE,941028
ZGFbwB0A_8I,5029056
zg4Xg7_u3sE,431772
Zg_IUJwgvTE,34414
ZfUyn42jeqk,7385748
zfuiv0GS2yw,150613
zFGDD_Iv2kQ,425275
zFFV2Gr8LYo,1874145
ZFePlZ0de98,19658
zfeN12n3fxk,19759140
ZExPIqL8goI,69187
zetsrXQDlOo,305822
ZesdOBb8b7Q,41882
zeP9SVp2ui0,137185
ZEkImgh--PE,371077699
zei8TK7bhU8,49517
ZEDNXm-oGCg,1403194
zE8YrZPrf4U,81524
Ze79TNTf-Dk,493519
zdyU4TKSMus,288451
ZdLfErCdykY,98924
ZddIRXUIiFs,248259
ZD8Lj8SfvAI,1746081
zD3FfY7HJ8s,115243
zcg58MB04GI,2792952
ZCEgDAYzyRw,30089593
zcEE8J2Bqa8,2590063
z-bXxHMbi1Q,286584
Zbw9d9avy6Q,1054070
ZBJqnZy4qks,1064726
ZBiYn0l47XQ,872783
zb_lcTj81AQ,98947
ZATa3PgnyYI,97138
zAL96HHV5to,46909
zAbsICypApU,123317
za0qXbofvc0,28476348
z9ZGgJ4EjPk,69516
z9rzlLXjzPs,441022
z9dyFBQl9Oc,57220
z8ynZbOPPGo,7115830
z8bWdO9O1KI,27490
z6RzpMajwC4,2093344
z6lgH0paRvI,10602
Z6jagREDl7k,270956
z6A2LHGx8_A,15718401
z5DZcK8bkhA,3268353
Z5B_uu9BH44,20441
z3SQYfO0PC0,26819
z3i5B53LAo8,714671
z3dde74JoOw,19135
Z32UcJG7JNk,277742
Z2qDe0n_XBM,726449
Z2qCAESvvKc,32335
z2mXRtgLFHY,38208
z2INxVZzUb4,402017
z2FyAvKZ2Zc,121887
z23zFQnaBHg,408909
Z0z3VxZX6js,713197
Z0IMCK81Ffg,50099
z0DEnq9MGZY,547952
z08WBje5-G8,74025
Z_T5FAZjMEI,2851520
z_M_2yBf824,1170663
z_g7JHlVqMs,2141307
yZUULyCqpM4,179719
yZsP86SFwSA,9394
Yz-nc9JCZqg,11953
YZFmM4uACZs,36174
Yz_VzJ4_OOo,2045400
YyWQyvGK32s,245819
YywJykbEllU,11431812
yyvm8-r-LXY,1149692
yYMafWOKdxw,1802470
YYimlrucN4s,1304956
YYIlweA54GE,26090
YXiHNcJXGUo,76336
yX5Euau_cAQ,19024
ywVswK6jjjY,28714
YwurW_xEOtQ,8372
YwTKw76_wPc,151640
yWJkC-ycLUM,259773
YWhj5xe9rr0,88835
YwE7Jlo-_iY,520417
YW4GutWsDpg,997416
Yw1YElm1ZeQ,105650
yVY7yBl6UEA,378587
YvTwcX5G8NU,340690
YVqBsBijp5o,155439
yVJtCkKYD3k,580160
YvjhDjUbFyU,5043922
yv8-LNajsNQ,1607387
YUWq_aBiE_s,4353645
yUTzmkHAMp8,102988
YuousNckevI,110778
YUKUJ544cG0,416765
yuDGcDygadM,167916
YuCT2r5ALA0,7341
yUA9u0vpcx8,45877
ytwq9M1Mq8E,5034110
YtcBorVkWFk,328619
yTaKCv2ctEU,6259
yt4dgXqv7AI,3631
ystnJR6XU40,56036
ySkGRS1Upyo,903977
YSKF1Ka-qIc,5523427
YS6LmEFLhU0,2389749
yrPvX1qP7BM,413425
YRcxUFxmU1k,51247
Yrb1dPbaeJw,416068
Y-R3QdTGeLg,3487437
yR0EaFyoUSI,44294
yQyj7CAGmA0,856271
yPUjtxbbowc,855402
YpU0y6TMGSU,4631445
YpTJXflann8,307693
YpphKzmDiJM,609188
yP5wBzf46mI,116374
YP18Zg9OzN4,4347241
YOqmEdoIf7w,169203
yoJBr4iOY3Q,920107
yOHtg7u-sAc,554967
YoEdgiT9rTU,6385747
yO9snUMvRuU,38849898
Yo8BnaR4xXY,71807
yO0v_JqxFmQ,125378
Yo0RvZZz_ds,14393208
YNrrVzdaZ1s,11201
ynNdF2L8rp4,124967
ynh63MF7-1g,95271
ymzhTiAMeWo,10101
yMxJ7ZCd5eg,81539
yMxFdLEnl40,477717
ymQAkH7B43Q,9334872
YLWXjD30SaI,2375629
ylo5lQNN_4g,141218
yLLA7xV0xqM,6494
Ylfd1SZnoUA,429293
ykzxD3sHaoc,981842
YksEs2X1p5o,5119
yko-YmuDm7E,391656
YKkp4jZlIfQ,4405447
YKISULHWs3k,43273
YKdmbiGuKw4,3519867
Y-KArUvOdD8,37203
yjif7HoQCZM,2515587
yJFq4HV-MGQ,185248
YjF63t7KFns,46860
yjBfVSNhl-Y,7866
yIzauqLGULQ,120985
Yiq8YjQC6Rw,16905374
y-INHA1k0Z8,138270
YI6Mu4MDJOA,166798
YHYs47eqASw,4715
yHIpYDPbOho,6452389
YhINec4cH38,214373
YgYkjLwtBME,124678
yGxXUGyG6tw,14406
ygv6qrhNEUY,803826
yGlp6XDmQmk,781580
YgGpPlDWbTg,4416
YGE6MBSNHZA,338854
YG32KvBtt90,296681
yFzqP-uGtrU,160915
YFZh96qUGgY,362154
yf1VY1ZiPmI,2346743
YEIozlOEg08,1984497
yECl6SZnGO4,178878
ye6gt_N7nxE,415598
YdW13DCWCMI,390678
ydRw4zylmbw,363977
yd-Jw_Bpzyw,373822
Y-dJQsFJZM8,53385
yDiXQl7grPQ,502750641
yDiAmrGKsyE,16851
yDADpXNtEXg,187096
yd6tztK-mto,217777
yCxwmH3psxg,950903
ycTmoIlN9gc,133122
ycS6LjhZHdE,753667
YCLIiHrB6es,166263
Yc0Y_TlIqt0,92387
YbEos2H8Fww,48579
YbdGnEFwC0Q,807411
yBcifGXcBM4,821014
Yb6FFDhojC0,93783
YAxeiSjdzi4,474588
yaUtEtZD8eg,412158
YAPrfEb024Y,259469
YaNA0kOIn1c,39849
YAKx026WMKw,148593
Y9Ais-iC66M,958507
Y8qh1yEvFnQ,3968
y82iFW1fzpY,56107
y7wXRm3sTBo,95727
Y7vCNXMGV5A,50791
Y7kWD6HPPDo,171821
y6tXWVqD6r4,8932
Y6KIfWMYf1w,229154
Y6HQ0LiU9As,131487
Y5kG6zKtRqA,6201
Y5HSR_gUS6E,965706
Y4jDso266mc,827587
Y4bt9wY6Zo0,38258
y4a_tk8cn14,98613
Y40jVN8qHYE,7818
Y3SIEH08KXc,33639
y3SFD9QIoXA,771712
Y3QevFGy7u4,202648
y3in3RdlCGY,108791
Y3Fw-xEFSVA,694023
Y3BA-O0dNH0,39748
Y33PA_mHTHk,5937
y2I4sX6ji7c,11136
y06RDyNXqbM,275616643
y05LR8KHW5M,1230529
xZZStZFIXro,4093
XzzQL96yAwE,6395992
xzsGcpg5Yms,5118972
XZk9iwEcV7E,62104
xzHJ2aZR6e4,15696288
XzByC_5nK_4,461125
xyVPB4F7iSk,68148
XYQmNB9FMcE,373859
xYJK5wnph0w,29083
XyAM21eOpQM,78068
XY-7RvHaWWI,389154
xy-2h251MxE,365729
XxJ1COauXbQ,62459
Xx1wnRxktPc,2382602
xWRffppwE1A,112580
xwkt-a__zZw,2730389
xwC9Ctiuje8,43141
xVU8nEIsapY,16013021
XvpGvVR1D0w,597426
xVGRDPxlS7k,10489859
xVg8i92ff_o,1437668
xVbbbLMq_M4,115313
xVAhI-vWgvo,750091
xVa1jRRne8Q,1313830
XuWHYMDI_UQ,1457433
XUwe8LfoyDg,493078
XuJxAaj67q8,5645
xU6OqBKQfr8,39274
XU69_u7eXa0,1492252
XTWXNMOGl08,912652
xTrwT0jSUg0,2667264
xTQFTBnaQ_c,4691
xTl5WXsxntw,13274
XtdVR2_DTNw,16994
XT5cvmjIzfA,253480
XSrfg0H7liA,106273
xSqYaWxGc1U,119569
xsI7Dtcp5Rs,72576
xsdLXZkforI,514761
xrYD8jazbHI,195591
xrt1FUB5i4s,3777214
xrMfUeOPWto,24304508
xrd5ZcUQEEo,3422852
xR8EXsz3wTU,447202
Xr2UE5SQCIU,12213005
Xr2rgT9uEnA,26087430
x-R19oA1m8w,19340140
xR16ohPZBq4,204426
XqvDY9u6wn8,2257224
Xqrv6skU8Ow,608973
xqLVCuZnhrQ,165470
XQl-r-c7QeY,1972374
xqj7XOv9mC8,7486576
xptpXSTtgSY,1213056
xpK4tK4DenY,992158
XPGuDx6RDlk,536911
XP-Enanb4vU,7156
XpdB27CKP6o,24787
xPbU8LEK-sY,4691
XP09AOI1Sbo,1598316
XOw5pEPa3A8,157742
xO5Onm-ERgs,87998
Xo3wJWEPJho,150964
XNUI8dRdviM,489901
XNqdFxwtuo4,6216017
XnKqnoUsl1M,156927
xNkLDa3_nnk,6533081
XnAE57_944o,86031
Xn1L9pvk6sE,237412
XN1e8y_ItJw,851598
xmXMKlLc9Qc,607759
X-MrVZQ0tSU,1097908
XMordBAJAas,85326
xMnNQOgeWJ0,703840
XMIc4uTAMh0,293464
Xm9UiMtG1Q4,377447
XlSP9-zxT8A,514177
xLawz89yKP8,21526
XkGTE4WMMko,2685527
XjzmHWmW6eA,223116
XJZLDhvZ75w,66552
xjxkJmc-fcI,2531704
XjpA3mSBhdc,3180
xjFZvMFZaBY,451988
XJ3LRqgn7BA,37364
xj2DI-RJon4,26020
xIZYxqqpjJQ,6574672
XISuk-bqCkc,3497128
xIQp3KeDmwU,616825
xiowTm5Tnkg,35390
XILug7SKMVM,165186
xihHtHv4jQo,20230
xhyrGhWZZME,93330
xHliB3zbdLc,52594
Xh_lMDomkig,13759
xGnzflm9Cm4,125283
XGM3TX3g3IQ,591768
XgBhN2WHnHg,243990
XG3KzYPxnp8,35060
xfwOlwiWggs,2803
Xfq-WttsRDk,845483
XfQDgbrZvSw,90865
XfIBGkI5eHM,86768
xffS8n-M0Jg,21293061
xF4VdBmHxJY,6266
xf4iv4ic70M,6114855
XF4_DvnNeCQ,1879829
xeWMCxWJQ-I,247747
XE-TLvYGcoI,80038
X-eRc9PF3TU,4289697
Xen6LIywN8A,520420
XekDeXbRSQw,222801
XE2J9bw52RI,5295353
xDsMX18qSfE,2722157
XdgqqFw57X8,241313
xdGI_JTV9_8,27518
xDc_LoTMEL4,171931
xda5VESj6eM,83733
XD0lxNiZ7mE,4282725
xCY9B8POq3A,4874758
xclwGLpnbUc,82430
xcGIcsI7g3I,1523201
xc9bCfBkZ0A,408034
xC9-30wl1cg,583009
XbNu0Y-62Zg,537143
xBiB4CIq9FE,20076795
xB2Ux2Gw57g,681788
xAXh7vSmjRk,324964
XASMbPHl8bY,142266
XaKDp3ijSx0,8931549
XahosSIg4a4,163777
xaAOiTF-EFY,1802839
X9U4hBXox78,1350650
X9PumbEyKBM,232762
x9OU0ektHxM,20256
x9e_8zRuuO8,2474703
x9d6ifFMnc0,8815
X8XQctyv4dY,1668466
x8hOuTpzE8o,90929
X8fNNCdJvy4,71399
x8DZN8f8bDs,188992
X7oHkpVh11c,22615
x7HzXlEGaMo,81017
X6mnt4p6Yt8,24938
X6L453knWew,105177
x5o9OP9boz0,1478674
x4AQvgq1fdk,345136
X43XCZDt_6c,22582
x3zQELlrY6A,26344741
x374_Z9P9vU,925726
x2tpb-eX1t0,4160
x2l75JEuxcA,477085
x2KAYep8FwI,32177648
x24fLYekCGY,11074
X206QAHkMrs,3196
X1VzzNbfPaM,2793800
x1l-HRvwnB4,4588362
X1jKI9o4JDw,116793
X0YytGqn7Xs,404288
X-0va7KHiJ0,48714
x0uaEP43I6M,169211
X_juUdYzngc,218724
x_joMJBrT34,51172545
X_9LCZPLhrU,142269
X_8fe8zDtWU,9010
x_2VMcH3uJg,472833
WZuerkwFuPs,180968
wZmJonaeWDg,408739
wz8n7C3-1UI,506073
WZ0iTIUN5lU,2015994
wZ_hSHMR6Aw,113142
WYz2XvKkDRI,34516
wYkpWoBpDqo,784333
wYk2i070I2I,358850
WYfFeh6OqWI,219100
W-YBRFtG_jA,10726
wy9JRkTxP4I,9216
WXTNngJsBrI,9679166
wXqIjmcED0I,5157829
WxOPVl3MXAc,6109
wXLqyfkZpvM,379850
wxe8weq5RtU,6905805
wXbsQ0e2awY,2381034
wxBB5XjeGpI,296004
WWTD3XduKSY,64018
WwRwTfI8zv4,286604
wwQ-HpqL-mQ,5613
wwgjiyXxz1o,777272
WWcONJxujrY,7116
wW5-QYmoCgU,3095547
wvUNULrsoTg,362610
Wvj3p33uNi4,22768
WVHbHzGDs7Q,3117076
wvDY67r79MI,14934
wVbjNY7H8lk,84343
Wuxsytdh85g,4760312
wULeXeQkqd0,354965
wu5CY5wlmKQ,7259
WtPXEAnhYKE,830995
WtOYB2_3EQk,439870
wtItjwLSEU0,120932
Wt2b3VGI-j8,91264
WT0mbNvaT6Y,153992
wT_yPn3LfNA,38996599
wsYx4Jr8d54,2346513
wswvNZveNHc,14096563
Wsqcudm7lP0,1621728
WsOa5zeryMU,230079
wR9LmDVDZHQ,29056
wqsu0vtxQWY,372839
WQnOSr7F2Ek,5085
WQkV0PTcXNA,109809
wQIyyxjA8mk,73224
WQC-8YjPSD0,93759
WPZfIKy7LWo,17059576
Wpm07-BGJnE,837192792
wOteLmvdQzY,5507111
WosJ9fb6Hh0,561031
WO5s0HXcqr8,9900990
WO3SVo9FkpM,339318
WnWRaKTkIWo,65283
wNovUNlApko,1335010
WnL9XMYo_uM,112700
Wni0G6JMR60,5707
WNBGpr7X-s8,116294
wNb275Ev8dQ,4992395
Wn_wFAzwFKk,4566
WmYqDI0HF4I,2075021
WmYdrTA1m8E,94190
WmJDpZyVpzs,294934
WMgPEkkgZsg,45165
wm5fj77R8aI,6956712
wM0FTIMAu8M,84082
WM_RWCsw5K4,1070152
WlU6RRmqrsg,85380
WLqdzozwSVo,449177
Wlj9mVFS_9I,11320
wLgH8oMKz3E,184394
wl1Zw7T43TY,86964
WKOQQJvmPnY,31901
WKEGJQWx5yY,272123
WjPbuXbFej8,864926
wjj2upnfBI0,43643107
WjeZ4SOI5Qs,217503
wjAgI6Zr04g,6797
WJ9lMV8UnSo,633493
WJ0McnuNDmU,946387
WIZ-vjibow4,286718
WIV3xNz8NoM,17607751
WIrNRPVpkOQ,679388
wIFlXhEO1UU,382737
WhZxheIcNDc,384782
whz9bafVvFE,913742
wHmXwcAOnoM,407951
wh3kU4C_HCA,200959
wgW2z_wXyOA,5632657
wGV1Gl18rT0,602350
WgQaoK9OKjw,135596
wGOjfYzw8Vg,47980
wGDPML1X5v0,59380
W-FqE81rhqA,347179
wfMan8d5240,75217
WFCanKYtmIU,2343699
wfbATXDoX-s,5266
wF0T4ipGDdo,478409
WEZEatnrXAE,3710
WeX5VO0aXS0,646919
WeujyMmfJvk,64201
wEPxoVe-i9s,6571579
wEmetHs9mWI,141324
WemDKlmMAIs,5506394
wEKIAHrugZ4,5210505
weebcQPRGUE,1476522
we5djgQwK9w,55604430
WDnzcWOD4xU,3093883
WdNfcn2a1PE,4058
wDl6MlgL8PM,4160764
Wdgb720PYII,1086242
WdFrQjwSSgg,418813
Wd69L0vmaOQ,770174
WCAbXg_4Xq0,5232101
wBzlX0ltgOo,1514055
WBxwX1myxqc,2427512
wbxqYKrYkqo,826978
WbQUT3vNUtE,1990215
WbgIREVg2JU,6317160
WapBwuNtUzQ,123227384
wamF2KUQKLA,1118733
w-af5CT0BNg,145704
WACO9TqZEh0,7553397
wA6_Z2X-ut8,704543
wa5eXqjEewE,10709683
-W8YzbgV-7I,573408
W86CyDBrDjE,1816804
W7Y7Dln8LGE,142708
W7oeROkyPgs,10573121
w6ZxTzPDn_k,328044
W6E_Pjayhl8,1170258
w6_Gx9Xx6OE,18922
W5qRRqp10y0,374272
w4Q7AQkodnw,53407
w47K7RqVcf4,463350
W3U9DH_kBNg,791785
W3D-rS-H-kU,4351296
w2QTDd1sT1E,16415756
W2bov6kY7ko,120275
W1QE7yxiZp0,1178193
W1Efx7O7uPA,336893
W16tAWU4hdM,1049923
W0RuIZDMBf0,1225061
w03JoE3K2pA,2879
W-__fOAUomc,73398
VZsBRynPXHY,7056039
vzOSvIlyoeo,39840
VZk9jdU7NSQ,1090526
VzaOlaYyCmw,79117
VZ9jScsNtrQ,8695
vYXl81Ctwys,13003
vyqCSzFZyXg,9104552
vypp5DF-Rvw,302323
VYPoUFKV6BM,221029
vyFPQYtL8CM,2252
VYFdu7Xo5Uc,96980
VYcxF5mHT40,49222
vYb4_ARPNfo,2817757
Vy7NiUfzBTM,235497
vxlXOhEE0r8,2936605
vwTPlIGfoIY,8946130
vWJI5ck0hDQ,20415
vWCvoBw9akA,6754
Vw57GN-ALqE,7188
vVwaYo-sxrU,95559
vVRKRI1YyKM,208623
vVoEgYAkniI,269649
VviGG5JlvXU,59041
vvEUSUVk2kI,1598217
VVCEzCNXLVY,24553
vUTI4bPdlgE,1022390938
VUrSxS4oihY,35908
VuLc8D-e1pA,93485
VUJLOlGN1TE,306321
VUiqCH48ztg,111330
vUcX6wBPqCQ,320159
VtV4nNeZlO4,2108934
Vtq1eQEPxII,4202245
VtoG2LTugpA,2096765
vtL4d4LHI90,2093892
vtDE1zPmzOA,31770
VTB_mOAV4IE,192132
vT3FX2paY8k,149783
vT_IlY0A4_0,60989
vsup38R_c3g,414164
vSKEcHoouyA,1716125
vRYGnP8NdVA,353427
vrniSczvTjQ,305919
vQmHWr9fS80,838936
VqlHBjX5deM,2012849
vqL4HWSsdrE,967147
VqgbfZQ-hCE,14430
vpZqM6fThdU,581999
VPu7ngulnhM,362528
vpTrUNTUjnU,841698
vpolH70lJy0,46777
vPj0qzPiMhA,495719
vP9IoJZx3DE,375794
vP0MsZf6nEA,1377554
VoYLwjHSQAo,3322232
voszpcDJccM,413740
VopB3HnOJQQ,8320801
voJaBszuk2Q,508903
vOHPXy3UXJY,1606362
voG07pt-KYI,67324186
Vo9EGHNAtww,20550
Vnsy7nc9rG8,58289
vnnZ7Hc34Vw,231143
vmw8sauZDos,36646
vMQYhSwQZWA,155853
VMmdeMzXKMI,2234658
vMJoz3xr4EI,363608
vMHtAVW4ayE,977674
VM-g_bkFdzo,1113267
vMDwGkX3mAg,147937
vmbjMq4SE8w,88308
Vm5vWpeZ1U4,74356
vlPfQ3Rk3qY,31354
vLO5lMmv3w4,124147
vL4kUEGKlq4,394215
VL_yKtzIADE,129116
vkNyV5QRy-U,6903
Vk6hYdH7ug8,153126
Vk2691PlKV4,378269
vjSohj-Iclc,114974114
vjI4Alon-3Q,999418611
vJBUJBS78rs,19059
vIxs3A0y47c,2905017
viLHYoJSIJs,283724
vijZ__dICG0,85649
ViEZJa1JNjE,956272
vi3md3564pk,475747
vI1jSBrkAuQ,45151
VHWu6JvzrJs,139011
VHuaRxpx4wU,139701
vGJ0-ZiJlYw,789042
vG4qJW4-CH4,1049487
VFZJS4mvvLI,94606
vfsnozjzJ9I,7372
vFsFp46YiEs,53383
vFKQ7GflRkk,1826463
VfbCi_7L7v0,447618
VF4VJ0VgJsI,77211
vF3y1_r-mwA,2593591
VEpP_HWSvKs,439489
vEpHibZWtgI,54533
VEOCvt1AzC4,30352
veM423POiU8,4589621
Vdo1yz6Y8Qc,4969334
VDhHa4X9m-Q,59181
vD7bmadZb24,4067264
vD0ww9hfTpw,119170
VCru0f128ic,173563
vcKPjDUc5EQ,632019
vC-7ccIsBWQ,3686
vbJhhhc-DXM,16345
VbHZG10ZjmU,2071373
vBdw8EpCgQY,9188
VbAYGsxN7EA,961673
vbaDqD_eBug,1848652
vb97DrNDSfM,4457651
vAuO3bHxSpc,71639849
vaHfroquhJU,534542
VAFUK1mR-vs,1033027
Va6603ZAWBk,61057
v9EUmHHhe5Q,45161
V8nLCDRyHWM,19939
v7zEZ481L1U,309484
V7iUoq9PZf8,424538
v7H_Or9Nr5I,51724647
v6yg4ImnYwA,138422028
V6ElE2xs48c,22265120
V6C8DUQtD54,39249
V6_lJjSUsvk,4150
v5wiOmKpQk0,55332
v5OTAJg7lk0,27991
v4AprNac91E,4359
v3fvyCzRqfg,483816
v361JdoODOk,25423
V2maVleg9Ik,117986
V2J_VLSvUz0,36795
v20CtqLLWi8,7759
V1sADbhm5xE,1034437
v1pN6cj8TuE,854945
V1Pl8CzNzCw,62533829
V1iLAJVFuHk,107020
V1FYKLxQ3vo,3990
V0KSEfSgstY,1091504
v_f_2oTL5pU,29298
v_B3qkp4nO4,255095
Uzu_E33_TFo,1219517
UZHjHBjenO8,597261
uz7L9dbYYP0,7742
uz7DycAvLtU,5459754
UZ4HGxlY77Y,256234
UZ47aQFp2TQ,5686898
Uz_sK7cDpRQ,130393
UyTdQLkIwc4,230424
UypNWebswzI,293997
uyn-3kduoFc,154863
Uy7yJdq1yhg,43615805
Uy5ATBR15yw,10974883
uy0bF-PFpFI,135096
uxybmhq7XzQ,5270773
UxwiXA2n62c,136526
uxNk_ZE_BYU,40801
uXGXtVcNJ3w,2875021
uxbQATBAXf8,43022442
UWz4LPyoSw4,2730387
UWX5u-g28Q0,387360
UwlWKQJxEmE,118619
UwK6_3az_K0,4136
uWfe9AOz7LQ,99212
Uw8X6_79pqU,36339
UvQ0tTS8CTo,2958745
uvDZYjtaHRM,3880824
uVcvhKTVZ8g,161737135
uUXit_nCIaE,4664
UUrddqT9i_s,3403688
UUQ5Rr5Uc-A,9646
uUFwZDaQjo8,5383
UUEZHGJqEBo,588304
UtVHwI7MtLY,131723
utKpjcIYSCI,73078
uTIVYTBMGQA,401347
ut6UYwbt6Xk,6775325
uT6mKW59CeE,232103
USXoINPEhoA,32803406
UsXI9cvTb7E,2678985
usWUNuU2fMI,114432
usRWa3UtXNk,1289731
usmqrgknKyY,510556
uSjwGbBHyo4,33590
UsGlEV3RLbk,112660
uRP4nAGMYCY,49062893
urkiePoszu4,3328689
URfaTuNcHNo,45343
uReB2fa7w08,327131
urCZz5eMjF4,1426333
UrccwiYC4jk,656268
UqxsMrHxQNc,6326
uQxh3pAnqlo,6853
uQv9_nn4BMI,2887571
UQqOrCs03_0,836991
uqNM0yFREQA,643631
uqLy3XHIg4c,1134119
UQkBcHLZOqU,30114829
uqgfy_0co3A,53257
UQ4SCka30rU,2639864
uQ_WMlkg8sI,10610
uPtF9l30uWE,629657
UpnBeiH-tGE,512066
UPDm0WNYgkw,531639
uP2nrsxruGY,751255
uovntV3ZMDc,67923085
uojKF_A6iCA,39476
uOfwFxG0yO8,3482246
unY83S0dTkg,1021597
uNtY6HpiM4M,3342006
UNPqnEtuuiU,1041904
uNjE_N08M14,404561
Unj1z4BpduA,1837397
UMZWrNbvg6Q,861960
umyepFgih88,9397
umHGdOZKO9g,40544
Um6jJcA3TT8,14820
UM3_ki5rpe4,17760
um-1fAVU1OQ,38596748
ulNswX3If6U,387413695
ulCdoCfw-bY,55372118
uKvLdybRStY,376925
UkU9AePyxoI,54453
UKserM-i0_A,17364875
uKpvjqDsTcU,10606839
uKmA0nHe4no,12810070
ukFSWBMQucg,115131
uKezML-ie7M,312167
UKeYtpjPaeA,34378
uK9J2Q-IcuE,6288
Uk6DChXHNJA,143445
ujyAtyNYA9o,3856
uJtIbVkIcq8,6983
UJT2bUUgP3g,436743
uJi4hDIvTo8,615013
UjH73pI3me4,126317
uJ9M_7zSa3s,3222229
UIwdCN4dV6w,1182276
uiV4xPlZNSU,23005
uiub1DnUnkg,1150143
UiLHz8aojwc,4807
uiJr4I0CqcA,305941
UiCyXpDsk5M,2628702
UhiXEgqhBWs,3604160
UHEBRruprnI,219893
uH1UApCiqw0,1760017
ugZja7V601Y,7049
UgOEG-qvwQ4,48785
UGkaWBMlPWE,134638
ufynqs_COF4,267428733
ufVoxVjsed0,249828
uFq_2qaQiu0,29460
UFpGIi2OjX0,6101413
UfKmSfgFxi8,220527674
UewgWtJu8xQ,7206
ueUaQWcY-XE,29162
uETlOZViR7o,68646
UeTBJkRe7Cc,381637
UESWGeB9zxk,293515
UEQOhGf21Zc,866743
uefLpz66eJg,165131
UE2ZlZikJ34,1855293
udZU4Q84oPk,3554490
UDX-bWm-4fk,134665
UDwDF6xgv7Q,448805
UDt05Slnzpg,60306
UDlpZJ8EG8c,524160
UDbdAvmCwls,134135
Ud4P3wBVRX8,43261
UcwT0n-hUPk,142079
ucVJrja8r6Q,5972634
uCR-puautRA,314142
UcrgbGuuJ88,176153
UCjp9ODREe8,272621
ucJlWcSo18Y,90795
uch7rA0U9UM,171678
UCdMwyIy3ks,20017060
UcA4Ij_GbAo,55342
Uc8vi0gRQxQ,6870
uBYzYji4rmE,72375955
ubyAEacslEI,9131849
UbTytC7UUjs,52251
Ubq62yjY0zo,5591
uBPB3MDL0N8,6753
uBIj5aIaqMU,186996
ubGZd2vXaok,260923
uB9vfZmrGF4,988424
UB7UpXVYjVM,114059
Ub3ot5DC_iE,192561
Ub_VUzgDWWE,264707
uAUub6LPKBU,277068
UATF8ycfLD0,515216
uaQ8AXpaITg,4882
UAjQtgGJ6Yk,141828
UAHuVEBXel4,43851
u9Mv98Gr5pY,1005510107
U9gpcBDMRBA,96473
U9BwWKXjVaI,1957134535
u9Bik-gAvpY,354739
u8VkK1ydBvI,2629915
u8Oh1L1aN8M,158999
u7wMCqbebLQ,186935
U7oUYkbIXLo,10560
U6zPDAhXXHg,12298
u6WzSygTyVg,25407
u6P4T0hIv9M,163686
U6lTYH1hIKE,61341
u6iIpuIdDXI,158174
U6gF3ZwOfBI,193432
U6fx93-Ewrg,5803
u6crRYCisF4,163901
u4xzGTlZaxA,35473
u4Hc_XpdTT0,7888
U3wVDJTOzqA,1900885
u3RUG7T47_I,54676
U3hh8bLj_3s,7980
U3DHuvf-ltQ,891303
U31cQJLi-mQ,721125
u2Zqj4Nzs1g,137820
U2ZLv2LXKPI,629302
u2yGjSib0W4,132960
u2u_zC2jUjU,340653
u2qpVH_4L00,86263
U2dRRqfIJ5w,41314
u2-ACwHEVmQ,15951
U1LY9QUW-eE,17821
u1d64ubRpos,2836
U0z-x5O_Jpw,12583225
u0wOV2a-Vvc,43089
u0PR11BKrTI,152357
u0feM_2mLvo,5320899
u0BGn2WO0lo,63499
U_X51QkSkRw,37043
u_nrjjXlO1M,1562926
tZzSyVlAINw,383173
TZXxr6BbACo,529051
TzXLOzBBIuY,6780
TzV6VAa8pvg,13554
tzOgQCDi8C8,66565
Tznw53Dwk8c,431573
TZfEjhZVEng,13645
tZBNSsm1RKE,12244
tYvqLuqmF1Q,781292
tyV8IWsNxg8,1373380
TYp6yn8mv8Q,162683
tyjVu_IFKMc,1403189
TyggME09R5o,34179
TY6O9kl7Sfg,8512
tY3KPlDZbQs,55525
TxLuifreo4s,20093
t-xIHn9GGjk,9585
Tx0fhKJRaeU,24719689
Tx_ukvRq5Bo,328123
TwYvJ91OPjM,3015931
tWv-VgRU-KQ,28268
twqwhFvUqno,176367
twI7nrotVao,2375161
twi_5o62cbU,779474
tWDK9rK-f1Q,13379091
TwCbmLPTT5U,145869
twBLamW8p_8,5471
TwaNYTCK2iA,2027055
TWA-g2sOu6A,77300
tVqW5oLLSQY,15957
tvNVnpPCGP0,2036
tVmPvoor7-o,1394924
TvmhS0eMLwY,253718
tvLDLGLB-1U,109303
tvJUFXQBABo,30581
tVjMZN75cxY,125447
TVIBm8Sovi0,281688
TuE0DWT_C90,7342587
tU1r_wQi_f0,1026070
tTxX0Wui25c,98843
TtW84O_2898,48027
TTpmxbzkVUA,4431618
TToAcv2q4sU,1264272
ttMYkpL03CE,8350566
ttKazCRoxWM,245956
TtEhxYAMbVg,44527
tte055a3tHQ,2156096
TTax_IIccag,66905
TT2riD5yPss,4066
tstKpwNCkWM,4196232
TSSEvvIXC8Q,15901
TsqkpyyCEbc,9404
tSDFfiCq-eA,70403
TRyD_cFtPp4,280663
TRY2eQju5nc,1133897
tRT7DMk7qcw,1446093
trIECHv2fNE,542624
trBXAINoVno,54121
tR2TykDOx2s,107378
TR2jy8Odou8,300129
TQuiSNaNTGI,42762
tqPub3p3k5E,10417933
TqKxMKbtK3U,2981
tQHlOjMGS-M,2108322
tqfpAYHCtLE,542293
TQ9fk22YIyM,999538
tQ8Yw8k060s,143713
TQ1O0YdH54M,4596309
TPZpsYywLEE,4638736
TpS_K7cE794,101214
TPk3pdL6QzU,597973
TPDv9hgJ3ZI,380711
tpa4kp4lK60,40543255
TOz2s8hODL4,413302
tOUrqvoECz0,26707
ToQloh3us1E,9949980
TOQfxlO--WA,1855
ToPW2xgXW_0,477290
tOoHvV21zcY,55760
ToiV5FXHExM,7267
toGyA877V4s,1213838
todLKPriz3k,20239
To19gdMiUrE,103476
tnr_yY__nMU,599446
tnoe_lxhmyw,5462
TNO7pKZ8JVU,433140
tnnfQPoQhj0,69522
TNJdJ5NyNpg,87431
TnDp6AyCIcc,342381
Tn7JdGq53kg,764262
tn0hCTyj2Kc,7536033
tMazN5uH49U,13526919
tmacgSKZJKI,2852
tM1prmlMZuM,66780
tM0EJGhIGas,92386
tLxSuFGjdhU,126127
TlWiKwFFFpA,122716
Tlu-_31CWfY,8479401
TLS837FaO4Y,6493734
tlnGZo_onb0,111838
TlGXrarsTZE,41178
Tlgr96mhAGc,81728
TlcNNZlj7-Q,430138
Tl6Fdr88iRA,10584
TKvMuJoNdEI,939800
TKGA7MhxPWc,7700282
tJYhq3NXTUQ,8424
TJu7hiNz2Fw,1317672
TJOQYnumxDM,2717037
tJh5o-HPhmo,676807
tjA7nAHOAww,35535056
tj6FC33DRIw,16024
TJ1vSS3a0aY,82189
TIyT_4BttC0,1271797
tIYJcjhINqA,8815749
tISJDc0d0OY,249746
TiIC4Nv-BC0,592195
tiFp799aCeA,3095
tiF9SzzzX_o,468415
TIcjwj1W39Y,124402
ti1Sw8w_TGc,8163
THzHh3RVsAY,2578489
tHmAPWOo2jY,11299869
tHd0twRKZ9s,1790050
THCVReSmm90,5112889
THaqB3S7zKg,1693543
Th8rBDgarTM,4643754
TH6YbrmiYEY,421585
TGxwDXpQ1CM,6994
TGvym1bLi-4,798966
TgN_Qs2Z7KA,45123
tGMk5Y_puFE,1805695
TGFv5Ytq6yU,6960
TGBv8XE3sco,56800
tG4AUQhCQ2Y,119216
TfvmgiVFMKk,334213
tfREC-AkX20,6353939
tf-i9VkI5Ng,405720
tf2w-xEWjM8,30214
teNUR7w_nZg,1656927
tEFoSN_pia8,8604
tEE3yKGSUCw,25741
TedNF0dyQZ4,147452
TeArBlbN2QY,6720
te9ZYLuYEC8,1291720
te7-G2ybP0c,716199
TE3tEl9S27U,205217
TdZ1OCitz7M,113763
TdKAwPP3s1Q,387022
tdbTYuHqokw,40103
Td0w8lojb_g,433821
tcWtdT9ZkQ0,3920856
tcgNXuicVNw,200542
TCgIGYZnOpo,4291
TcfSTBh_sms,271810
TcfgANouMj0,20143
tccBPKjZXrs,770203
tC4ZDtsi7OQ,72014
tc2toBiJ2Pw,2410078
Tbz7Y5-qf1o,1228520
TBvehNahDc8,572113
TBjugzF7OLE,45714
TBF7eTSTWLA,10194370
tAYZXuuVKrQ,496368
TAy0i0JYCD4,14693
TapkR_j2csY,25965
tAo9dPbCWYQ,124589
TAHlNhCvYv8,225561
tAde2rp2m3w,442327
tab6XaxbXkQ,1435739
t9Xmslxcf0g,159906
T9WN2_ikz6Q,15402578
t9QtXGirWf0,2482940
T87ukTZ-07A,5981
t7klO0p092Y,10445170
T732vvf9QfY,657585
t6qU0dXYz-Y,162270
T6nZ2yXrh6A,3709616
T3TXncVnEVs,445275
t3NKQna3TmE,7212
t3HuWPihmQ8,6487787
T3aaJqbjm_c,1594157
t35WX3fWDVM,195869
T32Jh3pMqB8,1650585
T2wjUnw95Tw,29722
t2TtcMh1g0Q,129946
T21RHwNbIGQ,7182
T1xI7zYfEk0,304384
T1QMTxIPef8,5505
t1PXLMxuiPs,408552
t0mXOsUkY8w,2866778
t0bg7SeDieo,372299
T_TUZQw6fu0,141480
SZEhHx8xzOM,4872
SzcD48wnB9Y,924470
sYvH7Y16iUM,38481772
SYrKTn9zsto,55738
sYRG-QF9N6U,26395
syp5Gtin8HQ,232627
sYm45NvpiJg,947434
SygEOblnHb0,27482
sY4r8Cz4mUE,2461362
Sy_BfHXmPx0,219494
sxvC647Yi0A,86984606
sxukU0t-dAc,1821000
sXt6oikAXS0,872611
SXkxheJ1dQ0,10852816
sXCcvPorJ9Q,79050
Sx1VdhgNxFs,6716
Swv1il6PpN4,7546078
sWolkgKs2og,576683
sWnuTed3i_g,733018
SWiQOnNHvEc,5896
SWHNXV1C3N8,89230
SWasTZS6HGs,8445
svpxNASGFHQ,2892987
sV-hQGtsRPk,10562
sv0udYGUzDA,6073
SuzlcQc1iks,44382806
suyGgHflqaw,309927
SuarlX9EuwM,342447
SU60v2PSK8U,147190
SU_2bRmIswc,14221967
StxsWkeQpjM,180245
STVXHhTdjW4,7410989
StvIg60Je68,85966
sTT8Zf6-Ugo,147485
stNh_di8OM8,4641122
St3SkEOGAyQ,1359072
sT1an-dH94w,3099247
SsZtA9pOB4g,500022
SSV1NxkgPXM,37243
ssrvOK3zPVw,4604
SsR9ohalUp0,1104442
sSfNUMy1cPM,1111923
SRWS4MKAZZQ,2229500
Srgi1OZff2o,18248
sRbVX2XvYmU,450951
sqVuypJD7zo,6087298
SqNlLDeZcSc,2856469
sqkL6D0ScR0,20052497
sqewd2OOuuA,20323
sqCLVS1GgJs,2861775
SPQwSvSkrHU,14283
SPpBVB8cuPg,152073
sPOnslz_FVE,466182
spOc_9ZhshU,1663925
SPHJcDBwa0s,131011
SpgTL1dNhp4,916553
SpdgahDp2Wg,3174381
SPake6Oa1CE,130498
sP47VO2uwAE,26552
SoXREYnK8cU,240419
sOt87OMvX8Y,137904
sOmVqjuUHAM,12923116
SoKQzAhXkbw,9568291
sokPIM7npF8,827378
sOgvkUwwTa0,154571
sO8mlR46M4I,78406
SNvsk2RkhYk,6056
SNtsvAn7Vg8,444994
SnRXoBxaxVw,50111
snl4TvSaCB4,362575
sNC6lJb4Gbo,4443
sn3Ct2_L4OA,58913108
sn_yfWkudY0,289645
SMvZa784oow,8238883
SMskIRy-drk,35368
SmqLQgkktT8,3724986
sMpLy99O8bo,10868
sMLso2du91U,27497060
SmlhE0vTRds,191443
SMLgNZYW3XE,875191
sMkYJDDGwtY,34318
SmHK8K35EBc,428254
SM6350PPCpw,610560
SLQwJzVTPEc,12378
SLPY-kIECfY,91920
SlOhSRPETNs,331243
SLnekV64gTM,170317
sLdUevK-Vwo,896031
sl_0Y_PmMmA,652987
SKXRMn7sBcM,73079
SKV6h_5XFbk,75504367
SkoVHIQXtog,326418
SkOjuqYmJcI,40936
SKLqaySpY2E,298467
sK2-xmjrjJ8,8801
sJq9LumJl8c,18059
sJH8K6moiDk,44797
siVIV2Oc0Ys,1171778
sitxg0Lcz6s,990929
SIR67et5tcs,822180
SI_jjFfJDdM,85637
ShY_Pda1EXA,49176
SHLta_M6chM,1044975
SheFDx8d77M,5902
Sh2aQc6lrtU,393868
sh_Uhe7Ybe8,819453
SGm_UQuudYQ,1868432
SgKE8ZJ7OjM,281348
SgKdKyOQ9Pc,1121450
sGF81Z1Kols,588280
SgC1_cbd-_M,52213
SfG43DrK70o,2815136
SFE8RlKlLCE,49619
ses3bGwKwYM,138363
SEgiPpfNMzE,16819
SDPh6Dpc9ww,111809
sdnD09M5uj0,905322
sde3ke1Qof8,1763819
SDCEv80uJcc,23235
sD0XjmXZ_ZM,509464
SCq8n_hOcN8,557779244
sCpKR0JfQYg,30998
ScmKH30NTxE,82387
SCjVcdHHb84,1359877
sCCTaro7d_M,24389
scAAkLatKHg,821104
sC6Mg99ATfw,366363
SBrVNM1rMoI,89587
SBRCNIuiI5Q,149728
SbjnIK6VEjc,6446271
saVRADdbUE0,412507
SAUjD-DAAek,177681
saryG3D5nJQ,1262089
saQSKYSjJ-s,41532
SA83KYq8x6A,304492
S8t3Yw-3ZIU,3541
S8jISg0eZdk,1348429
s8_a5TxpjIk,502478
S7WhwTt_Bvg,48287
S7KmEuTmxBc,2323089
S5SHiKKd3t4,305442
S5CKjCW9dJw,172444
s4zGDpOTFFk,471022
S4vxoP-IF2M,9079216
s4NMR2983KU,117830
S4f03mhOZuc,267301
s3ZxDX_CzNE,110372
S3NTG_zeNn8,5990
s31XTrGJchQ,81672725
s2yIMJ4iayg,1049044
s2N3uNE_o4I,71287
S-2htngmviQ,192785
s2fXMPhstyM,4783
S1XtMT9ER0o,1405210
S1Oud4guyjs,4749
s1APv5uO2VU,15742097
s12qaVEyW14,30278467
S0RIUgK2WWM,834114
S0fLtwl2s4w,90065
S00ZyJ9_-7s,1988237
s_PNdnAwtcc,1265138
s_isccuw83Y,61461
rzWmj8xlGmM,4535
RzVsBuyWRE4,2253380
rzOWkdVgL1A,129517
rzgw0XldTC0,34502632
rZes3Kp_ZuU,2066400
RYXGWpH3ZvQ,1839096
RyOMAvYW-E4,9822
rYnmrkMizdc,4797742
RyhvowVn9cU,743363
ryEcqzBnQgw,710487
rYE39E-_EAk,5531
Ry8rElKFF2I,82441
RY0FzicdYD0,9910
ry_jyH0ahhQ,90042
rXx-Yxacfto,6005
rXuV7AYnwA8,17611
rxmtHVSVjdo,177286201
RxlSl-kG3qg,4848557
rX633yapWkc,13409
RWYGEAXq9tM,12962
rwOzhTl4u9k,918793
rWH49-k921o,128620
Rw7oqsdExV8,137353
RvzEZfk3ld8,79699
rVDKa3lY8To,32077
rVBNqmHSGms,229013
rvaYl7mr1C8,10080880
RV2kDWjj0Yo,256556
Rv0gLu_rK0U,56712
Ruo0Eg8JP5s,850619
RumNBu_KJjk,184194
RUMjFXKhSVI,1287082
RUCXD3_wW2w,3068402
RUcn2OhbWb4,1403874
R-tYctoKXRk,259099
rTT5RdUVKFM,44225
rTMlicdQ5D8,118724
Rtm0P1w0W2Y,228844
rtarxm5EJRk,1643146
rsWmrGuuWuE,4004177
RsP9Z2kpFQI,54729
RsNcJUTJuzU,560784
rsJlT53jU_4,696065
RRXFoy5LIq4,6080119
RrJDemmXpFI,478905
rrhhNWM_Bnk,13985
rqlkwo-l_4o,29877
RQhIu6qZKco,354835
rQEqKZ7CJlk,30531046
RpV0B1CaflI,420576
RPFozHgFqJ4,51981
RPE3cglo9o0,1882785
rpCAGMryJZg,13507
RoVFJEP98dU,155313
Roqs39twX2Y,566157
RoQaS_qUM-g,48477
ronlPwniTTo,632326
rNZepW-0GUs,76256
RNX1x6-hCt0,1025386
RnSxU8uP3_k,346295
rnsv4xQvICA,5966
Rn-iAfrK7HU,741897
RNd6-PJ2U0g,867285
RMWTNik9i_8,15050394
rmGOcgfurT8,72072
RMe_BE1_IuU,307645
RlCwZFrQvAQ,134344
rKH3G023Xfw,5206785
RKedXWFkQNA,501785
RkAeu05MotM,17425
rK9L7t0Pl-E,4132422
rJOMYEXK6cs,41259
rjO6tTN-NrY,174983
RJKdrsWCgus,1522981
rJ1K2I7m60w,168848
rItv9i6c7AY,2401030
RIQiH1XnTbA,7248
RIBYaGontkk,355643
riaA0GW9jeI,1434816
ri0ZjpEr03g,7990363
R-HRxzkL9H0,3050444
RHRPK2O9R4w,4477275
Rhpuy2DIrmc,1844
rhGRZ0pedY4,360886
rHdCLMxifAM,51929
RGZIZu_C3Q4,487419
Rgr8u4iAjTk,867154
Rgr20ZbEPvs,454030
rGJtj8HxQ10,60759
RGID2PnYLHQ,374949
RGGyTO-VlUs,5090959
rG7fLWcvv-4,9732000
Rg1X1WFNxsA,9721
RG1BzJ0fqsw,409125
rfx3eaJWIvc,645864
Rfcd7Tc1QgY,30448
reY5VNR4b-Y,435349
reNmoaScYvQ,104478
rEJQ9cOMaKY,229565
rEdl2Uetpvo,9960954
rE9bzUgfAgY,6410
re6HE4kCQY4,69317
rE_GOkeI3Gs,128504
rdu9EVRTUaA,169440
rdsABjAP8Yg,32381981
RdJpxjewJvc,193794
RDBprxmdKRQ,8724919
RD8bai4hNBw,573281
RcxurS17eJo,491659
rcWN6yIV26g,250818
RctDticEAN0,12205
RCsdYGuJxSk,57516
rcNWwVsByJQ,266856
RcguYPx9IOk,28165
R-CF9NylKVc,566216
rCeiTvmUvQY,1073928
rceGFDm9Duo,899539
RBWw1S0dX08,3755099
RBJgpXyezgA,112493
raWomBGbxfs,97747
rATXIoXITrY,44753
RaDHZG0FeJA,110861
RAD_HPsfHbY,98802
Ra8KcWLI9To,315181
R9YYmoJjBxI,8496698
R9tGqDgGvDo,1231785
r9lQggOQGvw,7077038
r9kBJeq_Ixs,1000331
R91SPn7AqyI,44061
R8JbyUej3tc,43172
R7UPth2VLEg,71919
R7gfutHJFPU,10739
R6VeXe2L0bE,865289
r6BUF5Zf1H0,436349
R6B5Zl4Oakc,148621
r5VMpj0GLJw,658439
r5Vk-x4sU80,4070
r5Q1S3vbkuM,98518
R5MS7JpU5So,94935
r55Ha2CI1f0,331018
r3yduJ2B-4Y,1880708
r-3iathMo7o,104126717
R3gYYWIAaM4,454640
r2ys-AimNbE,20289496
r2PxV44-mJ0,580087
R2HmZnrxckA,40063
r2H8Oqm1eQ4,5720398
r21uCHCJllY,897837
R1TSiB9OuVM,76919629
r1NN0_jZUbY,30681
r1l3cYVRlnc,1225982
r1jLNrh_coY,12811
R10qTLfwm8E,14272185
r1_H7Va8D8w,7776962
R0Qv_nl3WaE,79759
R0GXusPBEgQ,1253879
R04I-DurRCU,157479
R_5Qfc7APQs,4172827
qZs6JSLeWj0,64977
QzOvgs-svOE,18666
qZnge-xDI2o,1201552
qzFqSwIe7rM,356091
QZCyZxhUtpI,10949
qzbZdQqYCAE,5534
qZ1vOS1cnME,1510676
Q-Z180ynMsQ,106624
Qy1oMgf3PHc,162330
qXvmUdZGNFU,100544
qxt2JE06PYw,271233
Qxs8fauXxLk,320238
qXhlLO3bWsg,15429
QwzaB-1vp2E,54987
QWPiQ9hDd4k,3902
qWoLwjAvpxg,16236
Qwj_iP6SAAI,306384
QW8whgmyTNU,41315930
Qw8MCIH2ON0,85279
QVklmYejCVk,266821
qvHirdMiebE,9261985
qvbjnPzD_E4,2914
Q-uUyMYs7Do,165821
QuU4FAnrrGQ,8160
QUTjUG067sM,11131
QUr2aiqGyzQ,27322
qUqhzXRgg0k,1865722
QUfzH3S3hn0,8175
Q-UcuSIyFk0,265392
QU8g0XNyHRw,1513210
qTYCtgOr_8I,74182
qtXFK8guvUE,275325
QtToyMb1DUw,1147613
QtNvvWsSsoE,9099203
qTJs_9Ckc60,2667228
QsZF-F4LbYQ,281472
qSKvRDz9iG4,704106
qSKOPBVkpJk,36202495
qsfUCkWREb4,8650
qSE-MFxj1x0,22740
qs8xStp6RhM,200436
QRzR6bvnvD4,1244140
QrTAA6hCkrc,595204
Qrod1e7OCIk,651305
qRcVQpaYknw,87227
QRauyA_CK94,323354
QraD9ZQHMOc,720062
qR9fiZ__L7A,708672
Qqzx1xryfkc,6353
qQ-x1_Y7d8k,851020
qQvzZYVQ6rU,272351
QQpCG_IvUOo,1005113
QQmjP5CqSxI,326526
QpyHrQYeoIE,14075744
qpy6L2L8Bw8,30462
qPTG6GKEbGs,145073
QpFcf7uBacI,7905286
QOVlrmtkxkw,2042969
QolW8xNeq2Q,603587
qOiRbwHPJjc,307636
QOHVIMUuOPk,121917
QNZ53Cpl9B4,165193
qnUzFcFNU4U,6682
qNOq46L1joQ,389588
QNNF8Gz6KCY,8125
qNmHRTXjUeM,31489
Qnko2SJa1Wg,38143
qnJbsddPc6o,206064
QNFSFKcDmJY,259581
Qn4ctBaNI00,47421
QMR5sYjCJdg,7856
qmE9mGbItuA,240936
Qm06dledGaQ,255526
QLVqFKufbvo,1431669
qLtYowQUdl4,827979
qLqCUAQnmwk,308490
qLaGCduQKGM,8143557
QL8voe1u7Ys,902118
qkM-tTkUbOw,579339
qkjQBSu2FAo,87911
QkCnix1Iroo,9074
qKC5BXSqq7k,146964
qKB_7_ZzKvs,11429
qk74eFQemFY,48440
qJzPHFWhBvE,453275
QJWTqI-uor4,6514142
qjlNtbyf2Rg,9648
qjKxo910e94,381550
qJJTyBOAzsA,43793
qJfCBLR2YkY,449607
QIYQPaWf_3c,1178886
QIycmAPvXpo,62259
QiwtLBQrjG0,816444
Qil63kgj0pU,2307859
Qi7t_g5QObs,8246682
QHG3ao_5Hl0,2958517
q-HeLZ-QIFk,182726
QHDRRxKlimY,178020
QH3SA2VjaFo,97644
q-H07Tph8qE,270489
qGzEwqwYYY4,12511
QGdcNjbSTCU,7935
qgcenfc6Qbc,1623451
QFjQzn2zChY,39405
qf1M58b6n9E,342406
QEZxdt3Vb6I,393068
Qez7nNPfWXU,28174
qeygNyLHAcg,35782
qeXPYFM4FI0,248781
QewLyBBiTAk,210322
qE-TOMON-04,6794
QeGCFnwTSNM,567882
Q-efs0g13tA,298987
Qe7i6OQwF4w,107347
qDwZ9GiKVxs,1860154
QDr8ubnxHKE,32959
qD-ofY9niOs,3709391
qdN91DG83lM,226637
qdCC3pKban8,3306
qd8zeIIkA5I,231463
qd2YK46r8kQ,464797
qCn0wYNxKHw,697134
Qcj15vHJTtk,75648099
qCFb7U2s8cE,246884
qcD1jSlPciQ,512905
QC2O3piOdXQ,306546
QbD1hz7jxl8,106295
qB24uIe2Q7c,5705479
qAJgoIizU4U,12108
qAionjJ239s,26948
qaESiZ-yVVg,13001
QADvOpwK2Mk,1360726
q9wIJTGN64A,452061
Q9Ut_Nh1lQA,4842
Q9qzzuMoiLc,257771
Q97U8K_YlOo,2599834
q8v9MvManKE,26255990
q7wPq2x-u5o,1354828
Q7Ry9eLCpPk,90160
Q6M255BZ0HU,11437188
Q6LV7jdwqZI,231968
Q5Su1S4ZVoI,1576366
Q5KmA3Xbmqo,56654083
Q4lVJZHTvK8,68290
q4Gnc_EpTK0,264093
q3ySxUf2XhM,126416
Q3I4tIMNLLI,1161783
Q30OBUVhxPA,629967
q2sI-T69sjs,13815789
q2NxXZBjekY,9021
Q2hqcPnIWiQ,1607302
Q289WrcIA00,285694
q1WdBsXS3oQ,164965
q1jzwV_s8_Y,6219853
q1fZfG2b1c4,52611
Q03sMbGR9e8,214853
q_Ir1I4yr7Q,477046
q_Bk9oZrphQ,479499
pZYJGAWc-R0,852538
PzUPNN7VKYI,18572
PZqRgT85E0Q,6683357
PzqCBKO1QZY,671959
pzo-98z40OI,7024
PzIoCDKX4UE,72955
PzHwMHPJ-CM,158438
pzHCd2X1GaM,5791605
pZetLdtFM14,251998
PYimOnyCknw,417141
Py8VDZKrWEA,131547
Py24xhrpeNs,3757355
PXxOgslz1FU,283177
pXpfGJpmhNI,14035493
PXmF16_QzBI,1933953
pXAxIFB_ucE,12962
pX5i1bOue98,679659
PwyJwn_DKxM,543948
PWwvR6cSH4o,21283341
PwT7v5phmX8,247081
pwSALZzLSnE,116987
PwJNm2Qr5C0,445754
pwj_SZHqiSc,12486248
pwGbwYAfSmg,1429679
pwaWilO_Pig,847180
pW_Z67R53XA,2209114
pvZsBIkm6Ro,112126
pvYHfdsz1vE,8424
pvviFTjTEPY,1235462
pVfJbOZShu8,6421
PVbQrvlB_gw,314939466
PUIxyLRnzDc,2148951
pugZJuZubiU,342713
PUBAZCAy_SU,45056
pTysrwci0pU,62961519
Ptx-burAzBc,246445
PtwgCeKMhhY,80126
pTUaJWDxNok,2414
PtPKCIGBRNg,207500
pTBO2f55aTs,6457
pT80f-O4MpM,74940
PT2fxswWSpQ,966212
pSZhXWXbZ4k,3194
pSz4jfv9hlo,801345
PsiEt4y13J0,822345
pSaZHLaXLv0,31007
pRTpsCsLdno,384450
prpFIbl2ZQo,6209316
pR5tq_CrXlg,101631
Pr4YFtTigUI,851623
pqYnmLEj_O8,593938
pqXdGKJsFJ0,10051
pqWQ9l97LB8,96919
pQSID3EaIYw,9525
p-qRaIPQUZk,244677
pqKx1DQI4Mk,2233983
PQGJYfo0cg8,26187
Pqfs9Ksn4CI,1981005
pPRKKoJJcJk,2385
PPQ0par6DK4,3986984
pPmUCViItQM,60820
ppk4zROkg0c,4401
PPg0OsXZiW4,103569
pP1SPkt753Y,405004
pOsiEsIoePk,108376
PopMRNU-i20,273376
pOlpmHygRG0,11390
POKHs_se3QM,272576
pojXEFDFMw8,2846652
pOElLN37Lrg,987067
Poea4TaJVoY,13036
poCosRoSUeA,576034
Pn-WVb0q3fg,56409
PmZ2QvjzpFs,1528824
PMuH1Yqc1Hc,203529
pMQOp4sxtjk,325706
PMPfkGusPBM,7841
PMP9gmLSYCY,761715
PMEkmiQP5bg,2942269
pLIRpF5ZC4w,1446591
plecEcRYBkE,3933590
pLd-rqYP0lc,198138
pl-DjiO8das,106513059
pLCSJEW_cEk,651494
pKVppdt_-B4,1253909
pknIu7Y3BvU,175844
PKffzHbEdac,183389
PKc7Sxem_Fw,523715
pK79gZkJnAg,25079
pJXdDKRZ10E,33477
Pjv17ALbzvk,593244
Pjs0vzEy4q0,38708
Pj-D0jc17D0,30347635
pJ3yba6Z3UQ,958620
PIpgfgWIsPc,308945
piOoxFzkoG8,600640
pileakSsa-Q,304448
P-i7MX2fdbc,79847
pI4t2QvPUvc,183191
Pi2oPZWsU48,11963
PI2_HS_7r3Y,7982
pI1F4HrbzT0,42546
PhXzG1FGTkE,112815
pHPEHPiPHUc,200474
PHNN1myzcm0,34489
PhfKS6o4FKo,4378
PHE4lWolTWM,12749
PHdqLE6wC0M,200490
PHDAg_pbkA4,309250
phd5UDdFBDk,542287
ph86NrZDQkQ,6368
PGRcxXLfWrM,76043213
PgNAmWjInGk,8165926
Pgi3Gv9uqjA,426688
Pgg-UrXaZ1g,943022
Pgd_Tgi-pbQ,462261822
PfwXF3Gss3Y,151514
pfwEn3Jy8l4,352696
PFOekkKGkpM,219927
PfLCyR6Efvw,55675448
P-f9U_YUums,163163
PF8Dfgl3Wx4,406983
pF3YAu0peCk,7640061
Pf_vGjefaXI,3398411
PErWWvlNXec,18748
PEoZLGHKvy8,2259083
pe5btRg4jVw,67889
pE1VrkLpZvI,1208335
pE1Qk90pxE4,3413520
pdX586m_aGk,13858
PDrEK5OuDbk,167822
PdNvCRoM2EQ,119936
pdL8LIcrNDA,44291
PDGBsPalpRY,133558
pdfLAcK2FbY,32345
PCQtI7foDis,11765
pcMGwToaD9s,96752
PCk2T6tGrIM,388651
pcJo0tIWybY,46995328
pcdMx2YgqKk,334155
PcCU5NVeREU,415355
pC8bsjPzJEg,415440
pbzDC2vH9oI,269367
pBn3o9HVLgg,488217
pBaCzdE0jaU,812485
p-BA2c8T8vc,3703768
Pb1YjPlqZZg,139545
pAZOKbDGoQs,25476
pAZkLzigKqo,260689
pAYZYraWyyI,464147
PaYvlVR_BEc,46112205
par6mkSJ2CY,660315
paMZAxeeIOw,276371
PaLnoNxtC1o,4411
pADsaOFDCO4,366520
P-aBTNB5nh0,110850
Pa3BbcTmIVo,29013
P8UTX92vUWI,106370
P8on1lB_VQc,37305
P8LzhJI0rRk,424910
p8hgWIyrgns,1117954
p7CZxCfdC0A,197627
p6VarEsEmQ0,33026
p6cInZvsPPI,1476978
P5sJMDBZy0E,102662
P5_8exHtmdg,1088329
p4XB3XLt44U,23182
p2YK6rNDIXc,112309
P2mKlngatoM,296893
p2KN2hw_lww,94997
P21a5Uty-uc,2009491
p1xTuY7-Fw4,2219899
p1GOYs44fRU,8301
p1DAEZNyJ8E,87006970
P1_OxXNhdgk,560717
P0RpG0HVsbw,596103
P_xXvDNZjHI,20907
OZv7qYZ43xQ,3741126
oZCd0v6wfmo,1372774
oz2L5rgQt0A,105784
Oz2g90wMsss,1053365
OYhGxfP37us,843575
OYEwSNe0mTY,330651
oyEjTfZ0-II,86734
OYDziOoK_FQ,343430
OYcv406J_J4,3147917
oyBfefx7I6c,5079802
oY9GVZKwBhI,32572986
Oy4ug04-eLE,216251
oxy6U8BPXF4,33563
oXR1SdCJpTE,166977
oxIRIrRggOg,1618149
oWw1BcFhk-k,492237274
OWpy7rOllXc,92760
OwnCVA7I-J0,131838
owL8X3SuurA,419606
oWHoDJz7N-g,29600
oWEMLkFkXHs,171239
ow78ktpKcS0,223203
ow_c_aRJHsE,4822
OvYv3tmi4AI,107401
ovAwxEOZ5ag,852666
OV6uZk_IInw,165955
OV3zjWJUqMc,83094
OuTM9ClTs48,437836
OUi0u_hlF2Y,772336
oucv9fd1hbM,2494288
oTxbeE2Knwk,381346
otoX-ItI_U0,59249
otMd4YiQsg0,119876
OtkMzh9lilI,279563
OtHrg9FHZiI,414529
OtfuTyyB5H0,17127
OSXc85VoQGY,593546
oSRvR0rH67k,8126544
oSQn4QK8QDY,26761
oSEeK9yDNQI,275441173
Os4MTTzTKRo,163563
oRzwabAUU3I,1384436
orPQ74toO10,2252
OrnpSe4OChM,106184347
OrIgds8GREI,5715
oRexsyztGS0,18941036
oRdCDpzxl6w,64140
ORBx7J-BLpw,13493
OR80P8kEccs,4423
OR2qX1oQd2g,243760
oR_e9y-bka0,9856777
OqJ5S6G5J5s,83838
OqInPOy50p4,92069
oQi-mpjTOlc,1693721
OPta1DBLD90,1703090
Op81YCCo69A,279065
op4B9sNGi0k,583541298
OObI7GpUduk,391469
OO8bo_fpoQg,100067
ONTeBgnM70E,8476
oNrWuvTTTh8,130840
oNpzeIdOtlk,18574185
o-nGPNn19vE,19769816
ondQYFBvk6M,2859681
oNB2UPdSxW0,1561800
on4ymPRD_-I,300145
OmnhPRNBlek,7214
oMMVorVONYI,879779
OmKL2CuAgGo,255264
OMJCsytmfnw,1062798
omczdd9JoQo,455567
oMCijY1XGlQ,5128311
oma676XmhCg,60404
OLuPM50rT4A,37960
Olpi7IPi8vc,810559
oLDbO545aKQ,25573426
ol31UX20hBA,49167
OkxCkz1KCZo,888679
oKNc7bZJQN8,1243438
oKKdCiiF0N8,1018692
OKA-3wsJTs4,9010838
OjwzbELflHw,171348
oJWjAOVBspk,60914
oJveN0UHsaA,42123
oJv8-q60n7Q,11194
OjkfOX-g6Js,1292319
OJj7uOy38hI,88867
OJfOsoUYPts,1591357
oivaC14YgzQ,64864
oiSMMFXGgGY,44838
OIS8VxPSoQY,93951
oIRS30FRQNY,42746
oipLbJoV9pM,4520175
oiA8psXap2I,9971
ohXoXtxpOqg,4698830
ohp9UTnlXzc,2720
OhHyTPl30pw,1544673
OhbxQyX7UVY,383773
oh0k_4SAXpM,9516298
ogr4dQmd4B8,13514
OgiY3OR3jlg,393862
oGgzXrlF0m4,32684
ogfYd705cRs,43197523
Og7NUPoS9JU,1363317
og3aFSeEm94,19125417
OfYxZ4DJj2Q,509525
OFWudk6aIuU,866676
ofItGhNiIig,215415
OFbbfdThPWk,35046
Of9GOMM9HPg,54843845
oF7FR7TjnME,135568
Of_ERZE21hw,8539491
oehWsVdYPCg,208702
oecKB9QZwxY,588884
OeaDBJ_7IFA,55837
odZ9GVuyfkc,1065423
oDYKUGSl9m4,368205
ODl-DYTyNyM,506834
OdesAn1J3yI,175185
oD9PH5GPR6Q,126661
oD_3wMh5kLg,1407145
Oc-WHctTBMc,469688
ocK2UnGq_yw,227374
oCG5S-31kmE,570413
oc06rSC_Xk8,2170
ObyEoWBYk0g,1252061
oBVlbHaSoz0,1234965
ObRqWRfC5rA,13761042
ObM6qdQcP8I,72960
oBAlEGWDLXQ,15005646
OasuaUVjZMg,57494
OaqvfQ5ggas,8344248
OAqQ-rziZ2k,218020
OaM6Zl0_O98,39675
OAlRH-4qN4Y,2752
oAG3LsecJwE,189232
Oadf4KNYz-I,3371281
o8-MBDmr7rM,1587104
o8KtKp9v750,1601076
o82er1lRkj0,826840
O7qCZ629im8,168581
o7k7euAt-E8,449210
o6T9mUq9Vgo,977085
o647TcZXs0Y,329723
O5RTJn-JsEg,75865
O5ROSS9ReUY,77058683
o5rGhVbQQBw,23520
O5GhCbhGWQ0,9260136
O4rAMou-b0g,3016579
O4_JNAFClFk,1950199
O3wWUFDxAy0,597320
o3VS0V6qi2o,1641639
O3tY_fE88Bg,1746958
o3lohh-TVJA,936300
O3IJCCeNMVg,3410
o2wbtFXvu2A,7114
o2pPZCjUc9A,469096
o27M0gXjUqk,388937
O1PywJ0yYRQ,340287
o1nxhR-dW8U,5809
O1IOIQeOdD0,7770
o_Ud5I3mko8,75884
O_0xBep91ds,132786
O__OPJ7J0jg,20690
NzxNSF_yS0A,1082138
nZqIhsnCUr8,218314
Nzkjy_9LvFM,44245
NZE_0kYIHE0,483474
N-z9PidYH4E,8371119
NyZlG2rlSTg,45876
NYMcACJLqJs,65536375
nyjBKQebbF8,71002
nYHDj2sB-rc,2067903
NxvzisNwyQI,3774262
nXki4u8JNI4,22660
NxhtEQ2IWGA,289439
Nx7AO9wBwxA,5248
Nx3sAIrYWRQ,310955
Nx0H1dzMCq8,4024
NWYoRNepves,65508
NWOz3OZ6J9M,22337671
nwMVv7ZzSSQ,60200
nwluATd-HQc,803227
Nwl5GcNh97k,79223
nvOrYzltjb0,1099934
nVOb3RzS5t4,512222
NVi5VHxdGBA,188317
NuRDxWpb2TI,67977
NUoSKOMwFfw,1063321
nUM5WgmNTPE,330921
nukwmfb8bII,5157456
NukmFF__G-g,385553978
nuIoxlJYCXI,16612016
NuGCYvShnjc,6990
nUfr195i_54,74373
NUCjnkwQ-Z0,2122522
nUbVgEYyeSo,13111
NtxavjjCpcE,194331
ntvVWzdhGjQ,316886
NTKBYlFO8Zo,403584
NTb2Cpd6ktE,2087423
nsZvmFUXkrI,186297600
nSzLLGC-Jjc,130288
NSy7KsgPvzs,63971
nSlTm6XDT64,171461
nSkUOhX8Dc4,9205
nsf2bDnTwcg,217335
ns4DIpKOGFc,2686244
nrVNAq7nSTQ,663052
NRnnnihFpTg,1997133
Nrj9Zhek8Oo,3140872
NrFgj3L9DXo,343200
NrAz1fjxzNY,63008
nr5Pj6GQL2o,16626280
Nr3oTmIvHz4,18331
n-R39jiraak,557474
nqSWTSJdTJY,508755
nqOPXtjy4VE,141370
NqNbqfFoMVo,133252
nQICjaXhwM0,32230
nQI1SdMIfbo,251555
Nq8zTHhamtE,621477
nQ3yySXV26k,6325
nQ35CkmNjp0,7476
nQ1lxgv7mZ0,85659
npF7u_uG0lA,10567
npeCDLsyJwE,1231331
NozoigcJWHU,305449
NoUcOismOww,203524
nOgq38p_5eE,30967
no3puNSK6BY,123692
NO3k6kqbKGs,174549
nNZrc_XvF30,27552151
NNUgF7IARsQ,403286
nNTl0TivaRU,1429802
nnNR_HubOAk,32225
nNBp0hev17Y,635258
NMz2aVBdKJQ,4888
NMVKZCdz1ZA,238237
NMsLN42McLU,16450
nMQkLiBFKOc,120991
NmNrwIOrZ-g,234512
nmKifG_pn2o,323374
NmgFS5ApQVM,464425
nmazBxBNffc,31197
nlozE2m-NMc,30255196
nLhjbuHonSE,431551
nLaQO1rYFLo,4179911
Nl7BG99Dnvw,12895
nl0qCdE5cuo,395323
NKmGVE85GUU,10787369
NKKPrHgLJuE,941106
NkeKzCBtIKY,124676
njZMg2m34SY,281201
NJsXHH2FWvc,33739
NjhAKnorBYE,1081139
NJF604CUqzI,930280
njF1S4oQbgs,17479238
njeN8GCGnYE,1284721
niviooakBLs,25139508
NIluMdWhOx0,30729
NIf8LjND67Y,3080110
NICK8lK3LGA,3974794
nicFpVJ94gc,1050305
Ni7kJQnmsS0,12349
nI7_5OJLSgI,5232
Ni6hvVkajME,25030
NHzzWv8FzVU,30829
NHZr6P1csiY,35802074
Nhwzgz0l_ME,271252
NhVKrJ3uTt8,6653828
NhTLsNawGKM,747193
NHEaYbDWyQE,10790292
nh_eZnSZCLw,1988454
ngpGwE_k5E8,554329
NgloGi5xEa8,12444826
NGjnyAZmDvg,2723
Ng53Cyj3hFY,486917
NFuhfByeWM8,5730
nFtrpKTRtxg,3266
NFS3DFPLRvM,1046642
NFQCIs2PUdc,324979
NfbpLYEXOM4,130037
nF0mrB1eOsM,114203
NEoVjmfYlJ8,1382189
nElEFdfrxRE,141414
NEgvPW4L3bY,172205
NEfCmplXP1I,153413
nE7wCyvCXS8,206608
NdVkyJqM1XU,158450
NDMeBosqXjE,87576
NdgYbM63hjA,1741893
NddFnmCVeCM,6953
nd4cLL_MP7M,83112882
ND_4oi-CPv4,315945
NcsGpDFKCgY,6962165
NCR9CWj4fRo,66461
NclJj1h_MW4,337239
nc7kLdyyn9g,245333
nC0u87r3koc,27615
nbSeMTCc7QM,140050
NBOT5jigRy4,5036940
nB3HAxCS3A4,492290
nayIT1jO9Ng,23831
NaY91YjVbEM,27259024
nAsrsMPftOI,993158
NARgrkbz8BY,74732
NACktuQR2WI,44184
n9WjhrCrHVI,183281
N97f_OmwCVE,437367
n95Nc8rB0Rg,107805
N8TBDazO53o,267834
n8j4YjBKqno,86811
n7h0Q0Mp-NE,240448
N6ZYJ__tiXM,3600637
n5LoVcVsiSQ,80505709
N5kSFvMrWmQ,280729
n5HV8l8dvWY,2957943
N4MtzsregT8,15188776
n4LQjFGmdUY,17649
n3xuHPQtZAc,45649
n1huCzPjAfc,201092
N1HAMUAXzbs,85725578
n1DLaN4a-Qo,123214
n_YIMsPzBN0,136576
n_W54baizX8,217848430
n_MMwlrz4W0,244809
n_1nPovdD2E,171027
n_0g1lNxBbA,38087
Mzv07QF0nt0,1404792
MZrq8Kco4rU,241536
mzQuIBpS-jA,12297
mzB1VGEGcSU,79007361
MzadzMPY3U8,103223
Mz87tLToSVY,1124666
mz84yXla96I,3240
Mz7BqPJzehA,28077
mz5RgPjl2LE,2904844
MyPvWIwrIGw,637395
MYnO9Gfh5ks,6170845
MYf-Slm3hQ4,149242
myeqG5B2Voo,224319
myCYM45xemk,44435
my2VuDkeAPs,329151
MXcngbOxn1Y,341231
mx4IpQFniIE,181901
Mx2SwK9dKjQ,414403
mwZbW2dS9tc,59805
MwpeJnNUlGY,1143411
MWFfrdfbIQs,29234
MWbQdgjsvJI,35325128
mVYnijQaKvI,1834731
Mv6IKzGrEA4,10307
muq6HNVOY20,1858959
mUMS__cvcFM,55460
mUiu3hDlGEs,8306
mtuukMeEO7Q,57050
Mtu3MMUph4A,3566511
MTstD7FHcBw,9662287
mtms0FLgMKo,3752
mtfHKj82PZY,122312
mTf3Dcj5NPU,2192987
MSoq8jlpBic,49923
mSnGDYVVOgg,490555
mSGhHCadA0g,5736
mRNC2JySCbc,11213
mrJE5AnEzTc,36742
MqY-o3uuemo,736275
mqSMgp0G0bg,102311
mQpSRve0QsQ,45522
MQIvV800Atk,77837440
mQHczM8eBLU,861758
mQ055hHdxbE,17239917
mPUeRu6NU-g,982953
MprG7D-7jg0,2262329
mPGk2Ky2RKA,1466636
mPg__kEZ6YM,786558
mpbVUju-YEQ,46729
mormLRYvJEQ,300295
mOkdDJwRUT4,228638
mOIYIutWZKk,71968
moASLrr62EQ,456025
MNGL5Ktbj1c,10536
mMZdC_-Y2t8,554974
MmbBkGL-tK8,253602
mM5KRGFOt7I,180966
MLxGllP0x8M,538436
mLdWLWvgl9Q,814322
MlaLvnBANuI,377968
MkO9ZkVkfLw,16714
mKlFjWRGu5s,320695
MKc22HuE_94,1297350
mjTSwmKqmuA,5881275
mjtn3EEG65Q,2448354
mJq9UJG7EUU,112760
mizpW1j8fsE,375906
MISVkrFAiFk,216201
mi3Uq16_YQg,1424347
MHiQbMv4H2k,4599221
MGyRE1JDzKk,102847
MgYEn_h__-E,113096
MgvrkdxG2cc,2040239
MGeIK0uxkgo,575435
MfvMq6dG00Q,78610
MfVetou0ERY,13935507
mFtsqERWiCA,418097
MFssIe5b-Og,4740317
mFLBNNYGDjE,58211
Mfj_A2uuJNE,258176
mFiKA1QRtN4,60767
mf7MlxZ7VSo,1265990
meWP-7MAqis,1930786
MEuTqoAKyHU,91980
mes81YSx_X0,91304
meIe_v4RtNw,50859
mEgkIxTglCU,1404668
MebiAf-7XLE,41974
MDYiTQDJSlE,2581
mdvMt2Orv6k,560493
MDRX4Zq57mY,7105689
MDpEy9ajlCs,92091
mdeXijHgyyA,56716
MCQYL7uAK1E,75247
McJwniEP1XM,66574
mcJKgG_lP9Y,683577
MCh-Gt_KbmU,122696
MC5ChT_D894,267240
mC4E6DIjnQM,206896
MBWUJbXyaCM,114911
MBR2kxt7RK8,27301903
MbN0NEky-Tg,577443
mBbY2axJcWw,1161555
MB1nghZ9JiU,70300
mb_AvfW8p6s,134234
matqiDFKMnc,64796
MAnuBR4CsEg,78204
maJHt3YM_0w,232174
mAfkkgw_-68,4705063
maffMTyMBfQ,25174
maDPbJaiJy4,1435047
mADNx7EZWdU,30675
MAc8B58wOoE,576951
Maa3YRE-zkE,6604
MA271ViruBE,46848
m9zakT_UDY4,34014
M9yeYipLIv4,206616
M9wPPp09Khk,697681
m9wLuC-4Il8,170664
M9-pSLZwpmg,295733
M99i7dkYf1E,283707
M96hIcntDg8,100355
m90xKemHDus,2713
m8rIhOnP5gM,461047
m8raCLcm8Ew,98029
m85ywFMlfBs,350897
M83IkWAJiUM,3937
m7lFyINZlBs,12877024
M-7Eur0G17Y,200246
M79zcP113Lo,341924
M79o2UejYKo,20966258
m6vrhyWDTiI,98443
m6VkfwkXvJM,1240115
M6uNQPmqzkw,7587
M6qkKTifaFI,206286
m5WKCoS3fDw,96949
m5SWt4wge48,1705883
M5RsnRRvDs0,266784
M4ZoCHID9GI,2211219701
m4xa3C0DeJk,528638
M4MeK74bbvc,489862
M4GON29PrKc,189101
M4_0z9DEDpY,54449
M3NVzE-dwZk,138974
M38aWHxwtXE,359285
m30WyhA3CG0,42458
M0Tth-0MNFk,2605830
m0mPveAOR5c,844909
m0LSRUTmVvw,2902122
M0kcLjxoYS8,21172532
M0FoR4Dzuuk,437472
M0DJx_EqFxU,17734043
M_YO5q6YB6E,1322664
M_ThtCRAySw,8284563
M_KmEWGMLsY,2353942
lZP7CZNzR7Q,510610
LZhSKwIrzx0,1430306
lZfgmJRkjto,3385603
lZewQ-1uLjo,24091
lZ6iOa74QhE,285844
lz5z3AtQtbo,9361
lYXZ6gNnOmg,213182
lyUNWpne9CE,786780
ly-umdSmy64,1069495
lYSUyAkm8EM,46076
lYRUGtSesXk,996638
lYrqvYewUIQ,679458
lYJFwXw1ZIc,484572
lYE3-nKYmBs,1449995
LY8AE74jGl8,14183
lxoMGsY7GAk,57745
lxlmgsfVUhE,86667
LXfGuxvIpUk,6409
LwuKUQXL8Ww,3114
LWHhWHxtujI,5033
lWEhXAmTskQ,91438
LwdPfLYQTZY,580733
lW9XzU8l0NE,13871
lW_1hgOkvjY,1471555
lVq1SrDhkMw,266608
LVPzYHk5VW8,2105420
lVHSru7zM3A,325440
LvFeKDmA-20,290456
LVDZu7nbdcs,856282
lVCfrktNJcc,152080
LVBN_QnLXCc,612188
luU2o5o1vPA,2563853
LuMNKktdNz8,31090
LUjzPWj7pyE,7611
luh7RLYn1Bw,413937
lUgosf8LufQ,71126
LuEIOp7hj9k,31223
LU1I7PtU3k4,786234
lTPGWqkmeXI,50715
lThYfJvudTk,326576
Ltgp2lE281Q,7384
LtGhUxmWVKs,1043841
LtdSjLXsBSY,1981405
LtCZJI_6np8,149572
LtaIVfVaO7Q,855152
Lt8q2RMX2uU,5698
LsC1C9OgviY,4420298
LryQJ25CnKU,380677999
lrtQq5lLLTM,285140
lrRFpYOoe7g,179429
LrmcPfpH7jo,534150
LRF5QkqLSSw,88528
LQKwr6wNa9E,40195
lqhg4ETFaXw,29435
LqDGzgzbkVQ,320213
Lq7on1teg70,3069875
LQ2TukBvccY,7690
Lq_GTQGM0MI,4438552
lPuwEd2PMUQ,56293
lPqRIjjlcTQ,6612
lPiIp5QuTRU,1402124
LPHt4dzHnV0,15501
lpFEpDPf490,4224662
lp0IM5tQCOw,1355330
loWpbevW9xg,4527880
Lowe6bwWIwg,89721
lOD2ZuKQnRM,550273
LOALnbOcXMo,14492
lnbUhE7PzbY,36758
LnAaLsiJW7I,44781
ln6yZu03E18,10655105
LmVHsM25NcA,2652320
LMPrCnzP4gE,6230
LMDr1kdX2Dk,492204
LLvAGwIJzvs,697789
LllNSnDtvQc,393311
L-lJ4XJOCP4,423010
LldkE6x-uDo,750574
LKylGdpm9VA,6758
LkY42cH_EZw,335032
LKs8wjbVY9Y,43566
LkRtWMTQN0o,707234
lkJKiDYx9rs,10210
LKHzIM39gYA,35296
LJuYzh3UDGo,2835922
LjfZAerxNeY,68149
LJ7k_dO7unc,3155568
lIW2YlQla-M,803117
LIs-okstf-w,11977
Li6thKAtFLo,68531
lHNmUUi6LzM,2047962
lHGTQiWhI4U,7833
LhdkU1C02XA,2893595
LHcOOkSvmO8,6280299
LhbdBcDCd-U,1233596
lh_XC4Vgfdw,314241
LgRqI9cxB14,9081
LGR0hZqBEfU,51302
lGLXvsihT6M,3904
lGLiISr0ij8,897485
LGG68HqtBbc,7439
LGcVTXyKOOM,637064
lG7_wZVAwAI,78043
Lg2l7zxa2Go,5248
lFlI7Y1M4X0,167477
LFkHSaFCBiI,896553
lFjwSP4zUR8,2448760
lFFKMxBDx0c,123005
LFEUX014xHE,2843016
LFe1I7sEzdI,7505
LfbpvnzQ4pg,156110
lFaNj05m6T8,20782
lF56u4ednlk,7732
LF3v1GI6APU,804383
leVFtWgdOWM,575298
lePGkfR8gFI,196931
LE7QEIy-6NE,4972884
lE0eWRdSrY4,5382139
le0BtRt794k,1488510
LDzYM1_hVh4,144465
ldPfoynz5Qc,1163119
lDG2yFLP-Kk,38199
ldELXsrL1ao,113838
lCZC1WvgSLI,47718
lcNWVfKo0P4,19936
LCK5VEyQBmM,810553
LcGUoZLVuU0,26369
LCcagCLlSxI,1417545
Lc9j4Mzeuj0,15600
LBrHuzJSzlY,699655
LBr74H1sC0E,28379
lBpkszdYt5Y,3937
Lbly-z-klMw,122721
Lb7eCca1iAo,2340294
LB3bJPyTVF0,753405
LawCDqeAF68,30746
LaUDwaXThjY,286097
lApXfnRw51k,263038
LACbVhgtx9I,10424278
lAaSh9DogM8,3868717
la9Jy1iccGU,1521199
la0zsV6e7H4,864655
L9z8TEd4Hl8,78105
l9k-iMdAzZA,122900
l919rsqOU3I,1188635
L90R6PtxFKE,13149567
L8NfX3popgY,398623
l8911xlXv6g,618908
l87WLq-fhv8,246506
L87HuKmGwVQ,70462395
L7rj4-HnBQg,16691
l7N2cZqltuA,31649
L7jc9jVJ7dU,115210
L75Y1UT4Tgc,3228559
l6xo2cjAJto,43235
l6wJr5tmn-c,116344
l6Bl1vn32KE,132320
L69bdYByOR8,29183
l5jKxpjz_8s,155843
L5e_favPleI,90964
L49qJ951wyU,108897
L447qGEMmxY,644264
l417TgQTLpo,142197
L3ymBk6Vb04,35561316
L3pCB1RWx6Y,77475
l2P2qbr-_Ps,14234043
L12eRKXz2lw,136412
L0WolaMs9qk,222597
l0hMNP6_ZR4,239549
L07zzjmxpYE,110724
L_vxiLDaqus,91822
l_hOJc0Pzlk,10315
L_HeU5jd30o,106991
kZYKnREz9Vo,4190541
kzuOQ4Cyvnw,755765
KZmV6b2KLn8,18627
kzmslcVH8d4,489543
kzk4SId9Ab0,4206414
KZK21zOnpos,455540
kz5nCpbNE68,12602
KYxIC5wQw0I,913347
kyQTARyyfh4,97568
kYoKcaPZnCc,2707831
Ky9aIxiGzfk,6295702
KxywNVLAf5o,4145415
kxYBEnrtgEc,1695965
kXIF2FQpgjM,76750550
kxe_Rd1Qwj4,143063
KxaeCQ9g7D0,247220
kX9gW-PagCs,235434
KwsMBGm1zBc,212123
kWS0HBZNLho,64851
kWolKH3zwkY,43297
Kwg28qjdwQs,530348
kwDGCTZhDVs,98173
kw9LUFreF94,4121569
KvYNjjBnY3o,163567
KV2zuSTwl7w,12703
KUXd7p_vd3w,9309840
kUosDBUjq5A,19265240
KuLttXDQBSE,89370
kulPdl27Ubc,400865
KUCPuO9NpkA,973795
KtM2vZRvxnE,2914868
ktjv9D5aZQg,2098232
kTJkXy4BeWI,1071583
Kt23dO6mX-o,923245
kSSDtBFnVuM,7965
kSkjtFuEH0A,80816
ksjWPxFPsos,2905715
KS0d8Zl63-Q,118621
KRzkMujxXEk,1566574
krtY7SOifr4,3131
kROZ76fTa_4,15752
KR8vKBRIKS4,4864877
Kr5VraiB0-c,15289
kR4RHp94HYw,57222
Kr4cqhytZMg,156956
KQRq9FZqNj0,159011
KqMPr9TcP28,141832
KQKtSekSi94,3954382
KQkhtB-Rwos,24050
K-QGEWaJct0,7471
KQfJgInTdI0,116327
kq7JjEz_5H4,647441
KQ0W7wU_YRo,129131
KPwH26EBnOI,155890
kPu7_3IWjkY,6813013
KpHP8VmxnBo,7025403
KpDwFdp58-Q,479783
Kp9jpmDZYYA,319937
KP9JelGZg38,825653
KOt5Cd-ZwTA,422514
KObL442PWhQ,14533241
knYQ67Q9pG4,31950
knDEcS1y0Lg,175228
kN6Diuq3lF8,2070166
kN0kAoCENIQ,2324428
kmwk1iQAWlg,180728
kMRjwo5uWKo,999604
kMM4HIj0BpQ,30734
KM38OFDKU20,44810587
km0ael18Dfo,354973
kL-OpT8jyXA,39973
KLNVa72ZIlk,88024
kL4bTuKJe3Y,748767
KksXbA66RQQ,8300758
KKJlefSu2mg,525524
KkGyHdyoW4o,756077
kkcQijn739k,6927
kJzSzGbfc0k,26419209
kjXIL7-1bFE,529681
kjiUEuCPEeQ,59572
Kj-AtSIFwcE,112007
Kj_0NGEFdbQ,3823221
KineHEHZtEk,101067
KijWxl0MpeM,393560
KiBS-dbv_x0,27552555
ki-Afm4arC0,2622542
KI9e5T8X4DQ,7979241
khqC2UfSud8,2552089
KhnE8H2eEz8,280509
kHmvtlILO98,80479
KhGyqT58vEY,15195429
kGRqkV1yZfE,458011
kgp8yY0txjQ,445099
KgMxMavEUVg,3674325
KgJtajDBLI8,10393
KGGoFISHqq4,15841
KGE0x5dIpxA,6541987
kg1QxSffWHc,190794
k-fOPhVfOGw,5999690
kFEka86Lrrc,626346
kF4AA-186Ow,114964
kEX1h6vAUKk,72463
kEnzQ-zz4V4,61394
kenOml-GB7k,323203
Kemqo35m8gk,20292643
kEI1SiT7yAU,44065
keelOjhE59A,244092
KEcbCaHlNhw,433505
keA5xzqTBBw,8092332
kDZDYgaonjo,92276
KdRPiY2KE8w,1898274
KDl8SPzZZE8,312457
kCkuuzDOKwE,10434222
Kc6CIwBVo5s,87649515
KC3MutXeqHc,188146
kbXofasY2sE,51121
kbk4dxVvxmc,35548
KbJytn-AQik,4768
KBdrj31cUTA,242060
kBbKITdm3Lk,450244
KaxXm0nS8N4,98357
KAKkmkL78_w,918421
KakhRFRBNV0,85528
kAhXAk2mh5s,443090
ka0owW3i2tA,2350556
k9vQ5IIhiV4,178088
K9tw0LPYuFw,799969
K9sJ-yhI0qE,70796
k9K06dCP-lc,773151
k9ixzuob2rM,121305
K9dxueVOZ7s,1856844
k8UmX17DXWg,3687908
K8OWx7q9Yzw,15539
K8jLEgPsXKw,1220377
k83oIJUlnkg,41408
K7OX1bm0Ecw,590987
K7imG4DYXlM,3566522
K71R1mBqgck,280112
k6VdVviZFRg,2504479
k66mz_kyLqg,5637116
K5Q-ZJyhckg,854173
K4N7F73XrEc,469537
k48ID5sB3Ig,528419
K3WXjoo2cjE,1082077
k2yZ6RyuWjk,182925
K2V7YQhsFo4,799912
k2SBRD73Fz0,40301
k2p9gsjcfQY,14474312
K2AbwVxrJ9s,14169
K26hXCw3GRs,4051
K1Uq8ehrOUk,72721
K1mxzhZZZzA,89073
k1KAJRWfQEc,524476
K1cPBahx7zI,76850
K0s6lo3268w,806719
K-_ojrQCk-4,61475
k_BPFzUI85w,259492
K_6B68h_Ihg,8253
jzyEO2JRwS4,3559
JznDbHT8SQM,35066
jzLlsbdrwQk,70301361
JzdRrsGqZRs,33463
Jz5BW8acYv0,214226
jz0-VqHHAn8,5884
jyYTaucW3EY,137602
JYmrLUeciAk,381918
jy-eDZkhljg,4293211
jY1Ka-NyiZs,7130
JxLywSHYwDE,1135108
JXKb6xtqC3w,3472739
JWZqIXbO0C0,271409
JwsWpnvytB4,21659
JwIpdVvzSTw,427864
jWDot7hdnuM,35488
JvzZboNIRi0,6813
JVw5f8231P4,37703
jv-u3c1aeCY,329476
JVro7EIrjGE,8651
JVDpRGKZb9s,18235
JuvHVmmR9sc,18717
juNbfZW_Ntk,43369
juL35HqyNY0,446801
JUi3psxB3QA,1334580
jua2rmJg7hI,923673
ju4MDaz9IBI,605529
JU3WyhOoli4,49180
ju_inUnrLc4,113218183
jU_5oLpG6bI,54546
JTyZeMPOP18,272558
Jtuv4_WV62c,38278
jTtTAsx8knI,26074
jTRvTt2LrOw,550311
jTRC_FMzLoo,1068226
jTpFbbBfHys,35719
JtIY1Naxg0M,7067429
jtHM8yGVCTc,1170705
jthJeHp8evw,8037982
JtCy-eI57Tg,483630
J-tcQFTdHmI,459270
jTa3wtRaEvk,115728
jt0SbL_DMmI,37492
jrXv7WNo6No,962067
JRXKF3nytBw,353886
JrnSfMggWIQ,62249
JRHG1E42QBE,517515
JRg5psqNN4Q,4477410
JrbY3ayiOvw,28744
JRArkJQfW8E,3064
Jqs5EaAaueA,296783
Jqh-XJovVJg,2809523
jqDYqSQeulw,705955
jPzC_jqrqE8,1492031
JPyTVxF1YZw,139987
jpStWV2GHF4,1669936
jPQ87J_5qyw,501827
jPMJtUpiTIQ,2067684
jPEYpryMp2s,62748165
jOwQnez1CkI,7002
JOwj_5yrGn4,43285
JovqVQt-caU,38284
JoVcuCChCSA,341356
JOtiHM7XYMk,127139
jOS3o7kY8-o,5799
jOlxfguZUAc,108506
JOCxEgfea9g,86223
jO7Ysq0m050,2871004
JNyZ49q4vrU,19764553
JNuVL0l5Ofk,209271
jNTyQPUoFHs,241266
JnoDYbheNYk,6648
JNLE9_lv_hw,231322
jnjSquL9cW8,1442740
jNgKSbrfOX0,157486
jMwcCqB3qWI,204425
JmmpGToEEsE,344039
JMgzvpqzdTU,3472085
Jm0Z-igxYD4,280267
jlxoMbXGcD4,388565
JLqmKXMocm4,483180
jlklGaS6uUE,229235
JLJYTkV95rA,102303
jLjSSXv-beI,5221
JkYJQdjTX4o,339883
JkmyO6vtY_8,1660558
jkiUKB6RwLw,352297
JkhdOkdx_mI,2228207
jK8txVPAPas,251844
jJeOHnCBIHA,35175
jIT84V56JAY,101909
JiSCi8x_les,18251
j-IDQ2Sl0w8,10540
jIdHWKNUal4,2609
Ji_4dH_FXzw,6219983
Jhyz9ZHXn5Q,161913
jHBQDOabJLc,2302860
jGsE7y46Eqw,252066
JgQ-07VgJuY,2674485
jGOlGq1ftdw,1749348
JGo_a82jfj8,11964158
Jg1C6KVz244,100069
jfyDd2s1uS4,387890
jFROhmtKg8w,376844
JfQ3W0wjGh4,15373078
jFdf5P13wRo,3768104
JFBudC8TEmw,1084168
jf9c_NrNnhc,86856
jEvsCK2oNss,888466
JefYnYIXY_8,2712589
je2FN-j8AhU,1572775
JdxW2UU42Lk,156206
J-dv_DcDD_A,1365416303
jDmXDp6bwAA,2103457
JDmse8M-3-Y,18566330
jDHI8oQ_Zu4,729557
jdH2Sy-BlNE,18061199
Jd21e4TIw7I,28004
jCtml_r7c9Y,1943331
jcSkWjhgg70,499232
jcM_Nd9xWeA,588857
JCJb2VSAMEg,359422
jCgOX8OdIVI,732618
jce4fWYXJlw,292778
JccdF9l4HEA,147839
jBVjuXSpTIc,5144
jBRUonZ_YI0,244313
jbNtrN1UpFk,1004485
jBGmRaOSe4U,154502
jBFrbme17jw,43414
Jbds3NtyQHc,103140
JBc2_AsRFBU,806709
jB3vwW63dpo,306840
jAZZTE9t7g0,1130495
JAZTcpADZRc,704872
jay5lU3lElY,416866
jAxrCPu7pXE,894275
jAq9RV3k9Qc,3081379
JaOFvO5rpig,10744
JaA2o9aOGC4,90712
ja9BzTROxio,355802
j9zADkyQgTg,13426
J9Hwwcb5BFg,1392042
j9Fl_eVVIXU,8106
j9cqnZokCr4,5596
j9BsPYsqTc8,10065
j8gXtP-oqmE,794543
J873mKAKCB8,4772
J7q7OS9xEpg,100259
J7iuXrfCDD8,165929
J7E1vZvMi6U,1131134
J75enyWdbBM,305229101
J6TRJ5ShyK0,83022
J6R0X6NTnSw,47948846
j6QXooNPFd4,149651
j5s-s1oGzVM,9249995
J5bxdl_GOeg,159181
j4OHuUN9AZs,2761235
j4KvrAUjn6c,128930109
j4jaYFNwEbc,159643
j4bCgjJUuQI,98235
J3KdH_dg8Ps,10749
j3dm1G0cRiU,136886
j2MzGn2Bu_w,135394
j26WyjSo1dE,667450
J22oKQEE03Y,342490
J1w51DB4LZo,255663
j1v2A5pyGlY,13374375
J18itfjNOQo,244581
j0fB6Cg5AAQ,131763
j_C7WC46IP8,136704
iZyO31frTJA,215761
izO1aZnHOy4,366231
IZNAp5g-nPQ,6676486
izjXOS6FnPQ,270703
IY-rI7KcHZw,170553
IYoZJi42Tt0,6888
iy21pjp5GiA,243462
ixZJ6t9jMSo,1001273
iXTFY80QexE,556142
ixga6yB1qiY,37414
ixeJyJtDcgE,2958068
IxD2NbXzgpQ,14317989
ixagtnf7Ne4,186497
IX6gYfA6l88,4639815
iWZmdoY1aTE,1674353199
IwSYVyIFCXM,5932
iwrOIl7hwQA,166021
iwiULjXUxIc,139142
iWFXM61A7oc,1289205
iW3Than5jrs,566609
iVxptSKVxa4,583495
ivRfH8-tOe0,6900
IvfQ-hJ3cAs,426979
iV3wgDoWGY4,6632824
IV17bu7vQcw,50297
IUsFWiE0d20,1162250
IuPABtlr-rM,1978115
iuG9R6bzm14,41356
IUCVzXvCZaQ,22874
ItoLIaCnvf0,32061
ItCfrTopoM0,314778
iSSiKEF-ww8,876695
ISPadKRsrqE,662036
IsNqBMqIVMY,253637
iSHAg6vclvg,148351
iSallxKpm8Y,8588997
iS7vBk3naNU,24781
irXTPzJThKo,211619
iRf2PUdsOxg,193605
irdFQkn59rM,399371
IQvd2J4TCyo,216919
iQp1_GfDhwQ,80671323
Iqf4Lamnd_k,125384
Iq6gCapM9gk,10556479
Iq_MgclrgzY,5297778
iPWIULW-joE,1291052
i-putUPpHAA,64811
iptUNUFdyas,1548337
iPKc8GEdTY0,8774
IpinzeTlnqU,253420
IoZ5qDUuPV4,3691898
IoBruZ-GwFo,8874
ioBqtGUcEPM,658404
iO04CCzoHCY,75869
iO_tfamaoV0,262999
INuUE7dQ5os,422324
iNogpbJa7-g,319443
iNAJOgo5_Xg,422018
iN8zmmCRqUA,41970112
iN0rb1y5XKY,158601
IMhxZkdKqqM,174590
iLXt4OXc4Vk,5634978
ILN_1ELontY,3783
Il-an3K9pjg,212134878
ikxUWWzrWpE,63637
iKRk0DrsM6U,9219
IKI0tlXPCFA,318297
IKCcW7d1tlg,655623
iJz5jURaEBc,8407052
IJp_TGxfTEI,1026674
IjK5TzQHuTU,365465
Ija8gz5YRX8,1779977
Iiukq_ilT0Y,1378098
iILJvqrAQ_w,93166035
II553BMJ3sI,203674
IHwzfKq_NxQ,577187
IhnI1geDce0,406797
IHmWhvjoSds,5898
IHlEsRilD3U,1856092
ih8ex84QoH4,5817016
IgvAN76IneA,62967
igT1QKKm2GE,63185889
iGLEzh7N0sM,5688
IGg7TJvTRRU,5805
iGFgMQkLigs,152811
iGD4bBgWPcY,4605645
igczJLuaelg,35495999
iG-aeBik5DU,11624
IG6VTRJNe1I,224385
ig6rSqTvJLk,12377
ifFSX4hLVM8,192035
ife6ImdzZVA,550132
ife5Zij94_E,2644211
IfDu6zY2_VU,2793456
IFDnJeLgIZk,447850
IfCYeFyR-yk,19013
ifa_SGkGoP0,601861
iEyMyMA3rAI,924902
iEOLAqksKak,201643
ie5-9l6AF7M,75111
IDVxubAYBWM,400284
IDQ0f4n9aAo,1636531
iDk6ExMXLxQ,21107
iD6or3kKsUA,318075
Iculr0LElws,2853553
i-CR3q-E5jE,716866
iCMEMuJFLR8,703003
iCHX2KZHdDw,208433
Icey1kz5qWk,510633
Ic4Xo3BIHzY,130114
iC0WbIUZQGE,359613
ibQD3haB0aY,25474
IbO0M3DTqis,11282524
IbJwUqKgHkQ,4033462
ibh_G-pHRtk,1473191
ibewMM7YiG4,1058322
IbBSbdcTV7Y,194181
ib8ETHsMT9w,419132
IawKU9nOwHA,3659179
iaVdSgyugKw,12896
iaL3EEWspLo,3337793
iA-fY2dr9jc,825046
IAfaZUZGuGY,1593345
ia_QG01Dzk0,204179
i9T2Cw9X4nE,7715
i8OYerdcmCc,681517
i8EJkbADR3o,5565105
I85lSZVF7_M,72287
I6YQz96PYvw,4629458
i67S0wJXgzA,2936045
I5yLNzUPcys,3314
i5qOzqD9Rms,779602837
I5cu5Pg4hOk,14290
I4PzRRZ_8B0,270989
I4Dxya2XBUM,108169
i3U4CgbO1Uc,40738
I3Amrr5k3WE,827533
I2lQ_gFO3I0,1293472
I1SaQFR_QbE,50034
i1mmLOPlkDE,3526
I1e0PQL8K9A,66091
i0p1bmr0EmE,2227456859
i0BtxkCInqo,31607
I_ZC3B1NoSk,46613
I_YATAIvd4g,189799
I_XyUvQtABs,763222
i_WzT6fJHak,285607
I_nLiI8dkUE,467921
I_0GgKfwCSk,627713
HZTkMpr9Kf8,140088
hZr1u-zzejU,9817140
Hzk1bM2vVFU,13490125
hZ6eNWwvLtA,27441
Hz4-LvhISYg,28478
Hz0VlUVjYfI,600145
hYOa56nwx5Y,519838
HyNJ3UrGk_I,5987583
hYirFqEc8Tg,157554753
HyDSFU0pX_4,113719
hy9Uo864i5g,53904
hY6NByWnGys,46472
hy6KpYDVjLQ,6996
HxuRKqGx0Ik,3174210
hxCpOcskJ1o,314972
HX3tKAcCcxA,1505718
h-wyXvCD8rw,8435
hwWCt4_iA8Q,221612
hWQiXv0sn9Y,9005671
HwOGPU6hEqk,498007
HwKleiTytiE,61842
hwExMRQ6G3A,135033
H-WEhug-up8,56147144
hwdIOJ9yE_8,409811
HWDELTsAZOg,1071933
-hwB-0DPK0E,210040
Hw8k0dW3Drk,1662332
h-w7QZo0XSc,20459287
hW38oCItJqA,203603
hVxU5ekXB8U,338865
hvFbmImsCc4,2049277
HuWLoCF9rWQ,19116363
huuKJlw4-ho,80941
huRPUAeS9qA,165728
hUNv4xSDdl8,303960
hUMIhe1Id8w,67425
HTTpDGDAxtg,6469968
htSvoCwZA9s,95888
HtN-tzq7ZhQ,126926
HtLbE_SIuxg,1622128
HS-IGKUksog,3777001
hsciWLqg0vc,101073
HS9fcQfAeDc,562596
hRzbHAUS2KM,18879
hRWxAN6JOZE,121160
HrRHsxepb5k,33947
HrQNdClwMs4,7600539
hRi0OXOcH18,295729
HrHhmnSJhSk,163583
HraNmhX3By0,1797625
HQYT0wZojYE,42381
HQojvhHfdZo,108971
hqOcrEyOR_0,601185
HQMcsutabmg,122705
HQiDKE85P3U,12676536
hQe4R9cSmtE,553363
hQA0oWZpgAQ,9710058
hq9RhnpPG3c,194224
hQ6-boBoJMg,1039970
HpTcnq5FbzM,771617
HpsNMeomQgY,3324538
HpRCdC4Q7CM,293394
Hpm8O--mNTc,604388
hPftq7ppMe8,3727
hPfeeb2pHyE,12436
hpEjxsHT0Zo,3066970
hpchDSh0b2o,77116
HPaoh3aVCsw,1555141
HPaKuqsNuCo,2804813
Hp7o9oG9Gis,106546
hOzo15P9Aq0,278858
HOyOVbQGN4Y,7676
HOxylh5runs,1987900
HorugBalutw,12876556
hOngcvbzf30,18990
homtQ43rY18,174167
hOiHshb3BKs,2811176
HoB7u3UAqWM,639917
Ho4zPMlmb2M,131206
HNyNfCZJn7Y,14326
hNxEyg23KVk,383491
HNvX4pY1TLI,7370312
hNpgwz8wvE8,66141
HNKY3MHRejY,640410
hnKvVZhZ2sg,280665
hnbX4Ygo4sY,8446
hN7zAz_PX6Q,102769
HmvOAH9RN_g,1468163
hMvcKL07R5A,7460
HMp2PyhJmhU,26193
hmes-Q2F0Ho,34419
HM8Ba21aRqI,111892
hM7FB5WrXLw,496199
Hm3_IxMw9jA,32444
hlyAERk0Dfk,11769
HlRd9Zy25zo,2060006
hlcXgyk99Qk,109752
Hl36Ax4JCC8,1716158
HkxeDrsLJfs,157331
hkuN0VCJ_d0,2475388
HkjOQTjnLBE,720405
hkcjlimFGL8,100207
HKc7uUl3StQ,376465
hk7_CG2ejEs,302379
Hk5dxn5dj2M,196379400
HJoamS1QNxU,3721565
hjFV2f36A_M,813251
hjf-h6NMj7U,2436492
HJEXMjEnMyg,574153
hjEHKvB77oU,1135978
HJAr65M4Q24,65183
HIWxQH6EiYA,71616
HIwirSk4RjE,5559695
HiQHcbFJv_o,15311203
hiM7srHmZeY,492437
HICLZAMwzLI,766319
HhXxwJVnYac,742182
HHuTrcXNxOk,1383367
HHodhsY6-m0,341555
HhoATZ1Imtw,9503579
HhhWIeCp8Ks,3048873
HhEPgqqUckw,53985
hHaUQh6Gx-Q,3827492
HH6M5tPZfdo,497112
HH3J-sSf6RI,848844
hh2tbZt44sY,782260
hGU1ytRiG1Q,56679
HGTR3N4kBsA,189529
hGSIbCtDsNo,3882793
Hgiu9cqph5Y,41439038
hgdtr4yvV9E,160508
HG6M2xQZvj0,146646
HG5BU_1RMSw,1376122
hfmYlHD1Dm4,197016
Hfmta-9Rs3A,5541092
HfIgfy0HJHU,258110
HFGzgtMyOZY,23773624
h-fBZgIi5Rw,143580
hF0VjeUjl4w,8233
hf_5LZlmSGs,3059314
HEryVq4bRos,771752
HEQfw_v51wg,213370
HEO5W64Rulg,442400
heNYBivbt-M,10849686
hEnWzvzVMaA,65958728
hen_Mt2ogLY,2963056
HelJMVjKc5k,5015
HE1NXHr4VBo,71373
hDYPVhwULCc,3154614
HDYJVmoWoyA,11646847
hDxJeWnQEOQ,5763
hdWK-uZ3JTI,1004363
hdoLeKGoSjw,11637496
hDm-OuV_Xnw,253044
hdmjscyogQo,259989
HDfCYNfzo7w,114407
HCYcUolhGPE,153539
HCRefZ1_yNY,427013
hcqqHwlc0Dg,923527
hcM7UBal4M0,20786
HCKxQXaNiaE,211810
hCEKHpHK60Y,109189
Hbxdid9XvJ8,290284
HBvPrh2yMik,5641323
HBUh1kJvqIU,947239
HBfXWXIrHCA,872205
HAw3OuACUaA,117075
hARjT7uoWUg,330690
HaqqYqzjZwY,85866
HaJ8MABF-r8,188845
haHEgx6pj6g,20313
Ha1WASsssGo,28226
H9zGeEiDnp0,159312
h9MFiU-EqmI,487125
h8BMqjEF4ko,5525
h7O1WOkFS5Y,409463
H7gh2fmdjCU,51177588
h7FFVi3ZI8M,39642
H78P-eAvWqg,1573791
h6kJ477ixNk,5781
H6D81MEXEEw,886667
H5g3AiMQz6o,218078
h4XkP10BQNo,1169425
H4NjcO2GAMU,425037
H-4nBYluSOI,431558
H4Hb6HcCm_E,72094429
H3PKipRZKv0,1044085
h3jTiKv6oII,2610
h39fZdU7174,1228146
h2lfKH-FBds,431711
h1UBM3UgAlw,61149
h0Z3XZMk-3Q,24631
h0lb4XdkVqc,354974
h0GU0iU-8Fs,799184
h_z5v4KpPXM,2847098
h_-TQShNW4E,957486
h_O8ZvB3uEk,89340650
h_GwO10HroY,694836
H_6ZJrg-E3Q,2863342
GzYRQA-eN5c,146348
GZUv8ivnv1E,1862320
GZPuPoQe_3Y,13103132
GZlCYNxt-Jk,2550022
gz5t34056G4,813752
gZ1XyZF8b6U,2217852
gYXnsU3k6cE,299316
gy45HWaFhhA,48260
Gy3aKyIlNB8,265919
GY2eAWpW4_U,165420
gXsgy-L1BcY,816964
gXq_OW7ws18,2599113
gxofHLuA1oo,786917
GXfLAZbFhbY,2888
gxFACdXlD-w,204052
Gx5DV5zFKlU,1662756
gwY1SoVp4mc,591602
gwqFS9Ld4wg,53262
GwpZKy05D-w,1746715
GwpdF-zXVDI,1110183
Gwi_UN-w0x8,559192
GwENimJ9zdU,34527
GvUm3aaOpM8,116686
GVREuiXxu_g,26418
gVPAB9bvW5o,3094101
GvJtieRgDy0,1286464
gUWDiXBNohY,8591114
GuRl_sUUIUQ,265191
GUKrboAyiLs,32436
gu-g2U5B1Rw,470930
guf1L6HmeOc,11194048
Guds5zc5YgY,357116
gu5phlkEINU,454438
GU5aK9UYlww,47961
GTXXt32P18U,351491
gTec-EiU_gI,125741
gSxkueLTOXI,5529891
gSNr8ZRYYyQ,3866
GsguBTTNMHA,518225
GRTGJ5bgV3M,344245
GR9pZuk3sRQ,436282
gr60GYwc4kw,721743
gQRxNOA93Yo,243994
GqKlALVKsXc,3615801
gQB1O3T4jug,120187
GpxCT36DxKg,110254903
gpwlBzralds,4364326
GPv28j6S-J0,21363
GprSy35gXoY,112836
GpLGLyag9P4,219749
gpH9clmXx20,1004484
gpeXPasXfJA,185238
G-PDcK6RCQk,74486
goR9iTdflso,167788
goKi8zLga4I,6251
goIXAFdlcUw,26124433
GOEQZIZnHiw,11890
GoeP0MA-M_U,253691
G-O9JkxoLqs,511258
Go8VUAZWhpY,3934796
GO7idCSKOPU,12222
GO76u6fzP3Y,203797
GO-6wpLxgVk,346711
gNyVxirAkpU,203292
gNXoxfeyzmI,4797449
gNvNMWiMxUE,8703529
gnqSLf6PQM4,260822
gnDVjDTXE0k,46258
GN3lXh3HwIg,510355
GN1lWxbVEK0,10917
GMmOkoAsfUA,71780
gm6eHtqXtio,55277
gm6Cm33h57g,893143
glvJ_ToJaLw,70012
GLu3p97En1w,321014
GLnsth67ExE,41664
gl-n1SDjXds,7657
G-Kz_WlA0V4,23440
gKyysb8HdpY,152430
GkOfLHJFQ-k,104062
gKmaD7QpPtM,198704
gJPDqGNCaWk,489467
gJNF1R4EDnw,443772
GjjZacZSWT4,96487
Gjc0gXDE3aU,1278921
GItpj4vu0Pg,1850901
giIYz93IyVQ,125751
giIC5vtVboc,287967
GIgB8i8o2No,976231
GI9RunycNQ4,655986
gHHyqoU8sQM,659140
GhHBfDK4lE8,2828422
Gh88fu1lr38,24786
gGuT3MNE_QQ,1043285
gGoSQ-OAFHI,157616
ggm2Pvj2QHQ,2817152
GggvcOwJoMs,404995
ggDsYF6XsGM,6360
Gg6ULIThWus,2190
gg0YAsBE03E,40515
GfUIsHizsis,797402
GFte3Ypipjk,94207
GftaTqipYas,223296
gfIrR7k2JNw,242407
gfARYwVMoZA,4161234
gF0bvI9vLvI,87093
geZGGYxZtWA,51396
gEQD59-0_hI,13249
GEO7BS4CW9s,162806
GeLtA3D5hjQ,800794
gEJGADrL5Ss,137432
GEIvFfeSjuE,458041
geh4R7kp5MA,86474
gEApbNU3zU0,8192
ge9_JBZVTIY,3384703
Gdtw2DQsxTw,706056
gdkdm2z4atI,6071
GD8zim_L35g,763961
gD7MOR4CfLE,333088
g-D6uvx8N-s,85966
gd0bB-5X4o0,1561317
gczHz0CPum4,367821
gcFL4vaFrO4,3581
GBr-RXZD400,8470
gBoUQwFAkGc,412374
gbMXWQPZ-qk,32217
GBbXSZNIYJg,551442
Gb1Am-33gTk,6251392
gB_7KBTfaw8,584670
gAZaqhNxAm8,588410
gAmGK4zwbqA,115663
GAkkKjds00o,165223
Ga6Wpb6feSo,227424
Ga2jTgSW3kU,13224
g9kT9_18za8,1369035
g9-Dnfs6t68,259923
G8mVjYzQbko,47579
g8fUVpgUHgo,4573045
G8cmgjTTb1M,6622
g7ymWawG5A8,93289
g7kywh1M6SE,187795
g707rqFzPdE,540690
g66Ht3zT2BU,255675
g63BEa7LEtY,62714
g5wVhaupuKc,244939
G5jCLidjWH4,47063
G4M3DAJNEvI,604291
g46T19sztLU,7124400
G3TweWz_5HU,305642
g3s0--LcgQw,3160516
g2Dak59cq4k,194026
g24Qhn-8_zA,1524458
g1Vag7OgCXw,3285491
g1uh6yq2VKg,475217
G1IaHrsCjqY,531677
g12U-0zes9Q,1891271
G0EPegHoHXQ,459963
g_c79qjMpVs,235155
FZCutVRTub4,109767
fZ2OBZ2JM6k,5425
FyzXKLL4fMQ,2875
fYyCSQAqZk4,610647
fYwRsJAPfec,240768
fyrwbWIJd48,394829
fypz5wVS5T0,32117
fYphTLCAXD8,374440
fyNcJlwXurk,864346
fy2XDBbDrAs,791760
fxVO2OKEht0,77744
FxJWlwzRA_g,200186
fXf509_xRKI,543133
fXEmvlEeruI,89579
FWxEqphFiwQ,272001
FWJkl9vjptc,22657
FWFMPkU0hKc,271729
FwBHy9h2iPk,6202687
fw_6qHCQ380,310679
fv-RdJ_Yo2g,6746216
FVpTr92g51o,515462
fViHxVwA6hk,7874421
FvedKSaHCBQ,16032988
fV6oZmYG6fA,2354184
fUTyUjYldqg,16203818
fuAHE-V_3lA,53558
FtVCjMAebq4,798518
f-TtQ6jR1gQ,262434
ftqeN3mG9e8,96641
fTiujTcfksY,699127
FtewbwIZ_-I,18618
ftDgp2aFTt0,57580
fta-oFsi74U,294232
fSVfCJ3v8IE,171281
fsO3HlLfn3I,240492
FSKvQBKADJU,962056
fS37K3Lcf6g,757552
fRuxM15O0yg,111743
FRsUxR6VWhc,2115125
FRQL_CXrqzw,1217308
FRjOSmc01-M,153838687
FrHfRa3AADI,428371
fr-ftl_CyQI,270747
Fr95MPLCvrk,90719
fr5fRoOVSSA,62851
fr5aMI0Whbs,155390
fQjGRb4-IQM,13086582
FQEhK1SQlRk,1368408
FQDGXMdiAHQ,977545
FqCZhSIXcv4,212983
fqclK6rn9ZI,472112
FQ5564CZlqw,435868
Fq35Mmpds6Q,92040
fP3qT3R3M6Q,16836
FoxwmWaS1J8,90947
fOvKYX7ZlHk,4555
FOLM38CnqhY,705976
fo6ZIeXPK1g,14555
FO6My1joJVc,13284209
fO_gK-R4h4Y,45201
fNVUTgd4pio,136712119
FNq7Psh3zEU,19352
FnaVcsLz3Qo,194151
fmwZwixkBiU,126988
fMHfRqP0KSY,162976
FmeVHlJOpzQ,4358543
FME8rJzVoSA,546849
FM7x2VByEfk,6413728
Fkph2WF1ep4,361968
FkOt19CUC30,21368941
FkiQ67FtycI,8038500
fkBYn3QkgpA,976049
fKb4UFjfotE,23825
Fk9LLmBN8nQ,837703
FK8Afzl3bcA,7757
fjz4CtKZYAU,31688
fJXWRFizc6E,42150705
fjsirJ2YMXw,130512
FjqBekVMwjQ,862297
fjK3lt8AQoE,9479
fjjSB0WzxtU,505716
fJDvVXeFNXg,5440102
FjcOT1AD4F4,7797
Fj0BikeLT_M,49891
fiTzPD6iuy0,436808
Fisr4YY_2L8,309773
fIQACebF8pU,86649
FI0Rl2ePRoE,172998
fhzSSW__ZTE,280907
fhOlHaBoyWU,436064
FhllRWReNEE,44547327
FhhlMSpvCQE,934666
FHGUJ2qjVC0,1275969
FH7wH9doJ9Q,1801850
FH0NCnqKwmM,1230242
fGXgayxAlZ4,30462
fGMHhjuI9mg,476557
FgF3ENGluoI,2236
Fgd0RrJBXGo,1519459
fgasnlX9laU,144994
ffxKSjUwKdU,4109451142
fFuQfcAbCIA,196246
FFpIQSCp1HM,2608022
ffnTZdgUs58,264231
FFL3h6ZTCFw,1055482
feYykx3Fq-k,8674257
FepIkIILumA,213625055
fEitujHoYdg,91392
feFX57s_qro,349434
FE7lYMQR4Jg,23461
fDRrqJU4-Tk,60485931
fDmnFyug3Vw,4872
fCvg-qPJSDc,220178
FCEN-hbeoXw,120512
FC8kxOe4a1Q,5225
FBIkUV4I1aU,3511711
FBhVIhmh_N8,2428870
fBdx0CdSDJw,321549
fbbaFFpUMDY,60963
fB0ZhNYSqBs,206343
fABSffnIhrk,17153923
fAAAZqFmDfA,3563290
fa3g4zx78cs,129049
Fa2st0GbJFM,4739
Fa_wN6O-eQo,89483
f9ZY3k7VYfs,531188
F9qdxZvP3Kg,27953
F9LeYXYJICk,160191
F9_NFkukTQg,2782
F8LYZT-FyRU,79345
F8IFzaqeKdM,958658
f8bgdZsVuwk,180690
f83MiZnkWts,58243
F7n8Szu4m5s,829537
F7cz430lylE,1851127
f6R4W4UKC7w,26037
f6NJvg-kWJ8,27667427
f6Mtsuj4z7A,934561
F6Hzna55ztw,189047
F6HVgrg92Rs,863623
F69ULBih45E,37315
f5XvBNg2Y0k,5096
f5I79eakR8E,114351915
F57oEkHaVrs,94238
F56g6rfwDiM,416670
F4TjzbiB6_c,233081
F4QqFhdFj2w,680169
f4FuOi9rvKw,25802729
f44NvLRFWaA,173974
f3WsOp6jZQo,5861
F3m9yVlJDtU,1752609
F36O0KExI3s,87914
f332DVN3EoQ,3717649
f32EIDxONWo,5113
f2kesmAO8VU,3959836
f1k7FAIVt-Q,20155
F0rYqvRk9r8,7589158
F0b_-cH5ZcU,286018
f_U-hMer1cE,1387217
F_thvMnIxEM,359673
f_R9_xdhuNw,28695358
f_m_o_uaMfw,80093
f_0duM9EQx8,1797246
ez6Xdf_p7Yg,89780
EYqVRLKBCrk,6483
eyPRDwsjCJc,76666
eyhovIu-l6g,1128450
EYeIEou-5kg,2971331
EYBGrkSh7EQ,432673
ey3r8jOkr70,7945205
eXWfz4Mpe0M,101526
EXv1EGgc5WQ,55375
eXmL-WmysCc,73030
EXk7GQB0ico,91388
exjMt3v81tA,4712248
eXiQgPm4hmc,57186
exdrZa-k0GY,4271608
EXDb2GaUKZc,746059
EWX6O-OTwZA,947662
EWTjiJM9IQI,3790
EWKh5wkFzHw,384466
EvYtTEIcBWs,11846
evvcZnY__q4,216202
EvUtLH8ck9k,19639
evSfOassDBI,626263
eVmxh5Uft0Y,364495776
evKZGQ-qwEE,10862918
EvGCQN7s8vw,25355
evfM1QDfleM,170101
EVFHlNC6Uv0,936948
Ev46fHxVe_A,37973
Ev2aExZffQw,490776
Ev23TV62k08,2021895
EuUjTnv3oqU,170299
EUtaUM0mfc8,1417081
euSYwqmrlqc,180402
euRUiDkBGvk,1577076
EUnQnf8mfW0,1683729
EUfZCJtfAYA,3669056
EUFtVAgh9vM,10211878
EuAuos3Zxbk,331607
EuaK4wPMIP8,2105846
ETy0SABmtak,232335
EtOnTE9zvQA,601404
eTNm7nrDSpg,11147
eTMQAKK1tNI,3271803
EtMbDY0YWds,341483
etJcrUZDcL8,886980
etisfLMUagI,95182
etHvp3_1LnU,513451
eT9QeDqZbWc,836355
ET9ee2XH7eI,155459
eT3ysRMqcS4,3883
Esy__nIL_pk,36519
esVSw_vMLz0,10017
ES-s9KQrUTY,2832631
EsNtFuysX0A,853240
eSdQZWCbqbg,351026
es9-P1SOeHU,157492
Es9CfWMmPRU,18098641
ERqixcGaK7g,2296824
EROqrFqHegs,253680
eroexhJFTV4,49575
erLNU0cJvkY,466908
ErlEqdAyvlU,322595
ErKz5mD61q4,105801063
Er-hGFBcosc,1009232
ERGgkBjqUaM,216719
ERalk1IJSg8,179321
er6Nf6GlIwQ,152143
eR6l5okR-X0,21875
EQqIiTk2fy4,14749611
EqeIRzY7hIU,13871208
EQ748TZcuqs,2941063
eQ0dGohz6zk,239446
EQ_kjEjKrys,66852
ePZEEe_F1Yw,30227
ePXc-hGI05U,166481
epOIU-MvQU4,61076
ePl6Y1nSwq4,4359
epHRVoTFuVM,304945
ePbfeslgzDQ,131315
EOsgViOeS5w,261094
Eonq7PRPIqY,613573
EOc5sMSsZu4,2315075
EoaxAjh3RJI,56172
eo9rNMv9gq8,68490
eo53TL8P2Cc,331408
E-O4dvQha8o,8479
Eo3YNYw9DjM,274045
eNrA2lorN4g,12010
ENnNNLSkdb8,251753
ENDfYD-4giE,913860
EmUaWk5HBSI,7971826
empFDYhJdYE,218848
eMkZ8GEVgUw,8823932
eMJuMB1asf8,295107
EmjneOzB3Dc,6387
emISpWXVuJw,268634
EmEF22qxqxo,88877
ELU7iQIhQG8,11663
ELqeARqjcoQ,224061
ElPJr_tKkO4,3961553
ElkmMsTGvRw,4343338
eKR_n4alu3o,5655676
EKQhd-CnLJA,9201
EkL-7WX87uk,687085
ekkqzUqxyoM,1481044
eKJziZJ9uFE,74691
eJU6S5KOsNI,555021
ejmd5GcJppg,4807
ejFccNmL15g,3940620
Ej9hjQvaPAk,1926523
eIW6fO6a1r8,150326
eiudTjsGM7g,4966365
eIOE9TpkQBM,220609
eImcshbklK8,2464973
eIHlLUcDkas,257807
EigOCOwWxRA,9542
EiG9idSXuB8,5560
Ei29qEys78k,109177
EHUYNVA6hF4,1300220
EhuK6otBZKo,29741
Ehox9NY79JE,1237757
EhLHNpGgBoQ,258248
EHcLF-tNwr4,31368
e-HBbQI8vpY,5282
Eh5eWMn9mJM,2677116
eGt_iBDVces,37560
eGpYwRxd71U,113834
eglWMdvnrBo,2379
e-Gkb8KHd_4,7100217
EFXZ7tONrRc,179538
EFwa5Owp0-k,8644522
Efn3et87_jE,1869276
EFid2otZi6I,3825393
Ef4PLSqqg50,134669
EF42EeBNwl8,177928
Ef0wj2gFDEg,62595
eEqa7NSg3_c,114082
eemoOV1qnwg,194215
EeghAmB1W8o,223197
Ee7tKhzSuik,30868
EE5IVJOTYkI,51478
EdM8n_3iTb4,926495
EDcSeoO8fC4,188137
ECSZ4ygoC0U,6856
ecQoW45bzB8,39207
ECPYUxs4aaQ,22736
EbYulfRzt58,349488
eBStdVvB4ik,3018
EbSOKsFHwU8,67102371
ebLxWffaQF4,553928
ebKNe8e9PYM,72595
EBD48hQiLjw,162782
EbbL8NhdTQE,15521455
eaXmIPHrHmY,4982761
eAvZLy-mFdI,112455
eaVSN3coQM4,112439
EASMgCZ6A9Y,351461
EArkDIKyHPM,154592
eAMu2dspxTo,1253782
eAmevSQbaZs,37669
eakWxxHKvho,26944
EaJnYMQ3pkg,50170
EAGf9RiHcWY,5110
ea5EDMX0ong,41597
ea2FXcjk3Wo,3995861
E9WVV0J1qJU,22099
e9NOwaiXqqA,2491488
e9ANXePp-CY,25857
E8wZqMHARgY,1354614
E8qN0ibe5GU,204557
e7X5RZO0eRU,89110
e7sIvcYmuk0,10252215
E7NdrkKD8Vk,935608
e7dqJm4_9D0,616014
E6ZvwETGbv4,492745
E6IUMKMpdRo,3813518
e681QNbHloE,486855
e5ILfB8gmKk,18491
e5bernQdWiE,8432309
E58zy3jxsJI,3458
E5_7kQpLvM0,120566
e4LfNLtVQqE,2247502
E423pNvi3W4,1941
e4_JQ08hiyY,255102
e3J5DXwvzXs,357010
E3hBqn14zSw,217999
E2qtPth2W6w,10613916
e2kzGfupQ4k,405883
E21NATEP9QI,4847068
e1YqueG2gtQ,35333776
e1YICRn14UU,43893
E1Rodjtmdqg,157200
E0XLy8iZu7k,386636
e0eYfsEq8UE,175217
e04pTwZdLhg,465329
E-03HiCIqVs,81767
E_YaXDDbOQQ,1400555
E_wwvIA7tDE,169706
e_FmQF9yVIU,1892124
e_afEVYUESw,32706
E_1d1_T8KhA,349619
DZJod5hUqx4,3706545
DZhZJlrCegs,105267
DZAiRufPx9A,5793482
dZ_leiGsEjA,81126
d-XW_qraBIc,147353
dxrXljtonEg,11966
dxqmbhJ4GVs,20281
DXOt_dwp5Gc,18557
dxCTklQc-P0,203338
DX5_o-mumvE,41347439
DwZXXTCh_Cw,782962
dWVHJR6Jg44,80612
dWuYBb0NPd4,744603
DwLVm_M9O9E,1289530
dWLDoQ0Kus8,13546908
dWJY3wjG30g,190049
DWg7yN18YKM,2426772
Dwc27Lsr1EY,2061448
dW08GoJfdLQ,477777
DVlIn5DFYOs,3449
dvha0v56J1Y,504526
dvB3EAzboXc,259933
Dv7G1Oe_3fc,4984
Dv4Ph97jv44,5549278
DV4-6BKyWcI,85216
DV2_A3iuTC8,525944
DV1OqgHb3jc,65326027
dUXW3Kh_kxo,225291
duXW_wPTw0o,13000799
DUsZQa6dZfk,1786212
Duso6KEWsQE,90750
dum24Tw-JbI,123951
DulNakuRwzg,206566
D-uEEGyX9jU,108214
Duc3F700lgE,20561453
DUA3qIpV3Vk,32223
du2glBYfpNA,1896028
DtZd5liS4l0,59768
DtViGHOUJpg,692108
dtUuooSOy7Y,32787
DtcsmioM2gw,6068
dsvd87HpkFs,39460
dsu3aHQLkB0,93684
DSQG0zvR6dk,2097156
dSNCDu9pXEk,110598
DsMp2NZYIog,6219491
dSkb7O1-EaE,2123975
dsk3iy6-QNk,7671
DSD8tNN89Kc,2400891
DSAsdcDIYgw,7855532
dRxMcpn6g6Q,2321806
DRkOTThZun4,2779
DR5H0mMDUOY,82322
DQZT9nDJ588,57668
DQlgZq-AWsY,623836
dqgYnF4aygA,112688
DPxL7dO5XPc,156925769
DpqwiUcLDms,9127
DpeCc2DXdDc,8994
dp6z35_rj5s,802880
dOw7C3vnYMc,258891
DOIlfn2IfTk,63370
dNxF3WUUB9o,629259
DNrNMg8_gEs,25117511
dnpVNfHMlY4,1552564
DnN6YdsqCRU,3962234
DnB81w08KAM,2179679
dn55MazaNA8,30405
dn_aaxZIA2o,2815161
dmYghbivxWQ,4688708
dMy3vgg8dd4,347446
DM-q4pEbxFQ,3361975
dmohxy_bvZA,82041
DMKcO-T5Y4o,4996656
DmJdWVj-tT0,923852
dmdlKqW6zII,303400
DM30XULLz6Y,565221
DlYpTNewuXw,26734
dLRMA_lWsDY,3146805
DLpU9Y9aN5A,8444
DloLoFd3Qvw,243851
dlkC5LNR6OU,42550
dlipekkPXmo,956872
DkYe6YqQjUQ,3379196
dksF_qYn720,1413894
DKPCBAlDw2A,467035502
DkKwNB7oGjM,6051175
dk--eGYUD6w,61297
DKe8fCPzPQs,838498
dKccvk36atQ,11009791
Dk9uitzdGXQ,37900
djYSkBzSbdA,108137
djIIs2dkaX0,869497
dJHNMz31G8A,7087091
DjEYuhGGsf4,112426
Dj4M3AtpCyY,297957
dJ2cDEcfpKs,314683
Divdlh2vbMQ,108757
dIjms29rFA0,1284406
Dih07hIWMUU,95260
DICeQrH7Q7M,67952
dHxT2hHPUsM,825538
DHMBJ2do1XU,3246869
dHjU9hGCC8c,14610
DH0ln0xzjfg,648808
DgSJfbQyAlw,119971
DgljcMqPG98,5704740
DgehKvd25lc,168621
DgE7Kmhqw4M,714682
DGdSlnw4D_M,16639386
DgaC0ytqdv4,3589454
DG8Vpj3jDMw,135970
DFRTXc_q-2k,814183
dFOyWOswCmk,12223
Df9UP6_7P3U,429785
df7PZIVe1lw,276952020
dF3GkNR0Of4,27078
deyqAURzQtY,78235
deVoaRTfVqs,4447647
Deu80xFFTNA,2293762
DeNgwmA8g68,306074
DEgdp6ODBPQ,117310
DeCoH6dPPWU,718974
dEazp7ujljM,3129738
dD-YA5GXp4s,6345523
ddXpg6XKME0,104120
ddvX9eaUSgc,24961593
dDqwlCuY6Z8,163597
DdLYSziSXII,446150878
dDbj70y-tDY,708987
dd8AdqB0FBA,7765
dd1wWudeQHE,233443
dd_T2tPt-RI,159554
dcN4jh6Nmqg,13399
DckdRgJipL4,962378
dCIwep2bbo8,4357247
DCGyLjBjuGI,968694
dBzdibsvyQg,272403
DbYe6U9Dljk,1170473
DBuC7RiUXhs,325635
DbSHS3Oh7uE,89085
Dbq50gCv7dk,167164
DBPoV2ic6pU,50768
dBmTP8GJKuM,9070
dbhT0P2N_FA,1166947
dB2IV7ub2-o,12660
DAzCD0jmHvU,21317
dAXIpqWtpnw,397967
DawIo2PCqBY,769695
DAvFRzrMsyw,1054498
daSjH5l9o_4,187463
daSC7nvgGw0,5257
dARAN1z2KqY,266850064
dAqJ8XieEV8,24867
DaP-Lp3Tgg4,1057635
dAOZa7JYnsw,1451366
DALnATGj_pc,132713
dAHolupCEkc,4279942
DA_S-OBJvQ8,2119311
d9vndsVbNW0,115126
d9bshi0kwBc,3078601
D8OQSNYM1Zo,454946
D8EM9YKi7kg,106349
D7wmMZmMinM,1056616
d7LKf15ZJaU,238334
D7cEJ9pS7to,35599
D77x5sSrx8M,7134
D76GvEcXttw,4961
D6zNtypqNLQ,560119
D6Jxzu5-J-k,1930542
D5U-XWVBvAs,28622
d5TsR86ieJA,434754
D5tett-Kb6w,338711
d4kDR5dresE,409900
d3UolEbsH9g,8583
d3bsd8N_KGo,738775
d30TB_-BpxA,33724
D2mxKEa2xmA,1620441
d1ZCzfubAT4,7634
D1WWGHcJfyA,8395022
d1D1SJ-KqaQ,479586589
d10jHS8rxs4,106808
D0bT1CZn0sI,644478
d_nrbj5jkz4,2713741
d_KFQCKkmgI,674929
D_CZ8v9uZJY,13617963
D_8854p1MCI,315900
cZYNADOHhVY,21650296
czXHwPO28OM,39564
czx3jnX0UYk,239436
cZjy88qbEqQ,285605
czjHxTc3eUA,14118
CzbXiHAQ8Ow,297150
cYyjhQonOLE,351261
cYxzLGk2NcY,25339243
CyXUjfSZqzU,3815
cYtxt20VXSc,812622
C-YQhpZ-lZo,1653595
cyogin3mHLg,490148
cYMWdoV7HLQ,8245
cyIftAPf7kM,10570258
cyA_FAtB9ZE,17616
CxsJqu3Fr_s,3325
CXsE6SlLa58,331380
CXRDMkpC1_4,67156
cXQYsW4Jfg0,438115
cxQskZkthv0,139731
cXKhqqk0RaQ,4405099
Cx1kgLIznUI,312433
CWstkticDfQ,3278340
CWsPcytkQwU,2520381
CwhrBYuSuHA,545469
CVYG9TkUz-A,404835
CvqtJTrsKCE,8252738
cVQqJaW1P7U,305485
CV3SaepBEYI,3752246
Cuvwtp6ai2A,86185
CupbRr2m_sM,6811452
cUKZJ4PPxOM,326008
CuiRsOF5JEM,39879
CU46qvyNw7o,113364
CTmRASBwJkE,388315
CTH_cEmp6Kw,2162684
cteUDkurv7E,5000293
cteGBaWrGZw,875671
CT_al4KI-V0,884547
csv2nkglvOE,369579
CSsnZJ1En7U,1273202
Csnsq9f_ZkQ,7284244
CSMgPq2JakQ,196822
csM9QlkwFx4,86020
cSjlzRLEVlk,64988
CSfLsAqTQ8o,37749
cSFfxxVYpxk,5231676
csDI2JtSDUU,269061
CrZhGI_em2Q,205956
CryTUJO-mMQ,960036
cRwCOm_p-2o,783223
cRs-wBddqZk,573636
CRSsa2o6PDQ,6791274
CrGC6WHAspY,155359
CqyGi2rJJFI,952880
CQQit01HHLY,49944403
CQPVMxQOh-E,3944519
cqItYQIFnWk,28524
Cpzc5vcf61I,185259
CpXaNIT8P5I,661601
CPUnmyF09uI,133500
CPjWgk0UXps,23661098
cpGA0azFdCs,70170796
Cp9CxCQ_m60,51085
CokyUUrx18w,7627597
COkL0XPnCOY,982110
cOdsbKnxsqM,126449
CNR6poEZYIk,54249
cnl42-DbH3Y,41759
CnhvlYvkvGo,2308827
CNCUXDzlfGM,290816
cN26ESa3IQk,319297
CmO2143BzYA,2297201
Cmcwns8jCpU,1221554
cM7HHCI1EPc,20555
ClTZ_gbIqPE,718196
cLovJeESCUA,1718065
cLBHUIuJq2I,1593502
ClB2C9_6CKo,564959
CL7LNzokn48,39556
Cl4zOn1u7Vw,435897
ckA7nmvn85I,1115842
Ck4xHocysLw,2910583701
cJzOUbYrQiY,2060535
CJv0I-xYuC4,8295850
CJRw18MtRPg,65155522
CJmQALQR8_Y,366016
cjKc4tW4IMg,52088
CJjuBWhCbL4,8414
ciYXvWbyl00,2315961
CiyLBVjAQC0,660695
citnBKXWli0,163745
ciiwjn8jyvU,1861440
CIbeYjQ3yGA,1095253
CiaoTcPpbDE,421341
cI8yyjCHy3g,442091
CI2zVegJBWA,621962
chxxK7DQCDM,5940
ChT54qKAs4Y,2287817
ChR-EWwLjOA,38750
chHbIaJzugM,534951
chD_HxHwEcY,31197
chbbXmLIIwI,335500
cH4mYC91omg,10949624
cH3fcmHMb7s,248700
CgZdQ8hejUE,5081
cGxocuX2dnI,4487
CgpE3M9J0uo,41556
CgobAvfsXWQ,375533
cgmkBofq14A,15753
cGlK6L47ToM,22895
cgIbzjjbdw8,855404
CGGQmKpBGIM,46885
cGeixjMQOm4,124565
CG9EGStW-nE,13169798
CfSOKs6iZ54,458372
cFSIwV7JfPg,10625
CFNMg_ThBo0,463107
CFatEWNx5RQ,1563636
CF0eXVC6Tdo,52473
ceVPIov2iqU,107072
CEO5EELFNgA,1304265
Ce4EbZ9T2vs,5296001
cE48aIevjK8,39059
cDXzQvjP4wo,1710156
CdxHwWpB3qw,1677860
cdVrQWiZOvI,1609553
CdPklwIesXQ,6970
CD52PSexCO8,132334
ccxqxHpYHIg,132147
cCx2f3GFE7Y,10603
cCWXE0QN9p8,1322365
ccSbPSJwsCM,488234
CCKgAkhjsjM,200556
cc4YxLKgucA,48682
Cc4Sb8VZuRA,329602
cC2I-II8xnw,849801
CbyWLzWRDMc,29125
CbWP9nvnRhw,47101563
cBVTghAXTMw,4993210
CbPnSy8OmvQ,138046
cb9yxw4LIc0,4297
caZsVvKE9sw,68387
caShahlcxko,93089
Can3yR1ogDY,906644
CagwvHRMPGE,724620
cag6mg-mZQ8,98479
CaE0JD1X12g,53549837
ca6fuwmrNUw,117618
c9jJ-TkCFJw,25704
C82cRDUZ-5s,473138
C7qzzQJqBSg,247044
C7lQ_jqSqKQ,12288480
c6--PeGfMEA,2059162
-C66-6LRVHE,1764714
c5XdpWATDug,37909
C5Rm6rDbF20,6618334
C5qDGp1g4-w,50689
C-5O9KU8xkE,458681
C54cHGCwBdk,9040800
c4-ZDcGSITk,19423
C44q7auvTEU,355200
C3wUOQiVMvk,4884182
C3vEN6MY82A,2575
c35Os2g1-E8,114887
C2YqFvjTG84,1794605
c-2excR77E8,6751685
c24ayn0-bfA,103699
C1SkFGgX8Pk,131500
c1g3x_VGW0s,8136
c0K68agMnvU,89173
c0bsKc4tiuY,18117610
C0ap0ytimSU,418594
c06EsrtVrok,863097
C_ijc7A5oAc,89048407
BZt0qjTWNhw,9744923
bzMiBV19tio,2907874
BZm8nSz19pM,14223770
bZEO0D6HfLQ,436768
bz91MAdY6FQ,49259
BZ5xqoVCYZ8,12353
bYSRPuDEnTg,55354034
bY5tNIoGxOE,293047
by168cgLmw0,5808715
bXSNcwes9R0,2663
bXJvAgy-b8E,51685
Bxbc4VR4cI0,485185
BWYA0CYJV74,483707
BWXClOrijO0,49166
bWnQevBxYYE,2236962
BwcDWgNweLo,810318
BWBS6w1kLKg,2054412
bWamTJ4QQt8,76634
Bw5fAQBGHEg,132518
BvoDi0PpFPo,4643371
bvh_H0LsXpk,1283073
bvfyGK9-PH0,305792
bvf5DlhvJJE,3744250
BvdplXxv3q0,115515
Buml6KaNlcg,3103905
bu0m_UdtoaU,3097268
BTzW1ol5vkc,97188
BTyhz6DpMi4,234707
btQY_vY75G8,132115
BTlRZGyTEHM,253074
btG1nqRLSz8,130184
bTfJa_Qb5T0,45947903
bTdsp9EV9F4,1197748
bSYNEkkuhoA,1984664
BspHjvU11y4,23837735
bSl9PfRX7WY,1539442
bSJ8mpWBVeE,5915499
BSitS67ZQMs,80644
Bs-Hr-gEJAU,321652176
bsgqSDfO9Ng,24386
bSFix5Q0y8A,2142
bs0BXAptu78,544240
BRUvbiWLwFI,4547752
BrrL8FHL25c,352353
BrqFTswejpU,4645423
BrlpU99lGzI,5217432
BrcBKpE9aQg,617990
BQTXA03PWA8,3294207
bQsLPQtS9f4,3028626
BQJ2IAkUGsw,21517
Bq9G7z3c0hc,233006
bq0GBNcwC0g,170719
bPZFQ6i759g,1497873
BpTFuBSYj1Y,10564
BPs_wtbHIX8,218191
BPQHG-LevZM,4166752
bpM_uqLecyk,974160
BPGspKxSMGY,555922
bPF1R2Wf61k,12484
Bp98B1KFf4M,214842
bp36yP-xm3Q,10848
bOZT-UpRA2Y,7642539
BoWDMxi1EqU,237080
BoT-6Z597Tc,51081
bO-s7sss0vg,600699
BO7yUdPHeo4,745735
bNuSXqpycIk,1670997
B-nSef8J524,116630
BNqRuomquHo,4557
bNjAGGFNDxY,289508
bnFaPCN85bk,242392
BnbqfptlJco,44230
Bn1mBRcQ9Og,13755
BmXu_dLxgIo,6659
BmqSkGEWDvA,19433
BmoeYztkzBg,566978
BMmYvfKS7Yc,258875
BmkSQ-_1oTw,6811664
BmJUu5GqdpE,4742459
bmE7p_kmvsg,3923
Bme0ERvp7w0,7811011
Bm8rz-llMhE,237607819
BM0c2CjomSI,148880
b-M_HHrvg_8,1074181
bLzqrXXR1ys,11796
BLJWJ9iwBeo,19253
bLBz6N2dk_U,85305
BLbmipYjHR4,46871
Bl2sg4URbig,149259
bkSEd5CGSoM,615017
bKk9VgxTLY4,6528
BKA45tJu9RM,52751
bK0TEqDtkK4,10479446
Bja0mPXv0rM,1024711
Bj796-0HDR4,189481
bIvFhSL50J0,437813
B-Io3MoRO3w,90086
bILf7MfRf-k,9176
BidS_rcf7UU,299229712
bicN2JBRc24,51257
BIa24aOCYak,644617
bI31WqFDxNs,15821015
BhxL46ykB2w,43822
BHPa8x-2iuw,510628
bhHAzUcCU3o,10222
bGW2eZGnznk,2478281
BgR_HJ7aGDY,48709927
BGOJfnp40h4,3003
BGgPwJxAdTA,70961
BFL7u_EZU3w,428974
BFkTu8Y1KLs,19889568
bFIB05LGtMs,570173
bfChLrKb4WE,168834
bF5qctebcVc,521514
bepFvVY9MuM,289125
be6cSuicB2c,176181
be4EY2CH2dA,325131
BdwJ0uXIV_U,4188906
bDk2gdRWB0A,22384
BDhBBAnSZU4,1245956
bD3k0-W5t5s,36636
bD2T_YuVhrw,1998933
Bd17-v8DIq0,222075
BcZTeKvdeRI,75544
bCys42hGcoc,3890918
BctGZyN3tv4,28504
bcSFnVQg47o,555150
bcmJ5u4Ord0,475843
BcEhlXQfeSE,11837
BC7RkUQjUKc,1998310
bc5BnTYRgx8,24001405
BbZwk1FZ4XE,118247
BBYCVYqS4T8,403250
bbipJTTstTM,8091
bBDk3acUtNQ,687066
bBbDCS0u9a0,438031
BAUDFaMMAWg,9606
BAT477KNGfY,409452
bAnnrjVIFzI,7809
bAhxSr6yY00,1338920
BaDHavq8W6Q,278726
ba9zAwXnY54,168469
Ba0F45y4D9s,296434
B8DpuJdBmZY,305445
b7WdayQ2HeU,533686
b76Ln35cHDk,217391
b6nV1heycCY,91847
b6DPdaGTTRg,557511
B6au87Phorw,156603
b5Vmaw4I55s,383630
B5vBuijQgfo,168533
b5L6Bc3MMFk,2864404
b5itO3Md1AE,562499
B4C10LKAcZQ,13128350
b3VEQWXIX10,230431
B3Of2f1YzRM,479402
b2txBXQGjJ8,1123926
B2IcBO6TEbA,264924
B167VjLt_bo,10115
B0q44JHGYYQ,22437
b_lULj6v804,30499813
azUbCdcAeFM,9072776
aZp8DglR_8E,487490
AZnNiAl0YNQ,6292
AzHqv4wXghI,703522
AZDgH6LyiZE,68241
Az7Evhgbc7M,270443
ayXHGQtX-so,1950461
AyqCoftMjvM,1934004
aYd0YIlgzxg,697676
aY-0uBIYYKk,7777277
AXR-9tYJsOw,73412
AXM0d9UfkY8,49827
awu9I7b4y8I,573324
aWSQhP_ukD4,13009
aWIsQ3aTV54,20525
aVm5UsSjTII,23344
avh8Nb2GdKg,494696
av0zbCcbXL4,359420
auUvLsm8zhs,155713
AuQkjFfVho4,695165
Auj5tAzoadk,109291
aUCeQdu-lM4,216844
au8QGTiPhEw,7721137
AU5xSHQpbgE,256539
aU3zW0KDB5U,83070
au_Ab4TP6lo,241892
ATZ2UWflVQM,218737
atymeurvyAc,132285
atpU_6zbsHw,622812
aTMPc5INOHc,945844
atLL2Yzi3bg,2073811
ATLBlsndu1k,26443311
AtBUA4HLvBM,95426
ataGEEHnl-k,813784
AT6jS_X4NaY,559413
at1KGBXKSyI,206831
aswtMEpn1a0,1015017
Ast2Hm1u5mw,35998
aSozR1GKefY,3187603
AshvBTw5Z84,46554469
ashrS6GKcUo,8397153
asHFAPaiVlU,10967
ASgsMDz17SE,163220
asDHD-wN3BA,2917216
arXusSmobfE,86576
arvCGPBSixA,9785
arPFr2IkQWU,116610
arAWVdxkD_4,412422
aR9PM1Hj2fY,128343
Ar8u8HHGpv4,1246512
aQKGkdvfpaY,3426
apwYMFh2_PM,167970
apRvFNM5Vps,361924
AprlXwXJo4Q,30393
ApR772WW1iw,306211
API_sR_IpbE,49029
ApBYaX7EY-M,173805
ap9JqXgDLKA,169432
aOXk6usydDU,254453
aOTh4d2L9t4,143618
aoPP6tRYD4g,165039
aoo-XYANh2I,543477
Ao9zUac9VkY,242339
aNXN4i_Sn1w,1013228
AnU2p6Maw6w,52659
ANO8D6GdAh4,618316
andoSTM_ihU,412564
An7KvQrofcE,5465
amnlAK5hJhM,626108
AmLiNgwdAcY,397587
amG0MQvvo6w,67045
Am6NHDbj6XA,40428066
AM_ijxzt3hY,399628
ALzHBOnQOC0,63458
ALXiloyym0M,1568012
alum_EIfzn0,14820
altHQp6NMoA,33026
akZkOb_g7qo,253945
akv9jJlYwcI,1147154
AkUgf2jIPyI,2660872
aK0s7LK9WkM,606377
AJvSZr96vTY,5373263
aJ-V590zXPc,58508
AjTzoCYkIqA,35220
aJI10flBibM,32152
aJhmfPZ60DA,118024
AjGQMM9-YVg,291956
aiZYzq0MtL0,343729
aiWJ90YHjbc,8175
aiuqv564v8g,9892
a--IRRuuwbE,514098
aHXCm_QL39k,388208
aHUmy5PvPjQ,46678822
AhPRROnPvN8,173874
aHDknYXnw8w,11553
Ah9mtoYrXfg,3407451
Ah2AceojeLk,4389
AGUHfHwH-DE,39157
Ags38CisHog,43503
agqD8aupf1s,66342
AGPMMAjBt6c,934099
agnGIJlcQgs,238010
AFW3E__PruI,50824
AfujSunm7mw,15493
AFOB6NRugTA,12331983
AfFX2J3MkoU,7667
afDZi9I2tkg,2004334
AFbIFS9PkvY,3292755
afax_Vpe6XQ,121465
AF6z8-eOZxM,985204
AF2O4l1JprI,1679357
aEvItEpMly8,1439908
aEq08BWoEyg,131867
aeNu7tt2E3c,130757
aEM2kOrrNJI,53090667
AeL1jubdEZw,96041
Aeful-nI3ao,6127506
AedUDwR_TD0,131170
AebsJPV2ZYM,2169515
AEBB8FpPZwo,7827
Ae8huV-T1gQ,100826
AdTCSCreUTA,365005
adrQcRwqwwk,820231
AdrLcOlqmVo,116818
aDMiWI2EOTs,37927
AdlCk6UgZLU,25262
Adg-A5tY9lM,1426681
ADEn6Pyon1I,2926
aDBMVKtcG2Q,1393107
AcVLMtZglhk,26330
AcS2aoeSSKg,5014348
acpqOUqHCeU,490268
ACmroZiNrmA,1095020
ACI-srWORZY,1004994
acGSWmLiKC4,61069
ACda_qqgF4Y,363490
AcaGVrt6jlQ,665724
ac4IbzPqLcw,38617
aC1_55Ifr6w,25117
abv8LlYBjqA,37431
AbS5X0amW9M,29323
abQZUEHiY_I,7316
AbfqK_-wg7Y,146158
Ab5aV-wekP0,2926039
aavAcDpbjkM,172497
aauT5183_Y0,34410
aAUQwXW0m7I,21616
AAP-CATczV0,9852
aaO-mmm03LA,39920
aaAyvfLpViU,3912324
A9QDgSTVhyM,2483070
A-8N_RyDlR4,1205311
a87btDiR7YA,82993
a7JQzSn8Ptg,9161222
a7D0q7xwq-k,54176
a6zM-jOPEqQ,132233
a6Qoe3F4Ibs,11632
A6fyRilq_X8,59789
a5v-2Qa69K0,268694
A5QjR0Z-gWU,673213
A5mLC8oKUEc,7299
a5bWbyw2bdw,763547
A4y6odAa2F0,69989
A4woiybs_Hs,213577
A4uzQabjtLE,242354
A3U8O8Yg76g,766089
a3k0p1lOsuk,332513
a3EIDwdfdQc,198568
a30ZOQscAcI,15126
A17_GLxFF90,1382729
A0sM0oPp5mk,23795
A0gRHq_6Xa0,1140399
A_N-gGy-ORs,2826168
A_EmgT2lz7k,6579
A_9f93tIMh8,126012
9zUHi8ON6PI,11601279
9zFLxKvU3So,154967
9YlO4wLatBM,213197
9xXb-0b_IuM,380853
9XaUPRA6ZAI,4815850
9wfx7EzxUIc,8161655
9WckC-6Hc4o,6229996
9w9FNtpcBjU,211086
9VJ46xvxlhE,122989
9UXehF_PDXg,3330
9uE26-rqVDQ,388085
9UDQmNCPf4k,23276
-9u52fsYRkQ,41554
9tz_sP9MpmE,420071
9TUBf6l7FBg,38740070
9SYsGet9ul8,13452
9S9O2T1B6xE,19671949
9rYBTegfzBY,139179
9R9polnSmyU,74185
9QojtREFuFU,29189099
9Q1WSQ7R8U8,2290047
9POblaMln4Q,20394384
9pfjrlYymuk,157688
9Otxt5fXS5M,637036
9oqkJlRDdfA,1558066
9OJVboZ3sJc,10598
9NUBYNqNazM,2935571
9-NU7yOSElE,2815525
9nkiqSX9h1E,86699
9NC2saE5MbQ,14081659
9mwNVKxKu5k,1326581
9m9oO84Q2fk,122428240
9m50v0718Vs,724951
9Lz4YgPHrKo,25492
9k2sr1CA4Uk,78577
9Jc6Ml3BoME,115399
9IzMT6pOgI8,653196
9IV13gJ811c,643754
9ijDB9_Vjmc,6407
9hWnbI2dAbw,1839833
9HRGdgkKzOM,257225
9-hPvngJNrs,3053092
9GZMX9XBb7c,35606
9GRb81n7euY,257761
9FSnKxvqGMU,70957
9fKALFSxX_Q,3700824
9fgNLmh4msA,1498696
9FaxMOL7lO4,449197
9eNC7sME5lM,118579
9DqoL35Lspo,541665
9dD2pl3mzow,45032
9cOvhuGcYYk,1771000
9cBMAOWednc,130815
9C4u3Byi_bw,140017
9AAgNN23k_Y,24291
9a0EiOE8OiQ,178914
99w5BCDleKM,25802
98Nr51dd7mU,95696
955Hg90OkjU,7655
94My_TRwWRQ,79077
94k6kEVGZzg,14569708
94ekHQZQ89M,145171
94D6NQPT0XQ,99273
90KU5GtAPTg,159273
903QDFbbeww,2506922
9_uOHwKTYik,6792
8zSRkr1nQNw,41247306
8zoZpcJgw1U,19061
8z-iiyzchzE,4628
8za_4g5zCOM,828677
8yJTsKT5aSY,7724
8Yg_esdb8U4,51222
8XPrQVoc6dI,25301
8xc0m90JtLU,110801
8x8SlG4pKuk,3635
8x7UtZKwfHA,15071480
-8X32zNup1o,513127
8x_yal5th6s,4173
8Wop8U6ok5c,195589
8w3gL8qPOig,1754008
8VxofPqi8BA,36438
8vCn190ti9U,5316456
8V_McbM6DW4,390136
8UQEflSb6kQ,2992
8UJ0DjBQOMU,333711
8TKPzVNLViY,146023
8TH-8xJDWLI,113122
8t4CSM11930,10438
8SLbbywPZVE,18431
8qz1okKV4_0,42813
8QJzBqByzUM,15079
8qitxIJAdLU,223808
8q1VGptW_oA,623924
8-P-sAYBT-Q,250050
8pAvJF6ukmo,6283
8P_-pE5PSoQ,303437
8OpvyE2Hobs,49562
8obPm-Zkj_M,210624
8o2yaqECGc0,65600
8NoLdPm7Al8,404002
8NgKZ9fEoVA,32679
8mrlP6Eaxp8,102867
8-mloCL49vs,16818378
8MeBSUxfauQ,107117
8m4O4xnLeoY,412181
8KW7DDfXx9U,76364
8ktvlMD-O8M,134526
8kQDAbE7Gx8,1173870
8k8jYlml_Ik,20689
8JxvP4bzvFA,18201
8JrkJjNKIs0,19733
8jPSmOpuq94,72331
8jgLFvWWFDQ,877996
8JfMdhrbehY,13940292
8IuEZ5l7VwQ,750879
8IKbTHOeBCU,27957
8IdJCVD6ze4,102826
8hYTPl7MkiA,4036160
8h--kFui1JA,208730811
8HgybmaEvFQ,474031
8g-VjqONplA,2983132
8gPUNOhsp5M,54207
8g25pr9jrnQ,572620
8fbyfDbi-MI,79248633
8ExgCZZF5c8,75574
8ErpN1_XFYA,10982
8EkIKtHQz5Q,868744
8Eio2RK2rh8,334143
8DY-JJASYcA,100210
8dWaDiMvY7s,42227
8diVDS4qW6I,913848
8DFpsC7VrpI,1313816
8-cYttwsTz0,263177
8cxfxujQI2s,2145989
8cQGzbu98HU,2067995
8ClKOv48UBo,62577
8Cgy39KP3N0,730412
8BXdwl6ATG4,76567
8bNu6Ktj858,8804637
8BDmhTh3c-g,247148
8b6dUkeQQMg,43434
8b--4r5-jIw,244974
8ApKpqgZDbs,6916
8AB2Uu3Dq0s,2851
89BLQbz2Qf8,5314
88ZuNZDZEvw,3939437
88K-Ah1DUp0,8719
88-AWKZzH7I,2296519
883Omd2YqXE,2108127
86ysRAffCpI,10867574
86sFN_2kw5k,115167772
85O9M2EFTkE,44066
85NrYd3m8BM,20758
84XbqptJD9k,341551
84Lj5v6HrOA,1136349
84LAkIevfZk,320664
80aUCMFohCE,712947
8_cw0qT6Ybo,496926
8_942GMxf98,292749
7zccrlD3M9M,216931
7Z7xbelZI_Y,16806254
7xkPdmPjplY,592309
7XBuexwNyUA,558773
7x-1n4cqG7U,237345
7x0S_ob3h7E,877692
7wNy9QrY4t8,492994
7UoP9ABJXGE,14837750
7tm6bhXE5mQ,5585012
7snvaAmSHo8,5725854
7SAisWFutbw,3279956
7RVCdNdUjgo,235208
7QXssPVCCT0,167197
7qriHqE3XHU,3907
7P-PNa0bxQg,4741034
7PmUtmfTmbg,29655714
7PB64c237QM,314485
7oSwWJedjbc,135931
7OGvlKUtZB4,117683
7NzT26s8qZs,30907
7ntjq6Co67E,40645
7NRl9Dm7Q_0,426880
7nQyBdJVd_I,73729
7nAZqPqlz1M,491487
7n3pP7-O2Xs,1847
7mz9UKbGyzo,3872700
7mXL_xcPaA4,289508
7mxb-a1xTOU,156019
7mpABg0ntV8,190134
7m9dAbmtchQ,1026845
7LXLlngIjHU,241848
7LnZEmi6KXA,6979347
7KolfbvdcLI,1220592
7K8L0SaD-dg,1751201
7J3LhLvKGrc,2081108
7IS-wPfdIG8,6713934
7IfFxocc3kY,1117711
7iemlWX_wI0,1807382
7I_U476cTbA,569052
7hXLTrQmoEY,4981164
7hWcnKVEGn4,19008
7HRJaUxUQxA,2222389
7HGCE6-LMBg,39434740
7gg_6jxlpDc,450294
7fxWWpvv6Q4,47873
7fuGvyYZ9wk,132521
7fgZD42pGDo,742629
7fEhif3PsXI,297608
7F8nk8Wp8WI,4959
7EjKQdW8yFw,15734
7EByMB51EpE,6474
7DTpFz8QJoM,782854
7DOk1KMtd9M,1483411
7DbslbKsQSk,24132222
7ClIWeGAWWw,96004
7bH51yHAeh8,16366
7BffChqYEPo,141852
7bCHs672sAw,6447
7BakcCZemXs,210759
7aRxsmfBDI0,3463884
7a8jBxovU70,202875
7A7MbP-MQRU,25183
78SzvIF5qa4,12758
7-8EmrquzVA,51385
789NKyQHFh8,329685
76hhB7cnnME,5228
75mvPqnu9d8,1115587
74q7o-l3sxk,463861
74pX6-3u7uE,1079231
73X4It_ziP4,272208
73FJ4rfAKL0,581757
72GrDE1zeKw,64676
727zbzhck_0,103199
71X7a8eu73k,10302505
71Es-8FfATo,125952090
71AFCDqpJFI,326442
706aMBYQkME,986161
7_C5v__scfE,159713
-7_ATlZ-zMc,48431890
6zz0YUY0-QI,309206
6ZlnmAWL59I,292708
6YSyGkvxSqw,662143
6yr5gT16_k0,217502
6YNZlXfW6Ho,475723165
6yhVuyE0e08,101298
6Xw8i_N5ShU,938269
6xoSKotMHng,2952
6XfZzqh1kws,280907
6wixAPZKR7s,116529
6whjAQ3Q7_s,33876
6wGj89GE6aQ,11926937
6ULbkqAuo48,418366
6uGQ_ypTw08,88673234
6u0_tD2XewM,1029915
6sqfiBoksqw,4558752
6s4Yq_y2BFY,37957
6rwuqarFZUc,166633
6RlQcWrbPl4,771854
6RCoUYexrHg,129777
6qLUFxwwErw,470910
6QCF8tVqM3I,625116
6QAY0qc0u-4,100356
6PuOFUwqoJc,70712
6phhyKQQDVw,279333
6PcDPCUUeb4,50586
6OkByoPMOo8,259853
6OJ-ZzimP0s,301755
6OJTr6CeXk4,6319
6O2Pg987mQk,10361
6Nxk2zldFbQ,3621
6nuiH-gzmIM,2972657
6nSUQb8YGaY,183771
6NlPMPYWzDg,3540
6nc2adIb51E,6558
6mYFtDLKVEw,38345
6mkLWGy6Y3k,2574080
6kVkfbK3ELU,19018
6kUCDT6tG-Y,17155
6kf-DGnGv7g,38013
6KdANAT63Wo,26005
6Ja8DHXByqk,275560
6ijnv-jNhUA,3272243
6ia8dZnUh-M,6066773
6HTggNxOGWw,104755
-6Hs7ayaSaw,32402
6h7psEH0AGk,95787
6G7V4w9bqJY,5597727
6FYXWS2AFcM,3209616
6frT5wN6f5o,139735
6eF59X5auFo,246237
6eBLMDVkcxo,158725
6EBCzYq9DSQ,1317122
6dfFf3Je6ys,44328
6D86fOl58iE,2843
6BF7IWpaZoU,1814385
6Bbvl_MjSHY,142722
6BAQtrbK6d0,41885
6b5DBQeh1cU,301426
6b_niiD-xiY,3639
6aBMlZFu-BY,31172
6a2bHgANVro,2232573
69Akkon2ciQ,43159
68PyBpxcpWA,78817
675huVVM_10,1887333
66VxjEgCS3E,93341
65XTRkeCOTg,558674
623Z3GC2Mmo,1122903
61SE5nVL82o,6015
61pkitfytRs,34844
6_Qnc_P1xMQ,269489
5Z2p6Vo3S-E,410310
5YVoiSpnXJU,126514
5YP8oadAWpA,10639
5YgluF8VTWg,9043088
5y3nN0mD8_4,38592
5Xto50rT_DI,5994
5XqmMwjnnTU,11735
5XLkPLmKrL0,32213
5xBS6LxsIQw,13244
5x9w49y6mz0,122953
5wX9vrxUJ78,153440
5wpI_Xojat8,7975
5wKh99xBLgw,1052389
5WeGNZgmIxA,7361329
5w30XgACSAg,1005429
5w_XWFajGvI,520162
5VGxDEh3F0g,1373553
5VEvuGLguvM,49640
5vC_N5bD1Q0,25101
5UwjIy5bDCM,56070
5TkalDZ7mtI,4549
5t9fbH7yVOQ,5464
5sYoZZEFNYA,260987
5SmAinYwkOA,514744
5SKHxWlg9Cc,648136
5SCJ21Gqb3o,561266
5RuR-ms6Y5I,299719
5rOL5O7YFQI,1027775
5r7bIXuGrlw,14533
5qPrZ-6ZChg,104017
5qmXGQh-oUM,1011432
5QjqbJWNQZ8,5797
5PR3Hn6cQ60,14075123
5POae63-8cQ,13275
5p-MHALEVTY,78950
5P06IBig80c,43548
5OwRMmVsUHU,20656
5orrZxSjLQA,22811181
5nun8qvVWc8,292306
5nD_gNcSCrw,217601
5NaAwSpswJE,3910718
5MJpurZ9ShI,1241302
5MjIk6reuqE,143512
5m8W9Qnq5mI,151347
5lXEfKf_MAE,207060
5l3In3mfnAw,6949
5l_D9c6i8DM,204457
5JYqTSSH6IA,5189509
5JxqSNpB6-4,125187
5Jk13pu7zKs,215844
5jBhmiq9ZlE,106559
5iPGis0k2Yo,337650
5IMGDaqgfzc,9752
5HwvcV4UFbQ,176992
5hNMaaM7Log,6604272
5GHXEGz3PJg,177118722
5g8fE_o1ASc,127923
5g2UZr5RGgg,17839057
5F0UeG-Lsxo,206594
5eZvAKJy6BU,353660
5Ey1v8L_pEc,75166
5ek2W8hUvGw,12797644
5egJEwwIcuk,5753
5eCj9StLVPQ,631651
5DpvCOebmo4,1404108
-5chTN98WN0,10571
5BZKBchoZ30,1736172
5BkRoshQKpc,111096
5b1qspICid0,597654
5auYwaVOmj4,20541
5asNqv1u0oI,898903
5aEtCkWJ2Gg,2426
59xJ2qxKe8o,711414
59Wqsj0lQ84,185737
57nZ7LaVAH0,9708648
56XbwQ59GbA,2808973
56ewGBKdQ0Y,603334
5-68CTpYtIs,26670
55oRa7u3dGo,735182
55aZh6pOHGM,29031
53MMklb-sUQ,419119
532MxrRNJcM,11374526
51skKoJIKMw,358109
51r5VLj73pM,10600
51NsxPMXaqk,130160
5_NtyA1SiPw,2231153
4Yy-0M8BzbQ,379479
4YHhMz4QASs,364093
4-y_QUlaCJY,20847
4xS0QZsCb9w,52424
4XF0FSWqZcM,55076
4X1Jqx6HaQs,11628
4wJwHLWDHUw,5752259
4wAu7KaMYPg,2349528
4vY_HsPmIX4,40363
4vm8HBJX8dk,16554
4UO9E3Tb1Qc,803656
4txf50mqhMg,136565
4swif8r4z3Q,1491799
4SMMf-nvg7U,1082550
4SGbmahrw3M,187411
4R4YL5f9U80,37673
4QRHef34UiU,7781
4QAkdymQb5c,504284
4Q38euqDJaA,3261097
-4pwKFtdKgI,349611
4pGqb5qJB8s,360659
4PAAaFNEIXA,32426
4P0Tcp4uXdk,1621801
4OuQxk5-jNY,243128
4okp6jgPwQ0,8596
4OA_2x5FNfU,1660248
4nq0tT_SAD0,29757853
4msQW6OUPmQ,819830
4MG35bk8bbs,217948
4LqZdkkBDas,1791467
4k9bXpi1tU4,42171636
4K8A3WJnYkI,169396
4juJXyLX510,32167371
4i6ZNrGmjcA,126977
4HX6R88QZB0,22919124
4HWCZDUQAMM,238129
4hQRFSp7m8I,62305
4-h7AMClI0g,210021
4GcU9LjuVOo,426475
4eZxvnmnrvk,5522193
4e95xV2cMhE,23274
4D0gImMi02Q,41628
4ciwpi-8f84,926157
4cfoKV343ew,1010267
4-C4fGNVhwg,1382024
4Bwbt3nCXqk,2641
4BQ-JqoTTBY,685028
4Bq93YdgI60,58458
4BHBcsj7mKU,482817
4atZDLKlHJw,167042
4aaDc_mJ_5M,53843
49W8bOJUGVQ,1499298
47kbnGyZrEc,177872
476ji-mhUhg,2241792
46rOzctIXX8,33166
46QCjuzqp7M,33401
45WAhpRs5Yo,379172
45tSUnisIos,1376170
45GaTIIdL7A,846650
42ZE4DCJkEo,21241029
42q_QzozuuI,291331
42o0tcaoCao,155873
42FRgdjveGU,15716626
41ThRwO1mDQ,215540
41QTrSsLuok,2999488
4_MftEvuQTc,2080320
4_jkeWgtZ18,3436305
3zwrW4r-bY4,218404
3ZnMxabk510,123747
-3ZdI0JAq2I,153425
3Z8sA8VUnRk,2753592
3z3OlgndskI,31311
3YWONOIRNg0,3701062
3YWgrIcp4qQ,203610
3YMQxmNWVkI,107307
3ymJlfxU_dc,1787950
3xphwBeQ4cQ,151749
3Xn_zts3HPM,124738
3xlqv0LLacQ,22331
3WrupYPNFkU,171074
3WmYvvEYZvg,2527
-3WlpoJuII8,9103
3WlhLmh7uiQ,12435175
3WBXSUUTODU,194545
3VQPKe4w_O0,48163
3UZQoZx-0SA,75542
3uRSDw6sawI,177503
3uLXSGTECJc,2122644
3TZriA5EGKU,32561
3TsZfNzzxIM,9833654
3TIOqgFOq0A,359313
3TCcDE4fi4Y,104674054
3t7o0mHRt2A,62549
3SqtO2VXsPI,430591
3sj9qbCQ3l0,19013
3sdhucgzWio,4661
3RKsPYaBDs0,5128528
3rK4GKlJm60,437750
3R-E2U5Orf4,1504824
3rApMBPh15M,1132044
3QU2Vvj9st8,2465894
3QMKdZ1D_4U,421272
3qB0fwCwvX0,312343
3pg9pUSIKtM,660161
3owpHUbyvzc,1159893
3oWBH6QEySg,65204
3OrLH2A1_YE,1012178
3oMNoTubmNA,122500
3o4MDP3563A,773456
3nPEkZv0-OU,25037894
3nKPXqiTy9k,122514
3N3c3ZX6hoM,98715348
3myUT-yR7cM,28989
3MU9h5wCLSI,591579
3mDDtCSC7fU,42353895
3lIwWs1dkdA,3059643
3LfBvHsNB3M,128845
3KZx37lcSfE,557173
3kvjACTjN_U,141614
3JSh0hGA3_8,26946
3hurQUvEHac,69454
3hd6UJk4yHQ,7250
-3h4Xt9No9o,3408965
3gZQOJxptyc,233736
3gsw36ZryqM,126532
3g5O-kT9m8k,11042372
3fPbWYWZ8gQ,20683
3eY394uqk9Q,7195587
3ESzGBifAAc,112639
3ESqmVFVC1Q,90294
3dO497VdkSc,291554
3dkR3quv0Og,14648
3dckH70S_o4,176969
3d25EBfiNns,13645
3CdpaeAE9p8,229435
3byMRDQKnzM,38138
3bVJ_Wf2RcE,7223
3buv_2PfMa4,174916
3bLa6M2jY9E,151962
3BdpPCcI91g,95216
-3b2Fov6iQY,45163
3b24Q8Bz7b4,11612383
3aSIX8SZo-I,76996
3aMMshj-nJs,462370
3AjHvtUhTxs,3116451
3aFxvR-EVxA,45698
3acymP-ZY0Q,145608
3A5BJj78QA8,2259
39y1BFi_iA4,713139
38wsRavv4ns,1659004
38ScUpuO7v0,7902385
38dVWh53jXY,170456
37StRy0LEbI,3746919
37R2_bvJjGM,3478138
37ONBy2ovz0,5535
36tggrpRoTI,1397042827
36PDeN9NRZ0,390195
35YAia_IJ3s,759998
35hJIfpMAco,71073
35C_2GQtyws,474615
34VkCQHhdUE,348291
34fHgqmuzM0,149502
34cHO5_LX9g,61450627
348Fi-Iy2LY,7596
348CAkrGy34,67719
32mT4S2viGo,740862
32_kC-EioI0,1821052
31OMf1H5Rk0,564026814
30HOemteiKQ,2355066
3_dnepWDMPI,1063568
2ZKyMkoO7ko,361633
2zC5AL7KJM8,394814
2YWyTROT7Ks,10154
2YLOoph7TTY,93550
2YhMqPuNnCM,263818
2Yfi8XxI6fw,1072019
2xWfck5Eieo,1877163
2XVJ-qVWw6I,376962
2XQPTtTv_O4,1525496
2wL2NeyR7_s,26587
-2w_b3FfYjo,8091
2VxpRal7wJE,1432782
2vxDqHrXLzs,624570
2vPw8QbzFTo,6698281
2Vp0J_nH41c,375445
2uRl5hbMhRY,17741
2UfZ8ThANiY,269998
2-tzlBFotjA,35202701
2tY1WuFbHq8,148128
2SN78FcSjPQ,5164307
2Sk3C2Glo88,693829
2sH9C2v7cg8,324907
2sDc5o3CvB8,137986
2s8daB8QFag,324113
2RpuGq1I_tU,160199
2qtTbMNAjUk,580500
2qMfchgUquQ,153942
2PH7dK6SLC8,39954578
2ONaKQxDMrk,41543
2OH4X_lUK6c,56767
2-NZPmF50MU,179189
2Nc21UFMizo,3302
2mxMntQ12u8,439155
2MCHo2uK_vw,31730
2LpiH6q1rIo,287101
2-kOXRL8pw4,434251
2KBvSXOc0rM,36959
2KAD-wTKxn4,6684
2k2yDzuA04o,304148
2jSWMme12ik,8588837
2Jm2BXpgQHg,874223
2jaA51GAX8I,262195
2IZDD3qepNw,32343
2isb4DfBg-g,1208231
2in8XqiElwc,40857609
2ImJCzGhAbQ,2639145
2IhCbkaaQ-Q,83473
2I9ZuOfnHCY,1046923
2hvQw_B2PTI,257823
2HpSqRPffZ8,4404839
2HjRnr3AfFo,59928
2GxGLeJW0TA,45040
2GhCUd6SQdg,850044
2GFdpi253X4,1346291
-2g4CBUTP5A,135755
2FJXOXSLc3k,341047
2Fdx4TcQFe8,1038776
2eZCxhEpFaM,43889
2ETDtXHwBDk,126313
2ee7GuzsV8E,118168
2-e3RYWr758,1133012
2byW16U3tmM,787587
2awTgK-tCvI,2742122
2AQw7OrDAMw,719349
2aqAuDdQT7c,136502
2aPpq_GZ6GQ,321492
2aONmsu0GNo,216529
2AdC21CNuBI,409547
2A_Y2qMEZgo,692800
2954-SBCixQ,265928
28UB5KzkvGk,303016
27HWkL0sttY,28672
279eLoYFGpA,1700426
26FVpbzIAWY,13245
25ofVzUkvPI,7940
25Jrs5ciPEY,16204
25ESu44R7Mw,2519959
24uZR7C4eF8,3241
23XuookSfX8,106234
23ILq4uxd-w,5127530
21vu6qj7gTQ,506050
21gbLE2USJ0,197934
20DPgRoyQn0,87257188
20bpjtCbCz0,309485483
202bce4x94Y,916933
2_Jvmt0vU4s,4078273
1YyxbNWN9vU,60362
1ys2_kcWlVk,79451
1YO2j_VYuHs,6278
1yNWIkDRr4U,28892
1YnF0TBJ4wE,26592
1YlDlzlTHZ4,760130
1ykJaIhCIWg,453541
1Y1kJpHBn50,1107027
1xvyVnkcgtE,2322124
1xvN1ZgBw5Q,854475
1XKSo2mFC6c,47303557
1WLIm4XLPAE,618158
1wIzSOhjioo,288540
1w3TvKhscIc,120345
1w2jGTQ1eEE,45273
1VWC5rlhr04,91033
1VnY6QILpKo,102450
1v7kTzF2Ci0,17134
1uSj-rxJtu0,67252
1Ui_nkYR7Y0,725554
1U9T8mqW8Zs,916925
1u5WHgvhqhc,412432
1u3xP7ovVag,4384
1U1u5aKU3AY,900087
1tvLIhEaEKo,757208
1tMjeT44JAg,39250
1RZYOeQeIXE,1899795
1rTg3Jl2qRs,65340
1qxksXmFHOw,41866
1qsRU7C_Gp0,7709806
1purAy2MsOc,16004268
1P2Ihk16s_I,2873044
1OOxSx5QZV0,370378
1obPlj-lna4,397201
1oAi0hoJ_28,2618652
1Nu_oGucpDI,28964594
1NM5Tb_KOYc,198130
1ndx3Hl-7ls,2910248
1mzYelCS440,3552
1Ms4koDDQ6k,1339920
1m39Ry7mgyo,275933
1LXXqw6AIac,32694
1lXLGwe_DUU,70448
1LvWkMIG-aM,873114
1lD9Y8HR1cs,486804
1L8mTXxK-fc,733228
1L6IVILEdps,121759
1KofiHFsBQk,358609
1kllbOrLfoo,974269
1KiBhy7Sex0,882854
1kHwMPKjDe0,763491
1khfKEd8018,589281
1kacM0K8DOg,465466
1JKGD3PpnMY,9207
1izunMw5G6o,31697
1IQQGxQI4oc,15934
1Ia5RR1uzLQ,111070
1hTLGlgZ4Z8,5465906
1hRj1f_Yvrc,6060
1h7KV2sjUWY,11082239
1gIBGIcBr28,260086
1G4XAByqwdc,34399
1Fr2qZGbVjQ,1256579
1Fef3xaP5Gg,7648
1FBDbOl59jA,1259070
1emyPmar0Yo,294297
1eIIUj7-wII,428836
1E7kYV7KDdc,364159
1dUPvyhYWGk,12496
1DtICsfIJpM,7638
1DRJKRbuqDY,29456
1CR0QmCaMTs,1467868
1ce456Nnkt8,46406237
1BThwqZtHSk,987887
1bRJDOzTv48,201137
1BQbOG9-L4w,7079
1B9dseIslCU,169490
19ZgFyAiJLo,291425
18tgsQEj_Jk,519980
18fxVZI3pd4,1158469
188yfjWBsKM,56101
173wA_UzXek,15955
15JHOKXGsFw,13491
1534GZXeszY,3267354
14wNmoAqPyc,150077
13rz0dWZMDs,244241
137EH-5jNLI,23158825
126Qz0RmFiA,237901
103bx_Waacc,72758
1_CarLAuBiU,50888
0zZ0Y_UZRBw,46431260
0YyNLjWjJ_c,84055
0y5ptWIDxhw,108845
0XROvoPCDNc,984661
0XJQ0o36wkA,11108622
0w6rnlRpwvI,206097
0VlfItmdxmw,3278336
0vCxtscHS8k,82700
0uukwNVEwJk,33817
0upRoDOG0Cs,10062
0ukQpPD0P7Q,1042229
0uEEklVBlxc,2275138
0u0ZHOylEB4,15923
0TuYag60_-8,82685
0TTOXLtSCc4,122511
0tID4qgmils,5116919
0SHo9NSpobk,5879
-0QvjiG4sYM,644927
0QHzX76Cn9A,7799
0qbuZJYTrT8,87981
0-O_D-U4YbY,559101
0ndumZPtVw8,267950
0N6mxM25ZN0,48119
0MV7d1_nC88,27222
0lVPq2OK12A,86850
0LSQepixQ4Y,243992
0lr497GhD04,12426694
0l35jAGQPOI,139000629
0KrFWsvWCS0,668073
0JqXITEsMy8,8478721
0jKeBSD6qug,4497
0JcNT6jYGwI,10044292
0JB4jTSFwdc,7233
0J5o-gCzlZw,79912
0j_zv3xU1Og,7344
0iZCPwrMefw,112619
0iOPz4XqVsA,6472
0IFHXWrSddk,3622
0IDhbweLO2k,353681
0IbvQB1F28U,4468758
0HqLk_ZbHmI,1956977
0hmhBU1Zmlw,833464
0hdnQ8EXdEs,26914319
0h9WjwuKiJ8,481837
0GGbHtKmobQ,219083
0FyAxoFAJbM,7613
0Fu-SwnuOqk,249225
0fokKxplkw8,190530
0fepqIO57f8,3980947
0Fb_1pubf5Q,139667
0EVKQ6eTRIY,93832
0euwv8NR5Bk,105814
0e7TcOFfGKs,3267415
0Ciy2I4L1IA,102969
0bCq0AwXSkA,141482
0aWESl0HGHs,255380
0ajDznH1jdE,439991
0a1mRBQnTJI,5275
09FaAy42iMI,4542753
094ndbmijKg,1135704
08zf-l3qsdw,84936
08Glvoo7SvU,109163
07w3u8iLa-s,5155972
06CMDDA4l8E,10114284
04J6WZhlNWc,208065
04aPsalAZQI,624442
03oexjRgfho,13249
02HnkH92b6k,158567
01FGmk6VCMw,597389
00pLcnkx7Eg,290000
0_Ay0zBns1w,2192763
0_6JGVdbUCg,47080
_zCDvOsdL9Q,113813354
_YTG9vTkhGs,146069
_YMhPTejspQ,1403265
_yf4la-ddmc,1312831
_YCEqYyRKqw,1696089
_Ybm_ZNLu0w,14518734
_Y1BS_tY7TA,2151801
_XYIqbLWVo4,1577504
_xPlm6ZEIDY,27368
_xkJvHy2MSk,66889
_wNZbgBPz1Q,6511504
_w2b9CMKGbw,75903
_VUQQ6aeTgw,560197
_VKn-jZNUEM,25220
_uyIp5C1N5M,289489
_UDwKkBxSC8,119700
_u9jjcbgMpk,83215
_tJgT1IHGOw,280846
_sMIQ-LCMsA,182917
_sLxAHAvcks,2728011
_rtJpPwsiUg,492174
_rPgJ_CgiZM,316379
_rLzmgZ61ok,61186
_Rj2KEuOAbo,129522
_qEaDZJAYWk,919354
_pP_C7HEy3g,4270118
_PgWto3hJhE,778686
_PgMjA4x3rE,18442108
_OkhHUXWNJA,2127058
_OC-rIHi1YM,24989
_nXY9NZfSMs,198897
_NWs7ntMRBA,16655672
_Ng7XrIFaqk,301297
_ng0uIVyAPo,2496706
_N2tsJ8p-Mg,79259
_lhibYD39Gs,433195
_kwsw07w8lU,8560647
_kU7IMlvg8c,150687
_KRN6cxGZvs,5918455
_KkGRT_4its,737592
_kbgrXxbP9U,1379834
_JzUfacvbtI,139830
_ji5z9NRLQE,105925
_j7z_oPTvJM,1864453
_j0tK9LQzZ4,43965
_iRBspjg2pw,3804027
_Ic1Jo71CRc,695544
_hrzEzUAGBc,361285
_hexaR2X1b0,5673
_H3OHSoNQUI,623558
_fObMfQnDIM,261208
_fEx1_2iJk4,86460
_ezMSaHr56I,185783
_E0eli9kcFg,3173713
_DKPFIYbexw,175541
_Cn0RG9xdxs,30666
_CcqjgSo93E,377621
_caOKmnb60Q,4449
_caLZ8DfV6s,417712
_C14eXiZQWo,977228
_BxMmAco3Yo,21642
_BQpnTK4tzQ,19782
_B8bNVPney0,134132
_AghmSP95nI,538716
_9gY8ovPyDM,4539
_7z85ipjSwA,108540485
_72EFFvDbSA,24963
_5orhzrRL3E,10408
_3PRT0msJg8,207528
_2YeWEhN1Ts,2178322
_2GJHX1iC6g,151795
_1LdMWlNYS4,10391415
_-1A-Cdq6jY,26897
_04DX5zOydI,6043510
